timestamp,traffic_volume,response_time
2026-06-01 00:00:00,351.21382965093767,39.683668113483115
2026-06-01 00:05:00,387.48138982688386,55.99857035720664
2026-06-01 00:10:00,538.8818910263714,46.73956650907734
2026-06-01 00:15:00,,53.17761425914463
2026-06-01 00:20:00 (UTC),611.2634305203302,23.851671987781792
2026-06-01 00:25:00 (UTC),492.8879709169664,56.90023477408571
01/06/2026 00:30:00,508.55947039445255,44.07995123702365
2026-06-01 00:35:00,,39.9474190820516
2026-06-01 00:40:00,577.2847838543723,36.62324722364142
2026-06-01 00:45:00,578.315988777701,40.80146342877388
,533.5054351912172,45.72137277650218
2026-06-01 00:55:00,556.4789105907648,58.88704586999094
2026-06-01 01:00:00,478.7910330079574,45.56289087974842
corrupted_timestamp,554.2203006909049,59.8272773053727
2026-06-01 01:10:00 (UTC),466.2122224526193,52.92151928841191
2026-06-01 01:15:00 (UTC),500.2231622162402,68.19325560404471
2026-06-01 01:20:00,,44.99076614821834
2026-06-01 01:25:00,454.2781460680804,54.13728395237226
2026-06-01 01:30:00,431.088820227821,62.4881412893262
2026-06-01 01:35:00,546.7690103858886,
2026-06-01 01:40:00,631.0605912813463,48.29711945186879
ERR-2026-06-01 01:45:00,617.1101971669559,45.12404620891152
2026-06-01 01:50:00,374.34346640545647,30.56337835919292
2026-06-01 01:55:00,628.9203051406873,47.60445956708459
2026-06-01 02:00:00,468.18414983820713,40.775676868105194
2026-06-01 02:05:00,560.0733015145591,44.582531754262796
2026-06-01 02:10:00 (UTC),409.3784667952789,50.516682491006094
2026-06-01 02:15:00,514.1979913874005,34.3890033375293
2026-06-01 02:20:00,531.3723182896907,40.071807036747735
,351.5395208080347,53.873518853799546
2026-06-01 02:30:00,560.826716634419,37.34986702083505
2026-06-01 02:35:00 (UTC),634.5935007838316,49.54790202911659
01/06/2026 02:40:00,,35.98320243995048
2026-06-01 02:45:00,636.0168130828013,55.263259631310035
2026-06-01 02:50:00,481.03065065475926,56.570994005785124
2026-06-01 02:55:00,584.9584531046618,62.34918370553291
2026-06-01 03:00:00,278.14300340489,62.45193288530892
01/06/2026 03:05:00,741.8777779313464,
2026-06-01 03:10:00,649.5458245242958,32.38316039308882
2026-06-01 03:15:00,471.5374495746321,50.020899312618134
ERR-2026-06-01 03:20:00,5401.625621116149,54.57917889036342
2026-06-01 03:25:00,,
,355.60744529262433,66.6275486276572
2026-06-01 03:35:00,544.4853537557487,1768.025780321242
2026-06-01 03:40:00,541.1565719164282,50.26203203586719
2026-06-01 03:45:00,405.8596830997975,57.4577975797225
2026-06-01 03:50:00,612.0967023614378,35.336046704612656
2026-06-01 03:55:00,580.5574702806174,51.89185691076285
2026-06-01 04:00:00,597.5823337288564,37.36191224292732
2026-06-01 04:05:00 (UTC),500.8857703668895,48.2094148889073
2026-06-01 04:10:00,358.44759330862934,43.21265086556225
2026-06-01 04:15:00,597.7872272211138,43.48791692384121
2026-06-01 04:20:00,472.9628600864209,41.8758769650184
2026-06-01 04:25:00,361.0219856807331,45.998610593102924
2026-06-01 04:30:00,635.2039365974326,44.28147429325681
2026-06-01 04:35:00,709.9407520502509,56.33307066130233
01/06/2026 04:40:00,495.8751871020797,47.35593224526438
2026-06-01 04:45:00 (UTC),715.9121154603292,49.544166786798385
,509.13147286113497,52.91073910495753
2026-06-01 04:55:00,461.9544095833649,52.87861765303596
2026-06-01 05:00:00,436.95415458145226,39.311304940069675
2026-06-01 05:05:00,663.7082407992742,47.35677071270726
2026-06-01 05:10:00,,1589.7314110180998
2026-06-01 05:15:00,573.5269309974988,41.191056122873704
2026-06-01 05:20:00,444.08361649407914,40.061693285217125
2026-06-01 05:25:00,453.9693237425637,
ERR-2026-06-01 05:30:00,,52.020247884892356
2026-06-01 05:35:00,461.9963153710646,47.061591381496434
01/06/2026 05:40:00,459.5204620579707,48.48652062970583
2026-06-01 05:45:00,613.2804697174807,32.198285027068806
2026-06-01 05:50:00,659.7397293221622,50.70912531016228
2026-06-01 05:55:00 (UTC),564.4689803284233,51.205880115843435
,434.52302243760505,52.63433567956944
2026-06-01 06:05:00,448.9391500702421,64.42143878407722
2026-06-01 06:10:00,507.99152637400374,42.40292821423721
2026-06-01 06:15:00,532.0930061925658,54.87753804660354
2026-06-01 06:20:00,401.21340898602284,53.34472702582671
01/06/2026 06:25:00,572.3037939579864,54.552816589191465
2026-06-01 06:30:00,508.5513329639599,46.895823643347065
ERR-2026-06-01 06:35:00,328.42916813618706,57.6350094859715
2026-06-01 06:40:00,407.107351753927,42.70645558663294
2026-06-01 06:45:00,449.5871326348336,45.30275107367774
2026-06-01 06:50:00,492.7142311158945,48.1479333560729
01/06/2026 06:55:00,688.9278795503997,47.70582537920165
2026-06-01 07:00:00,523.8171306139628,2566.7218742342598
2026-06-01 07:05:00,415.9228110101375,52.60291456258006
2026-06-01 07:10:00,522.0630804307164,52.688388479892765
2026-06-01 07:15:00,464.7912252546119,63.217509205024385
2026-06-01 07:20:00,532.4758239533542,47.92068859095549
2026-06-01 07:25:00,558.0567687035615,60.5622718698494
ERR-2026-06-01 07:30:00,620.9230647223937,39.35475941425164
2026-06-01 07:35:00,497.5713504329974,48.71716744263361
2026-06-01 07:40:00,663.8960527599834,49.329608781215484
2026-06-01 07:45:00,590.8022662536191,36.917223158595746
2026-06-01 07:50:00,,50.45026541734868
2026-06-01 07:55:00,720.9855665748464,51.15799266520657
2026-06-01 08:00:00,532.6994513270098,55.97344338595198
2026-06-01 08:05:00,416.4875496027765,54.821248501549555
,665.2913051230422,37.225217928551174
ERR-2026-06-01 08:15:00,707.7777585198445,61.959423904724545
,496.69747362804395,45.37544993912574
2026-06-01 08:25:00,449.63497396244037,43.95167841484619
2026-06-01 08:30:00,482.7625042546338,54.90258486533263
2026-06-01 08:35:00,571.47317275177,58.510618461252044
2026-06-01 08:40:00,627.7856655030514,45.27871230397255
2026-06-01 08:45:00,557.0487330863574,2991.377281421346
2026-06-01 08:50:00,510.172320847177,59.1113585886256
2026-06-01 08:55:00,649.8011770304428,40.69366908155709
2026-06-01 09:00:00,468.7163526948478,22.014089941053246
01/06/2026 09:05:00,603.0919338366907,55.37740749336062
2026-06-01 09:10:00,471.19372016487216,59.150084339237125
2026-06-01 09:15:00 (UTC),543.1022958010893,34.056672481885315
2026-06-01 09:20:00,488.64374352095484,49.79796091237158
2026-06-01 09:25:00,494.41478173471893,45.019590222515355
2026-06-01 09:30:00,462.26134825377903,51.286294296419314
2026-06-01 09:35:00,634.4854031180695,29.31544991646476
2026-06-01 09:40:00,426.7073961891465,37.32683403945994
2026-06-01 09:45:00 (UTC),425.97677474512915,54.48729889506651
2026-06-01 09:50:00,712.0993565845109,48.66779943492916
2026-06-01 09:55:00,597.7847564654331,65.04515862784379
2026-06-01 10:00:00,261.4886301306964,1465.7411550576508
2026-06-01 10:05:00,443.47412607895967,40.36988846453537
2026-06-01 10:10:00,318.8010662437946,57.194026287636305
ERR-2026-06-01 10:15:00,404.9309306584745,67.08429932974154
2026-06-01 10:20:00,186.14853337659605,49.27723186399118
2026-06-01 10:25:00,486.3010422306058,54.02807705416494
2026-06-01 10:30:00,385.80581808386887,58.25381005215236
2026-06-01 10:35:00,505.99052567964384,48.3317860518518
,337.4878741117475,28.84825409371121
2026-06-01 10:45:00,508.291185317204,55.55888292889588
2026-06-01 10:50:00,458.50837218796727,57.997571119439485
2026-06-01 10:55:00,650.1952965188595,64.63159578326315
ERR-2026-06-01 11:00:00,641.1356861745625,38.99759448278413
2026-06-01 11:05:00,578.5345603010283,
2026-06-01 11:10:00,467.33862193387876,43.109218667235595
2026-06-01 11:15:00,698.5380395260294,48.320861159645006
2026-06-01 11:20:00,344.6964722160179,55.38399357639552
2026-06-01 11:25:00,359.64413704363375,38.78899706968046
2026-06-01 11:30:00,491.6216900110935,59.49255732462845
2026-06-01 11:35:00,725.4038108921119,58.98800354882869
2026-06-01 11:40:00,,59.273728639132315
2026-06-01 11:45:00,481.67547567907184,46.89678412766646
2026-06-01 11:50:00,355.80896438881905,27.649848796080345
2026-06-01 11:55:00,594.5929585270378,66.01280713483948
2026-06-01 12:00:00,,44.07112130849493
,578.907520139991,57.176152856728045
2026-06-01 12:10:00,437.0779327152638,51.216819265099275
2026-06-01 12:15:00,429.32932316269944,61.287340209433495
01/06/2026 12:20:00,370.6877749595029,49.487058890675236
2026-06-01 12:25:00,508.38725017609335,50.68771746989692
2026-06-01 12:30:00,,51.799111320301826
2026-06-01 12:35:00,382.2583494750711,
ERR-2026-06-01 12:40:00,457.6309283089324,
2026-06-01 12:45:00,451.08438248157836,68.75626224180135
2026-06-01 12:50:00,446.2021471178045,49.29323115368182
2026-06-01 12:55:00,546.6444596840262,55.7508396676633
2026-06-01 13:00:00,507.9047802150279,1010.6943750861203
2026-06-01 13:05:00,471.1843969488882,49.921538661638934
2026-06-01 13:10:00,518.3012928311482,40.039660431997355
2026-06-01 13:15:00,400.8472958895368,39.72184994685514
2026-06-01 13:20:00,510.5278623909678,45.502620588691585
2026-06-01 13:25:00,515.0602492844633,53.333470059662986
2026-06-01 13:30:00,349.69531406425193,54.37913539320233
2026-06-01 13:35:00,599.5693754370362,61.29862406769675
01/06/2026 13:40:00,411.85662947730043,34.63375551092283
2026-06-01 13:45:00,509.0309799206435,52.21702292585653
2026-06-01 13:50:00,616.441174053527,56.15673709467024
2026-06-01 13:55:00 (UTC),592.5676757713869,2243.009765307207
,503.43333885688355,25.831404261099106
2026-06-01 14:05:00,,46.28018328963354
2026-06-01 14:10:00,594.7511908575567,58.137234876229655
,567.469497780862,41.875435190508995
2026-06-01 14:20:00,438.163497995587,38.13708984189273
2026-06-01 14:25:00,420.51063529983094,55.6389932168256
2026-06-01 14:30:00,292.7644818304002,52.991678607527696
2026-06-01 14:35:00 (UTC),515.4031841683587,52.30492309709692
2026-06-01 14:40:00,491.7302254981601,43.537015309200996
2026-06-01 14:45:00,613.6191374642542,36.85333617728166
2026-06-01 14:50:00,535.9055093480366,59.49442675563213
ERR-2026-06-01 14:55:00,633.422919417269,83.37381912482306
2026-06-01 15:00:00,430.2635772083829,
ERR-2026-06-01 15:05:00,613.8150330967618,60.20231801370717
2026-06-01 15:10:00,447.10836208953447,48.28778381253739
2026-06-01 15:15:00,577.7596061792273,53.17155712429637
2026-06-01 15:20:00,354.12416074693067,49.402716708967056
2026-06-01 15:25:00,523.5135299366189,71.95215588401614
2026-06-01 15:30:00,301.531205855409,41.97957215624255
2026-06-01 15:35:00,473.28625140582454,43.985532483799446
2026-06-01 15:40:00,544.0353993877914,50.76178591062323
2026-06-01 15:45:00,447.90314487689045,55.67456843952323
01/06/2026 15:50:00,394.9562371244033,63.34914868709758
2026-06-01 15:55:00,584.6118469295934,54.91651574697782
2026-06-01 16:00:00,9716.902392284406,52.25495853664527
2026-06-01 16:05:00,451.04293529693285,45.58243980229837
2026-06-01 16:10:00,504.1895921154277,55.12446170131429
2026-06-01 16:15:00,763.6669141945588,
2026-06-01 16:20:00,615.3502849781544,52.020678601557485
2026-06-01 16:25:00,616.257366818784,47.82023094419447
2026-06-01 16:30:00,543.5546318992364,40.17439060723937
2026-06-01 16:35:00,516.6485272577147,65.58671083954863
2026-06-01 16:40:00,260.3917711669584,40.20344181748635
01/06/2026 16:45:00,432.1019653536868,46.06060385740278
2026-06-01 16:50:00 (UTC),451.94255867975255,34.150863307870196
2026-06-01 16:55:00,312.5107935952467,48.32037843238672
2026-06-01 17:00:00,384.2584209784566,54.335744624532104
,301.9163529077366,40.93294426405211
ERR-2026-06-01 17:10:00,496.16761643026274,
2026-06-01 17:15:00,581.8765970848816,46.24975027047702
,610.6774518624329,48.433034489200764
2026-06-01 17:25:00 (UTC),541.4784462079241,47.64813307325627
2026-06-01 17:30:00,403.6603658801431,65.85227268902152
2026-06-01 17:35:00,306.79348414800404,53.34932671140762
2026-06-01 17:40:00,6770.294643478219,52.564209095420985
2026-06-01 17:45:00,373.10174227455013,53.29946682488661
2026-06-01 17:50:00,411.1140301964325,53.23583505880874
2026-06-01 17:55:00,484.0251502008413,45.56815131372859
2026-06-01 18:00:00,,40.64426024800596
2026-06-01 18:05:00,,74.71384049477336
2026-06-01 18:10:00,476.7726497200527,48.53797490947775
2026-06-01 18:15:00,,50.216258653241475
2026-06-01 18:20:00,614.0250552671205,50.45267643345397
2026-06-01 18:25:00,5750.680066082083,42.43002749324558
01/06/2026 18:30:00,541.8704578292368,51.78458632848072
2026-06-01 18:35:00,498.6026771523927,37.21031076495896
2026-06-01 18:40:00,466.6513719030305,57.15912464250295
2026-06-01 18:45:00,588.525632086596,
2026-06-01 18:50:00,587.9014154557008,61.28243853383209
2026-06-01 18:55:00,405.35092040115717,55.17364577840502
2026-06-01 19:00:00,481.7839416142076,53.937628250329965
2026-06-01 19:05:00,528.1211682584066,42.06240479321337
2026-06-01 19:10:00,472.69932519774153,50.70192871133573
2026-06-01 19:15:00,558.5021332287798,57.55598195558011
2026-06-01 19:20:00,528.1192017910275,51.16557643473604
2026-06-01 19:25:00,683.2561240356013,36.42413160502347
2026-06-01 19:30:00 (UTC),346.97208640702127,59.85447071609785
2026-06-01 19:35:00,,57.55886174815476
2026-06-01 19:40:00,409.14974884878086,34.99334889980749
,560.4107455439045,51.25848390805486
2026-06-01 19:50:00,338.2828109954455,
2026-06-01 19:55:00 (UTC),534.6312710224887,44.0042937269953
2026-06-01 20:00:00,436.9951568651659,36.74968683950645
2026-06-01 20:05:00,426.5838133878986,39.25264173947694
2026-06-01 20:10:00,355.35017964593123,48.91113990802476
2026-06-01 20:15:00,453.4924053798994,59.30618144963566
,608.4500530290926,39.1270141689551
2026-06-01 20:25:00,497.48113164705205,39.20244448548253
2026-06-01 20:30:00,562.7680417874475,46.965717267574114
2026-06-01 20:35:00,666.4641821966275,56.87638556837645
2026-06-01 20:40:00,526.3755584822576,67.53802040337834
2026-06-01 20:45:00,444.12004279376595,50.879156348050074
2026-06-01 20:50:00,546.725221518279,43.252317455273555
2026-06-01 20:55:00,-971.4843050126076,42.03638937864844
2026-06-01 21:00:00,449.55773167028303,2928.8724867738665
2026-06-01 21:05:00,348.0107200381015,37.37137173045673
2026-06-01 21:10:00 (UTC),592.6257491084392,
2026-06-01 21:15:00,461.39974243505606,63.17666196572375
2026-06-01 21:20:00,518.2098245815862,48.41686720438243
2026-06-01 21:25:00,396.40380713933604,39.18931801545594
2026-06-01 21:30:00,543.5947629715472,55.292171797481025
01/06/2026 21:35:00,423.8058761864916,51.03957639379652
2026-06-01 21:40:00,485.8291278298176,54.704064701444395
2026-06-01 21:45:00,587.7826031239126,55.786208338407754
ERR-2026-06-01 21:50:00,579.075931223253,55.17768928250898
2026-06-01 21:55:00,497.79699274830597,52.96031925201599
2026-06-01 22:00:00,323.18689672932817,1337.9900403885222
2026-06-01 22:05:00,799.2810570060642,63.49063922972131
2026-06-01 22:10:00,674.5858970273136,42.16571626920584
2026-06-01 22:15:00,572.2674824888298,47.343394528675454
2026-06-01 22:20:00,424.67962184090294,57.93754238517914
2026-06-01 22:25:00,488.6407838298035,49.27186722157417
2026-06-01 22:30:00,445.6579570223483,37.36311619011164
2026-06-01 22:35:00,626.3855939096388,53.32850177782908
2026-06-01 22:40:00,9178.339033585613,2718.419437326634
2026-06-01 22:45:00,421.5836141640167,71.20352053476785
2026-06-01 22:50:00,452.9244900875218,59.93291141560495
2026-06-01 22:55:00,612.1188142569905,61.5961747503017
2026-06-01 23:00:00,660.0097846820479,50.416854544427906
2026-06-01 23:05:00,652.8331563486246,53.105221087753996
2026-06-01 23:10:00,575.7032065053977,
2026-06-01 23:15:00,474.7375131197363,41.61920339111743
2026-06-01 23:20:00,175.84861746708793,40.88246266927444
2026-06-01 23:25:00,,71.36602519082058
2026-06-01 23:30:00,499.81712411558993,53.96863505245801
01/06/2026 23:35:00,513.9982096321354,36.773087143615044
2026-06-01 23:40:00,505.38973470332064,59.61486586507111
,367.37378380508426,76.23184670544751
2026-06-01 23:50:00,,34.643461713417466
2026-06-01 23:55:00,,56.002849843661686
2026-06-02 00:00:00,568.2338782059659,38.77327591351548
2026-06-02 00:05:00,594.6577003573386,
,560.4051644921623,1403.0033904536526
,458.9970588461089,
2026-06-02 00:20:00,492.916315208391,54.437438136876196
2026-06-02 00:25:00,509.1124867253377,36.153845987707506
ERR-2026-06-02 00:30:00,510.7699449106618,54.44063863643653
2026-06-02 00:35:00,599.821765597173,45.35172531086003
2026-06-02 00:40:00,564.3668753022491,67.23145314094914
corrupted_timestamp,707.7343439569953,35.76223962068729
2026-06-02 00:50:00,720.6468979884672,59.08496771520361
02/06/2026 00:55:00,507.9649582613925,49.00029119142335
02/06/2026 01:00:00,116.33444515406308,62.93638196738841
2026-06-02 01:05:00,623.6832466127266,63.16628053187041
2026-06-02 01:10:00,445.96236610129455,47.48382024206483
2026-06-02 01:15:00,419.85160781689933,49.55315490569696
2026-06-02 01:20:00,460.1554725010633,59.08742181213749
2026-06-02 01:25:00,455.33569531853936,55.21960704821003
2026-06-02 01:30:00,561.2269810105392,48.82692972860705
2026-06-02 01:35:00,344.0564220873774,41.66609811117269
2026-06-02 01:40:00,392.2279254208398,
2026-06-02 01:45:00,534.3158554197416,38.889076819925556
2026-06-02 01:50:00,562.2944030413308,56.482424138974466
02/06/2026 01:55:00,564.1541644936012,61.105813052562446
,421.2963721066701,41.73791939334335
2026-06-02 02:05:00,402.173435073376,45.827535901723344
2026-06-02 02:10:00,,43.69378873849459
2026-06-02 02:15:00,523.9872752284725,60.53886863126375
2026-06-02 02:20:00,648.547736927255,50.54707777031193
2026-06-02 02:25:00 (UTC),295.256281422925,46.339649531975695
2026-06-02 02:30:00 (UTC),477.9271243041633,56.47533151782951
2026-06-02 02:35:00,366.73215589747963,45.192498358410404
2026-06-02 02:40:00,334.775732264651,47.96230092240232
2026-06-02 02:45:00,596.6956645344817,38.85049068182966
2026-06-02 02:50:00,554.4624574499338,58.38647223331942
2026-06-02 02:55:00,,39.080437703185666
2026-06-02 03:00:00,592.1025839730994,64.32941877138931
2026-06-02 03:05:00,452.0281103233864,52.38985935672674
2026-06-02 03:10:00,456.73624836664715,48.43284157927812
2026-06-02 03:15:00,718.5730616722574,49.86901907184621
2026-06-02 03:20:00,475.3428945740426,67.09951900852418
2026-06-02 03:25:00,573.5132113054091,36.538414752489146
2026-06-02 03:30:00,500.6381540963315,37.27946630507851
2026-06-02 03:35:00,315.1741469921585,59.5939052663621
,295.5370996198732,40.786486676211716
ERR-2026-06-02 03:45:00,,
,605.6101251669988,45.56923397047442
,578.8291656636004,61.25471961904257
2026-06-02 04:00:00,591.4077164224034,58.09546244130504
2026-06-02 04:05:00,401.2953821063685,48.58819865897397
2026-06-02 04:10:00,661.5872490122314,54.00515831305355
02/06/2026 04:15:00,403.51066998136156,53.76330556695522
2026-06-02 04:20:00,521.2824398669969,39.97474746836727
2026-06-02 04:25:00,498.96477100922635,
2026-06-02 04:30:00 (UTC),482.6126179685414,29.63305682971473
2026-06-02 04:35:00,633.8592138295606,64.90598491514994
2026-06-02 04:40:00,429.48894798340393,43.29911381630235
2026-06-02 04:45:00,365.03947442880724,50.135889015292946
2026-06-02 04:50:00,501.9995486206419,55.38908275791684
,460.0173265713473,
2026-06-02 05:00:00,837.7382919082646,41.52404045076106
2026-06-02 05:05:00,567.6507476439975,40.79078300925683
2026-06-02 05:10:00,459.0659424781376,21.031864942765814
2026-06-02 05:15:00,,49.34860976370962
2026-06-02 05:20:00,311.9711589431215,73.37159957431257
2026-06-02 05:25:00 (UTC),397.4780914262567,44.70560013586952
02/06/2026 05:30:00,511.4941771759132,44.97875275304429
2026-06-02 05:35:00,642.7328651594769,46.301876676839804
,612.1689142387919,53.116094418200284
2026-06-02 05:45:00,522.9094831646379,58.81445932274659
2026-06-02 05:50:00,467.6832334297515,41.655158612310785
2026-06-02 05:55:00,526.8812356412154,54.62574648724167
2026-06-02 06:00:00,448.1362002515424,49.142528952418196
2026-06-02 06:05:00,671.8363995763875,52.9887900447077
2026-06-02 06:10:00,481.080981872492,54.51291542032633
2026-06-02 06:15:00,491.3662141753273,40.25197216420615
2026-06-02 06:20:00,278.41775749793317,44.739233537893256
2026-06-02 06:25:00,480.4565153477236,54.6236079258159
2026-06-02 06:30:00,583.6484137964941,48.59815384877633
2026-06-02 06:35:00,393.2277422961455,57.922385081290926
2026-06-02 06:40:00 (UTC),424.92796655071874,47.77605890563109
02/06/2026 06:45:00,579.2711017733665,60.104779208862915
ERR-2026-06-02 06:50:00,352.33427764819464,30.37408162571316
,,53.23344632729204
02/06/2026 07:00:00,446.7856109826898,37.103431727616915
2026-06-02 07:05:00,461.1431779508797,61.21373150943711
02/06/2026 07:10:00,387.6121594874406,48.5064005745236
2026-06-02 07:15:00,537.8046260427883,46.594961445258164
2026-06-02 07:20:00,745.987198502938,41.737822599624415
,578.1497239460632,2004.2330683822274
2026-06-02 07:30:00,413.5714738059464,55.68143036103285
2026-06-02 07:35:00,613.5620585491477,47.18470946297225
ERR-2026-06-02 07:40:00,468.33204540657505,56.65434177107528
2026-06-02 07:45:00,637.448498142756,52.20622382906652
2026-06-02 07:50:00,580.6676402164363,50.85960833129291
2026-06-02 07:55:00,205.6858434528267,57.82877515171769
2026-06-02 08:00:00,,68.11347988736884
2026-06-02 08:05:00,8222.864756600293,52.818941149927824
2026-06-02 08:10:00,515.1657272145018,52.83434883912146
2026-06-02 08:15:00 (UTC),397.624405229215,59.18611261750369
2026-06-02 08:20:00,436.6410484506187,40.47533025392582
2026-06-02 08:25:00,309.376337991062,48.16922894824328
2026-06-02 08:30:00,,46.13914959295393
2026-06-02 08:35:00,721.0689726015764,53.00396641911913
2026-06-02 08:40:00,580.4933390732326,52.16940141929961
2026-06-02 08:45:00,719.0417001188423,1633.8797792720368
2026-06-02 08:50:00,588.239708978998,64.99187173720398
2026-06-02 08:55:00,602.7479343352692,34.85186375298796
2026-06-02 09:00:00,697.4078687745024,53.57267771661046
2026-06-02 09:05:00,537.7263259342226,57.081898367227964
2026-06-02 09:10:00,481.27726784931195,50.840513477132774
2026-06-02 09:15:00,603.2657516622012,
ERR-2026-06-02 09:20:00,645.3840237121885,63.787154528661006
2026-06-02 09:25:00,452.0035357287791,53.30159164632864
2026-06-02 09:30:00,427.8430917659971,
2026-06-02 09:35:00,513.885603243088,59.76022269212699
2026-06-02 09:40:00,,54.677419839592666
2026-06-02 09:45:00,579.8091048661562,43.56338201403998
2026-06-02 09:50:00,357.5832399812401,42.36533619011867
,691.1606067063321,42.03869243336761
2026-06-02 10:00:00,435.88350706031497,61.8375205050108
02/06/2026 10:05:00,473.49350031114204,55.89468158679542
2026-06-02 10:10:00,409.734564001218,59.56228740499316
2026-06-02 10:15:00,769.8328835937087,52.04498073918586
2026-06-02 10:20:00,524.2070670287967,43.18448598546474
2026-06-02 10:25:00,414.90249193184354,42.05663545431007
2026-06-02 10:30:00,586.3923549962446,60.73148687769115
2026-06-02 10:35:00,576.9135779310033,54.46228951164928
2026-06-02 10:40:00,481.2272976420116,47.34306523273479
2026-06-02 10:45:00,,50.21354418937756
2026-06-02 10:50:00,417.47080391691355,59.98087646039872
2026-06-02 10:55:00,450.7081725050748,55.631844539677516
2026-06-02 11:00:00,298.9783345433937,49.0773107733048
2026-06-02 11:05:00,367.60489157804375,49.5375056795763
02/06/2026 11:10:00,680.7630805670685,44.09489222426523
2026-06-02 11:15:00,,50.231537783599855
02/06/2026 11:20:00,506.5788648648963,47.121453487275396
2026-06-02 11:25:00,666.2931447189837,49.49863406151052
2026-06-02 11:30:00,483.9925513391695,44.58437361573878
2026-06-02 11:35:00,475.6589697432092,36.60271343226147
2026-06-02 11:40:00,505.65106484655564,59.537995398718785
ERR-2026-06-02 11:45:00,487.50784046764346,55.7311990114901
ERR-2026-06-02 11:50:00,,47.345278225309265
2026-06-02 11:55:00,614.3398107149553,46.781893539292895
2026-06-02 12:00:00,515.0135653956203,36.112539385899744
ERR-2026-06-02 12:05:00,,60.65878247370094
02/06/2026 12:10:00,-496.16042423010055,62.53949921470371
2026-06-02 12:15:00,538.8185795654733,49.120117569144824
02/06/2026 12:20:00,402.9728674091761,53.26782146185589
2026-06-02 12:25:00,364.7134111035961,40.1129843042874
2026-06-02 12:30:00,514.8780634807305,50.85598674277824
02/06/2026 12:35:00,482.8743695175066,43.119984427496064
02/06/2026 12:40:00,508.7391428920122,43.154638573545085
2026-06-02 12:45:00,498.3945960751414,47.1140294551988
2026-06-02 12:50:00,758.3573660166567,
2026-06-02 12:55:00,366.9773744358662,48.717336845714705
2026-06-02 13:00:00,301.00537301788756,60.56646330723382
2026-06-02 13:05:00,533.237683351961,28.880317248142493
2026-06-02 13:10:00,462.35774454118047,44.66730374268144
2026-06-02 13:15:00,531.6067869729951,56.317605869183275
2026-06-02 13:20:00,,51.94718324753867
02/06/2026 13:25:00,628.4104695178897,42.20245471392002
2026-06-02 13:30:00,349.27741796160615,71.05201089313846
2026-06-02 13:35:00,444.3282102142837,
2026-06-02 13:40:00,542.8761258880763,49.84493894370296
2026-06-02 13:45:00,577.0463595687227,
ERR-2026-06-02 13:50:00,,47.488825333267776
2026-06-02 13:55:00,595.5703971113867,38.72679942984173
,494.3211404113723,54.006463502853556
2026-06-02 14:05:00,410.95642470573387,55.75560720787581
02/06/2026 14:10:00,443.5710147280981,59.853229126838954
ERR-2026-06-02 14:15:00,440.7297177042893,53.994218092846076
ERR-2026-06-02 14:20:00,565.5233628513761,52.28759507394341
2026-06-02 14:25:00,525.699744558583,39.92451659550634
2026-06-02 14:30:00,367.6350429157821,37.77515285941587
2026-06-02 14:35:00,456.4098530909567,29.79226868526995
2026-06-02 14:40:00,587.754755345142,50.808838694231646
2026-06-02 14:45:00,,58.63267588125193
2026-06-02 14:50:00,556.8644616012771,61.51675787164106
2026-06-02 14:55:00,538.2921710057263,58.37606892609635
2026-06-02 15:00:00,662.643073460886,46.328004006629456
2026-06-02 15:05:00,523.604306382437,68.59152216856295
,461.3977202129302,40.51205475919883
2026-06-02 15:15:00,408.42449588664397,40.04502077880946
,524.9609458209712,57.66704612736842
2026-06-02 15:25:00,255.9295985224916,64.06239765768564
2026-06-02 15:30:00,481.5710998167288,67.92649069880916
2026-06-02 15:35:00,479.4160140078656,59.97106632958667
02/06/2026 15:40:00,363.5529146382719,57.34600186968008
2026-06-02 15:45:00,407.17341613440044,58.12826272351802
2026-06-02 15:50:00,580.9657530148241,47.21879745817202
2026-06-02 15:55:00,523.0711749074962,41.98720171201034
2026-06-02 16:00:00,510.1788333707328,52.74706862733408
2026-06-02 16:05:00,,33.043379766804364
2026-06-02 16:10:00,509.26275879489236,46.91665270472777
2026-06-02 16:15:00,,44.69281000394215
2026-06-02 16:20:00,512.3429181703649,55.83271659656489
2026-06-02 16:25:00,354.17868861812497,52.201308037285315
,663.012996487441,
2026-06-02 16:35:00,537.0340267328845,58.22285843866195
2026-06-02 16:40:00,441.07462692049324,43.608837929444704
2026-06-02 16:45:00,374.65982817049814,56.72511329048112
2026-06-02 16:50:00,539.5914220958045,
2026-06-02 16:55:00,488.28279950256245,
2026-06-02 17:00:00,657.4146786032409,42.5383306398946
2026-06-02 17:05:00 (UTC),,
2026-06-02 17:10:00,416.26192103175333,63.42975638077256
2026-06-02 17:15:00,589.5796218235928,53.89537516152876
2026-06-02 17:20:00,592.5281892716831,48.06898907732877
02/06/2026 17:25:00,516.8651367610196,60.163908214794816
2026-06-02 17:30:00,567.6357047674908,64.73264705816267
2026-06-02 17:35:00,496.2312879257762,40.00285547503344
2026-06-02 17:40:00,523.3865101009247,42.86252061491509
2026-06-02 17:45:00,616.4990882563923,
2026-06-02 17:50:00,,53.065930301075774
2026-06-02 17:55:00,483.0725561667375,31.388731752232133
2026-06-02 18:00:00,635.2362545926151,67.8268451975863
2026-06-02 18:05:00 (UTC),263.51446272084877,45.182279726266096
2026-06-02 18:10:00,705.2073311421934,39.95072680932116
2026-06-02 18:15:00,329.4040905109265,50.116042214005304
2026-06-02 18:20:00,437.2907175227704,59.020816591057056
2026-06-02 18:25:00,495.9082464804931,61.34664496861119
2026-06-02 18:30:00,485.35193292718384,50.571687550904
2026-06-02 18:35:00,,75.35828769820898
2026-06-02 18:40:00,394.21633813897654,78.23062030629524
2026-06-02 18:45:00,526.0766817483063,54.479692551424954
,442.1787901780246,49.379204116136464
,529.5140979337417,46.63171687066911
2026-06-02 19:00:00,493.52277402021235,48.4720700057128
2026-06-02 19:05:00,509.2935652682978,64.9509771451559
2026-06-02 19:10:00,445.0075167535654,53.35801582320233
2026-06-02 19:15:00 (UTC),448.99360499039176,58.70304052703083
2026-06-02 19:20:00,528.7272514027427,56.93884089391011
2026-06-02 19:25:00,594.3715505756045,56.063857020339874
2026-06-02 19:30:00,440.17206658021524,60.89065980737688
2026-06-02 19:35:00,413.123245542709,58.275632284159016
2026-06-02 19:40:00,561.3460165671837,54.766757678215086
2026-06-02 19:45:00,,68.44884781369075
2026-06-02 19:50:00,583.0498133985952,36.80704432610439
2026-06-02 19:55:00,409.42027866288527,52.83045273758802
02/06/2026 20:00:00,322.05610745765694,44.72375738205428
2026-06-02 20:05:00,446.6995918173666,59.196338414134885
2026-06-02 20:10:00,423.3647390734984,33.65790883595804
2026-06-02 20:15:00,492.12115999197,52.33182285117168
2026-06-02 20:20:00,,54.823763605888765
2026-06-02 20:25:00,574.101695133645,62.2295849679729
2026-06-02 20:30:00,471.18497375774837,45.77217828674585
2026-06-02 20:35:00,515.0474498773901,77.90231399781135
2026-06-02 20:40:00,515.7634558440944,44.136258360618335
2026-06-02 20:45:00,519.4955092412188,38.61785715853978
2026-06-02 20:50:00,497.58708895450263,56.05792097053445
ERR-2026-06-02 20:55:00,551.0600690410314,48.724478752268666
2026-06-02 21:00:00,420.4344866174192,
2026-06-02 21:05:00,639.9417926653883,34.1016661073722
2026-06-02 21:10:00,476.3462616631465,2663.1647986826874
2026-06-02 21:15:00,7218.51267706172,58.181159100857116
2026-06-02 21:20:00,518.8073356991773,43.33390326777973
2026-06-02 21:25:00,414.8819517552515,36.076093798824964
ERR-2026-06-02 21:30:00,566.5334534508875,64.48156973485453
2026-06-02 21:35:00,720.9605576042377,41.60577407628966
2026-06-02 21:40:00,421.34279084421496,60.43837689583707
2026-06-02 21:45:00,533.2372333223984,40.75868774125448
2026-06-02 21:50:00,324.44944112953726,46.81104267008091
2026-06-02 21:55:00,,57.57214179413182
2026-06-02 22:00:00,411.428620020031,53.53915186398818
2026-06-02 22:05:00,437.51653815655175,40.68536487116779
2026-06-02 22:10:00,389.87135101601723,55.30585142171444
2026-06-02 22:15:00,573.2151226054735,28.276881939280017
ERR-2026-06-02 22:20:00,600.7304357473263,37.99687999211191
,502.33852146585076,67.45564242769927
2026-06-02 22:30:00,,48.303024358037675
2026-06-02 22:35:00,658.9523036103863,57.17929628083536
2026-06-02 22:40:00,424.9589872245344,56.88942637099463
corrupted_timestamp,283.7967700072561,46.559072719626805
ERR-2026-06-02 22:50:00,545.8389009957068,51.1730933492102
,389.52253263584834,38.273084098404055
2026-06-02 23:00:00,598.8608793499175,2107.2222831438266
2026-06-02 23:05:00,461.8862303326581,45.09514120614006
2026-06-02 23:10:00,560.3713240544196,70.91753436392649
2026-06-02 23:15:00,640.1500346552158,42.987978999303216
2026-06-02 23:20:00,,55.133400139311355
2026-06-02 23:25:00,443.40628691075943,47.264576239124196
2026-06-02 23:30:00,492.43289273429366,58.13424732320508
2026-06-02 23:35:00,653.7551319034344,36.43435838172259
2026-06-02 23:40:00,434.16172820595546,48.67980559467269
2026-06-02 23:45:00,440.54963040509926,55.92402011467698
2026-06-02 23:50:00,547.8140575555808,52.35283074055923
2026-06-02 23:55:00,442.2771274289429,54.95754237079931
ERR-2026-06-03 00:00:00,515.2525882897617,41.70800401756672
2026-06-03 00:05:00,344.84625790318734,46.53455212692564
2026-06-03 00:10:00,721.4329942556597,49.81141818045791
2026-06-03 00:15:00,365.22907696905963,57.7988452783317
2026-06-03 00:20:00,467.82472960097914,63.9687648435553
2026-06-03 00:25:00,496.75189641579055,31.416593526456776
2026-06-03 00:30:00,691.2688134356796,46.80457234610254
2026-06-03 00:35:00,367.51542190672603,43.41071073673678
2026-06-03 00:40:00,698.3704135478752,42.266684576522245
2026-06-03 00:45:00,,52.666418129867616
03/06/2026 00:50:00,541.7095324423246,50.32566850751788
ERR-2026-06-03 00:55:00,401.53663129820444,38.78055618464162
ERR-2026-06-03 01:00:00,557.1141242038074,38.29050258840583
2026-06-03 01:05:00 (UTC),427.65133775802,54.618622234429594
ERR-2026-06-03 01:10:00,626.6661253198413,39.084462820360926
2026-06-03 01:15:00,402.8937970892267,43.05222624743147
2026-06-03 01:20:00 (UTC),488.6841505543916,59.23413789280495
2026-06-03 01:25:00,444.47269119868287,51.723722256307
2026-06-03 01:30:00,401.24770375730054,
2026-06-03 01:35:00,574.1319816907915,48.93017996138761
2026-06-03 01:40:00,553.5458747409633,72.32914497387478
2026-06-03 01:45:00 (UTC),620.9010198900997,48.162821713697
2026-06-03 01:50:00 (UTC),322.01248917918326,61.978022536397084
,606.4170702341044,41.60088160794781
2026-06-03 02:00:00 (UTC),750.5448905356893,43.498342610719845
2026-06-03 02:05:00,454.8358910823053,66.91750225474782
2026-06-03 02:10:00 (UTC),689.5148612108969,43.0470266244863
03/06/2026 02:15:00,473.68387279401736,47.82641469729524
ERR-2026-06-03 02:20:00,362.7590262438693,43.38548544233098
2026-06-03 02:25:00,469.4367557593204,61.24380737179426
corrupted_timestamp,604.8203967675277,37.907204346912245
2026-06-03 02:35:00,416.18235176684686,63.07498546053521
2026-06-03 02:40:00,439.9661340993513,52.44720662370913
2026-06-03 02:45:00,559.353943229319,51.86457042493271
,500.3060116738573,49.424609647201166
2026-06-03 02:55:00,558.4622952486741,62.50785339062316
2026-06-03 03:00:00,523.7829540758336,47.80765545596446
03/06/2026 03:05:00,547.9625319551573,42.89009838610325
2026-06-03 03:10:00,456.7698814190459,55.204358280296
2026-06-03 03:15:00,523.1730942030392,49.145780242628696
03/06/2026 03:20:00,407.26269943040666,69.60810692031859
2026-06-03 03:25:00,628.8433622503388,59.11829970232677
2026-06-03 03:30:00,436.5725283182686,53.46846603182853
2026-06-03 03:35:00,612.884748754939,64.3414143441929
2026-06-03 03:40:00 (UTC),476.63930390171345,35.49139242397921
corrupted_timestamp,520.1999010757321,55.61064196231819
2026-06-03 03:50:00,450.5035449109299,
2026-06-03 03:55:00,398.4004568831971,47.96619350468776
2026-06-03 04:00:00,325.5239612394698,47.190416918402164
2026-06-03 04:05:00,,61.13250758371778
2026-06-03 04:10:00,467.6091146784078,31.384244746092435
2026-06-03 04:15:00,521.1879178828884,54.725011359837886
,601.0379313283263,35.69562601280209
2026-06-03 04:25:00,455.4242540203151,47.553974173447926
2026-06-03 04:30:00,,49.49692076570212
2026-06-03 04:35:00,355.7285213997287,66.1647163538789
2026-06-03 04:40:00,548.0063617904104,44.664429464947894
2026-06-03 04:45:00,-750.3795243733497,50.543531294036605
ERR-2026-06-03 04:50:00,626.6330267956289,37.711982979464466
2026-06-03 04:55:00,570.9932748147237,55.05822406667064
2026-06-03 05:00:00,563.8543317267599,36.68971831887099
2026-06-03 05:05:00,669.762377970934,32.21845015958199
2026-06-03 05:10:00,533.208146141681,34.91074593397124
2026-06-03 05:15:00,564.6129676024171,47.161811661890255
,467.9216138148001,47.66160784597451
2026-06-03 05:25:00,363.79566291452426,61.347147783600555
corrupted_timestamp,431.6151099500424,65.22159357353934
2026-06-03 05:35:00,499.0840961465345,64.98070836505644
ERR-2026-06-03 05:40:00,506.0785372501303,61.5072843764739
2026-06-03 05:45:00,692.6285854855394,70.75428852538187
2026-06-03 05:50:00,,54.55361273070564
2026-06-03 05:55:00,617.8843444025644,54.699388998158724
2026-06-03 06:00:00,456.4922758423684,68.27028995805628
2026-06-03 06:05:00,468.8324114234766,38.85655708105451
03/06/2026 06:10:00,367.09923627765517,59.39829584787043
2026-06-03 06:15:00,425.7671987123428,49.52836165688915
2026-06-03 06:20:00,552.6981391363753,63.33189485490368
2026-06-03 06:25:00,500.75601803941333,61.8178852325547
2026-06-03 06:30:00,594.2938619897234,48.35660474532828
ERR-2026-06-03 06:35:00,,
2026-06-03 06:40:00,464.75462683622584,63.49535241057869
2026-06-03 06:45:00,,45.26867982970535
2026-06-03 06:50:00,-388.29495966309605,51.21077601501684
2026-06-03 06:55:00,,38.81085415478661
2026-06-03 07:00:00,459.8790793455322,46.393968498179824
2026-06-03 07:05:00,570.9599479383567,60.16311560548089
2026-06-03 07:10:00,592.8015659151687,53.85164865275901
2026-06-03 07:15:00,520.8491970575581,42.48714317076763
ERR-2026-06-03 07:20:00,264.5517077303398,31.21245489029575
2026-06-03 07:25:00 (UTC),501.8252460856113,56.88190887153383
2026-06-03 07:30:00,623.0460047759975,45.84744021853683
2026-06-03 07:35:00 (UTC),,51.74870352261257
2026-06-03 07:40:00 (UTC),544.5838875229247,48.63131492327334
2026-06-03 07:45:00,327.77430660424807,45.74623031685247
2026-06-03 07:50:00 (UTC),427.95449293249413,56.19914054975869
2026-06-03 07:55:00,541.1357631151438,
03/06/2026 08:00:00,541.0383276786893,51.49611009811396
2026-06-03 08:05:00,621.4666780132902,54.1471306171979
2026-06-03 08:10:00,485.51332448539057,63.4752719120965
2026-06-03 08:15:00,540.5824086673814,50.521711900017095
ERR-2026-06-03 08:20:00,501.6374241931294,38.08119345116111
2026-06-03 08:25:00,401.30572634984435,56.748023331739695
2026-06-03 08:30:00,274.42086689052525,41.11904726940756
2026-06-03 08:35:00,543.1009692130077,43.29902300629509
2026-06-03 08:40:00,517.3947208412811,45.001303346604665
2026-06-03 08:45:00,438.18249578998314,48.152294088369466
2026-06-03 08:50:00 (UTC),338.0826943484135,62.92803578864066
2026-06-03 08:55:00,562.9739514408739,56.51955922304929
2026-06-03 09:00:00,473.4079925804448,38.999864640335396
2026-06-03 09:05:00,555.6874722368145,
2026-06-03 09:10:00,686.4048530411758,60.61090624411339
2026-06-03 09:15:00,,54.16593842814549
2026-06-03 09:20:00,430.03991912976363,26.82588026226121
2026-06-03 09:25:00 (UTC),479.0624386688087,41.55919190268375
2026-06-03 09:30:00,645.4826174146651,
2026-06-03 09:35:00,,66.55426202176528
2026-06-03 09:40:00,693.5861025680605,63.25468569917291
2026-06-03 09:45:00,513.585590156629,40.345689953215825
ERR-2026-06-03 09:50:00,490.3999338266142,33.19733940885004
2026-06-03 09:55:00,480.1940236781094,48.17586283882923
2026-06-03 10:00:00,456.3736967819971,51.40382339011627
2026-06-03 10:05:00,604.8116759269154,1116.850839214927
2026-06-03 10:10:00 (UTC),393.1479245917561,41.29093161154947
2026-06-03 10:15:00,534.5414181643854,71.16143574077597
2026-06-03 10:20:00,461.58183342930243,46.25977607899238
03/06/2026 10:25:00,423.7866551485902,46.99173897192516
2026-06-03 10:30:00,758.5975175683895,78.26305977846238
ERR-2026-06-03 10:35:00,541.9050734753461,46.612722859265
03/06/2026 10:40:00,561.3265544661144,39.88686676132017
2026-06-03 10:45:00,613.7776780668662,42.908268727832535
2026-06-03 10:50:00,357.8650054681453,52.91582527207915
2026-06-03 10:55:00,675.2291909122032,45.25112991649371
2026-06-03 11:00:00,249.10428215049242,
2026-06-03 11:05:00,423.12335899614794,49.57043445221894
2026-06-03 11:10:00,454.09683268210995,81.47866111324522
2026-06-03 11:15:00,7240.425379512904,57.126456972582346
2026-06-03 11:20:00,521.8718266141487,
2026-06-03 11:25:00,483.31852593016066,48.257952290228644
2026-06-03 11:30:00,498.80026553722763,58.030342636939594
2026-06-03 11:35:00,402.1976976477432,60.8285295417683
2026-06-03 11:40:00,350.2767605515827,33.95587016288887
2026-06-03 11:45:00,,35.828884262672545
ERR-2026-06-03 11:50:00,569.3706112536186,54.69966229423622
2026-06-03 11:55:00,658.4494375157059,43.62258753322817
2026-06-03 12:00:00,,42.217905346801025
2026-06-03 12:05:00 (UTC),569.2815210300922,51.87079016535664
03/06/2026 12:10:00,471.6293271635268,57.90761542717066
2026-06-03 12:15:00,619.0474985193482,47.61070218772119
2026-06-03 12:20:00,602.1962776678141,30.569460919133224
2026-06-03 12:25:00,521.1209399224457,44.714263176320785
ERR-2026-06-03 12:30:00,466.0469843334013,38.39594730419772
2026-06-03 12:35:00,596.0932178608261,55.61724857544724
corrupted_timestamp,564.6904523256566,
2026-06-03 12:45:00 (UTC),,52.87918850800022
2026-06-03 12:50:00 (UTC),367.2201326520569,54.410134521999396
2026-06-03 12:55:00,471.1467099318204,58.13000816511655
2026-06-03 13:00:00,651.5413815348209,63.48046243814463
2026-06-03 13:05:00,614.6487158733038,44.181447427742995
2026-06-03 13:10:00,388.76725303294194,49.47062239181351
2026-06-03 13:15:00,7681.566547807173,59.484639371231324
2026-06-03 13:20:00,,40.58302373915723
2026-06-03 13:25:00,386.4364095242171,34.90965755618621
2026-06-03 13:30:00,550.9295323642008,45.34936571286576
2026-06-03 13:35:00,438.3928784663676,62.56392409005836
2026-06-03 13:40:00,661.7044924521682,51.40504872295233
2026-06-03 13:45:00,422.9575200862121,45.3374491689059
2026-06-03 13:50:00,614.3361530205829,60.15734835025499
2026-06-03 13:55:00,518.4858654060365,55.53480517866294
2026-06-03 14:00:00,,42.23046764949283
2026-06-03 14:05:00,302.9691418648599,48.10169521173361
2026-06-03 14:10:00,279.7086646794281,39.758530752849566
2026-06-03 14:15:00,477.9434059732686,1571.9723882582903
2026-06-03 14:20:00,524.6906063416611,56.363366263318994
2026-06-03 14:25:00,387.4802172262277,25.41973613833697
ERR-2026-06-03 14:30:00,391.13065895236576,1796.017623947761
2026-06-03 14:35:00,556.1472629826133,66.78595742543287
2026-06-03 14:40:00,556.2854480457131,46.64456153986746
2026-06-03 14:45:00,486.2258939612073,66.58711626501355
ERR-2026-06-03 14:50:00,578.0201721186075,37.24940365008191
2026-06-03 14:55:00,382.57977042798535,44.68206156601329
2026-06-03 15:00:00,,52.17655561822396
2026-06-03 15:05:00,664.7877605783674,46.81410572936422
2026-06-03 15:10:00,506.8322129939817,62.65450907052693
2026-06-03 15:15:00,512.6312514586999,48.816503004163394
2026-06-03 15:20:00 (UTC),730.594658596774,2448.3689983889617
2026-06-03 15:25:00,360.06578341512295,39.07980118489921
2026-06-03 15:30:00,579.6430366642111,52.64397835794921
2026-06-03 15:35:00,666.3986279808099,46.86215998473844
,467.5142073501454,
2026-06-03 15:45:00,585.9630786854846,54.665557686385476
2026-06-03 15:50:00,401.7980502789095,63.62183987649751
2026-06-03 15:55:00,,44.047410794304525
2026-06-03 16:00:00,538.4966416047635,54.22777258701191
2026-06-03 16:05:00,579.856667311059,47.84904345034803
ERR-2026-06-03 16:10:00,612.0936512406246,51.07161247540882
2026-06-03 16:15:00,656.9628586939493,58.39861226579251
ERR-2026-06-03 16:20:00,493.2553441444818,64.41784058596069
2026-06-03 16:25:00,619.3611755172587,62.418773156160285
2026-06-03 16:30:00,465.7695156550851,42.50422385244136
ERR-2026-06-03 16:35:00,590.2091311588268,36.5571351227245
2026-06-03 16:40:00,520.7488797852182,29.886015513599922
2026-06-03 16:45:00,-184.77002585504215,56.33022396495308
2026-06-03 16:50:00,542.3507874022038,44.73705657720532
2026-06-03 16:55:00,339.5294990202188,60.62319585108739
2026-06-03 17:00:00,387.58781411392266,39.65336329951522
2026-06-03 17:05:00,510.25414398175224,54.46200699294152
2026-06-03 17:10:00,331.27209203588313,32.29745989549144
2026-06-03 17:15:00,583.1211103199755,55.04633388439608
2026-06-03 17:20:00 (UTC),587.1555966288142,53.91299514338682
2026-06-03 17:25:00,532.717055287779,
2026-06-03 17:30:00,387.8865987242078,51.9224187612287
2026-06-03 17:35:00,638.0138938868515,70.69343945354164
2026-06-03 17:40:00,703.7210639718357,
2026-06-03 17:45:00,514.7076827445974,79.55160534015513
2026-06-03 17:50:00 (UTC),551.0535378451236,51.53214318637204
2026-06-03 17:55:00,520.1738654796044,
2026-06-03 18:00:00,553.0369188998799,45.238169091705224
2026-06-03 18:05:00,488.0441243373604,52.462929198145055
,496.5435760156197,40.23876979755323
2026-06-03 18:15:00,590.5717600497366,59.055533340413966
2026-06-03 18:20:00,734.5624161896441,41.944287412365064
2026-06-03 18:25:00,359.99287655982613,66.6621840620681
2026-06-03 18:30:00,489.6187515597033,36.538431769369666
2026-06-03 18:35:00,381.95395147679176,46.951824232285816
2026-06-03 18:40:00,659.2024898576084,47.511011059006925
2026-06-03 18:45:00 (UTC),441.22620306801014,38.82002112669102
2026-06-03 18:50:00,,52.34629386680019
2026-06-03 18:55:00,563.8186998848573,44.66564656380516
2026-06-03 19:00:00,674.4311114743111,64.04266888292106
2026-06-03 19:05:00,566.3597868560763,41.87809844357649
2026-06-03 19:10:00,520.4797877281917,54.21004649098565
2026-06-03 19:15:00,540.9140922775994,49.14009350592462
2026-06-03 19:20:00,641.4840662825554,47.86668846876218
ERR-2026-06-03 19:25:00,412.580072998585,50.91478963898836
2026-06-03 19:30:00,488.8152895913687,57.0823767867244
2026-06-03 19:35:00,454.73098514904666,31.1268310847592
ERR-2026-06-03 19:40:00,383.21346927082897,50.47627250923812
2026-06-03 19:45:00,467.16247405831973,41.74215774242241
2026-06-03 19:50:00,610.7721095982449,42.50187707269418
2026-06-03 19:55:00,556.6602148392725,52.43594485931461
2026-06-03 20:00:00,564.4310500108201,61.00015071864584
2026-06-03 20:05:00,514.6475611653318,65.5112890262171
03/06/2026 20:10:00,552.3323782728588,44.1817959577828
2026-06-03 20:15:00,419.94096576518945,21.51303368305531
2026-06-03 20:20:00,-488.75633812113625,
,519.2004236968677,31.818654588108192
2026-06-03 20:30:00,527.751585888189,
2026-06-03 20:35:00,532.0187854921872,41.00851650434131
2026-06-03 20:40:00,486.1664717983622,53.42346881225568
2026-06-03 20:45:00,462.257659886967,41.46638952870289
2026-06-03 20:50:00,,38.356805923296136
2026-06-03 20:55:00,590.6787272932398,38.60255639197712
2026-06-03 21:00:00,541.3147475952622,53.97005623645209
2026-06-03 21:05:00,476.6791501793606,36.781702873852154
2026-06-03 21:10:00,454.87811730561236,
2026-06-03 21:15:00,486.9199406273044,67.77243080363604
ERR-2026-06-03 21:20:00,529.2828843586683,66.71043322554284
2026-06-03 21:25:00 (UTC),311.95644559369185,34.03529052370191
2026-06-03 21:30:00,343.06104046253165,36.527963640010775
2026-06-03 21:35:00,436.31176110610426,54.81228499597056
2026-06-03 21:40:00,520.7139436778568,39.317297546458605
2026-06-03 21:45:00,476.07268528481484,56.18781235633159
2026-06-03 21:50:00,647.8121226099485,32.89711426236933
2026-06-03 21:55:00,351.76032130042313,49.28454937328006
,424.86545303966295,59.441121698533216
2026-06-03 22:05:00,652.0091740991102,34.48002663865046
2026-06-03 22:10:00 (UTC),513.1119324675146,48.83087198770906
2026-06-03 22:15:00,588.4842582801159,48.696463657738256
ERR-2026-06-03 22:20:00,705.1246943269464,56.064258054982005
2026-06-03 22:25:00,430.61955820981774,43.31154262376104
03/06/2026 22:30:00,490.0685662207968,35.71955780603588
2026-06-03 22:35:00,,24.757347379930252
2026-06-03 22:40:00,304.54069955167245,63.25210112504876
2026-06-03 22:45:00,468.9603196244031,58.348571445830615
03/06/2026 22:50:00,588.1062187380666,
2026-06-03 22:55:00,554.0589541812241,49.48851042019384
corrupted_timestamp,561.908316938801,54.25213480261605
2026-06-03 23:05:00,6779.992611276302,59.65867643563044
corrupted_timestamp,434.39027639943583,29.828227507545293
2026-06-03 23:15:00 (UTC),626.925567189862,32.200966356594705
,450.26828536423307,30.74141757078792
2026-06-03 23:25:00,529.4082038793214,46.54034614799628
2026-06-03 23:30:00,516.3334680677539,51.819358292407095
03/06/2026 23:35:00,646.1717016257119,60.12534016063224
2026-06-03 23:40:00,597.1412357672359,20.89163923079704
2026-06-03 23:45:00,370.4741379332879,36.62242810600556
2026-06-03 23:50:00,381.244683322496,51.30663472470174
2026-06-03 23:55:00,557.8909818069134,52.54610161025524
2026-06-04 00:00:00,493.56623526208335,48.00332673313625
2026-06-04 00:05:00,454.4828216046236,38.74835482281754
2026-06-04 00:10:00 (UTC),601.5627883994471,2930.847533099026
2026-06-04 00:15:00 (UTC),518.7459382088911,48.6301628719322
2026-06-04 00:20:00,8955.46932092015,32.83243313779653
2026-06-04 00:25:00,577.982864075505,41.46780690941756
2026-06-04 00:30:00,,36.19134425527627
2026-06-04 00:35:00,656.8518985472554,55.02005450935348
2026-06-04 00:40:00,421.1952376766992,40.85626840276919
2026-06-04 00:45:00,565.6929066342088,36.92725053478827
,643.3832838659845,44.82518858068469
2026-06-04 00:55:00 (UTC),362.27045107279,57.52714345822903
2026-06-04 01:00:00,465.6664824147551,49.77014636776759
2026-06-04 01:05:00,614.2207392885558,61.02153106272343
,615.7244547731025,59.488623129728694
2026-06-04 01:15:00,482.85043996117605,42.50111945396989
2026-06-04 01:20:00,426.53289063231404,51.34639905124754
2026-06-04 01:25:00,595.5935822330762,60.977386191163845
,618.3549102581604,45.17205393115292
ERR-2026-06-04 01:35:00,383.5336651487605,52.40156250946352
2026-06-04 01:40:00,379.60863510336196,40.981483775574745
2026-06-04 01:45:00 (UTC),522.52566819836,47.74496726218199
2026-06-04 01:50:00,562.9360633428892,47.41935133514282
2026-06-04 01:55:00,470.0930914769945,56.27200668600133
04/06/2026 02:00:00,567.9293819982349,46.16521567383077
2026-06-04 02:05:00,428.9863393162618,52.15489496588909
2026-06-04 02:10:00,288.53064009262647,53.81144984162429
2026-06-04 02:15:00,457.6098927667404,42.109325328108355
2026-06-04 02:20:00,506.32321465131014,45.975147651409266
2026-06-04 02:25:00,472.41600401035436,54.63056732422827
2026-06-04 02:30:00,384.13967363405146,68.38475940128573
corrupted_timestamp,318.4351024121182,37.42767237419049
2026-06-04 02:40:00,448.5911195632102,55.25334518657615
2026-06-04 02:45:00,589.7655771649744,62.14105330979096
,625.6197439413683,50.955874659178754
04/06/2026 02:55:00,618.7713384138456,40.968515264857444
corrupted_timestamp,418.4090464851447,49.475706130084724
,384.6293676369636,1860.0639768133237
2026-06-04 03:10:00 (UTC),549.6634614979895,44.97191278915393
2026-06-04 03:15:00,563.5100011597925,53.85373969281474
2026-06-04 03:20:00,540.0169605200498,49.39485467934322
2026-06-04 03:25:00,298.59367257622364,51.96009273204887
2026-06-04 03:30:00,413.31154151165333,38.30743457397271
2026-06-04 03:35:00,497.0311209714022,43.890460551034664
2026-06-04 03:40:00,548.7218194630427,56.130263663814695
2026-06-04 03:45:00,576.7307362602487,33.251356364485545
2026-06-04 03:50:00,514.425352228204,36.73673234805819
2026-06-04 03:55:00,533.0783806538236,46.944141262791966
2026-06-04 04:00:00,508.4865458361104,44.82542804919591
2026-06-04 04:05:00,568.5619374218483,57.694281045202715
2026-06-04 04:10:00,,26.0522800692624
2026-06-04 04:15:00,506.5737660047287,49.1751338877169
2026-06-04 04:20:00,,63.70955934485879
2026-06-04 04:25:00,508.12914250424814,53.270123582827
2026-06-04 04:30:00,548.4591378839275,34.663141665921636
ERR-2026-06-04 04:35:00,526.7475388898062,74.2757029996382
2026-06-04 04:40:00,538.0826418345254,44.53141297211945
2026-06-04 04:45:00,634.2721861351185,25.65817959780198
2026-06-04 04:50:00,526.5163922746588,58.12048446254523
2026-06-04 04:55:00,435.1001479526842,41.91781708109235
2026-06-04 05:00:00,588.3606785994169,68.7111582511541
,363.38016623310824,57.2165059772221
2026-06-04 05:10:00,391.85866192607125,71.31089329210982
2026-06-04 05:15:00,533.5847264720069,39.466231337830735
2026-06-04 05:20:00,551.6396667786579,62.77988776954925
2026-06-04 05:25:00,375.4948776496005,41.86765281110896
ERR-2026-06-04 05:30:00,461.718251901325,53.435635076249625
2026-06-04 05:35:00,439.3916167780341,51.724035660693836
2026-06-04 05:40:00,,63.8724832013107
2026-06-04 05:45:00,594.3597776272945,
2026-06-04 05:50:00 (UTC),570.6505463547253,45.35126050826214
2026-06-04 05:55:00,498.0877820146292,60.88652177755826
,,49.080261550830144
2026-06-04 06:05:00,365.0350329779859,56.93559258130128
ERR-2026-06-04 06:10:00,642.0184938781949,52.956569434737496
2026-06-04 06:15:00,559.2113900284918,2868.549671714364
2026-06-04 06:20:00,429.33308959268595,36.76388351140629
2026-06-04 06:25:00,571.9599497624891,52.033628034451006
2026-06-04 06:30:00,492.97763794253746,43.249832599007206
2026-06-04 06:35:00,471.2890495137657,37.69877675916431
corrupted_timestamp,543.5211528289602,58.30463027505229
,425.8501750087275,43.691355495933905
ERR-2026-06-04 06:50:00,465.62434804898896,31.947564572916008
2026-06-04 06:55:00,512.1461064199545,50.02238195184536
2026-06-04 07:00:00,450.05488071147863,48.47984211942453
2026-06-04 07:05:00,566.9085210267524,49.3825214064561
2026-06-04 07:10:00,686.906650367826,49.37098126954933
2026-06-04 07:15:00,424.57018673928576,39.93992202958738
2026-06-04 07:20:00 (UTC),333.4874703695956,46.006866294699144
2026-06-04 07:25:00,299.8259832523738,60.39261285967366
2026-06-04 07:30:00,484.95318585050177,58.54969768400559
2026-06-04 07:35:00,433.6835409873817,46.46487622893433
2026-06-04 07:40:00,520.7860501067081,55.85171336144537
,513.2597672026101,50.93039112377368
2026-06-04 07:50:00 (UTC),339.6783153385904,46.702610852232795
2026-06-04 07:55:00,318.5116170518594,62.46655741279925
04/06/2026 08:00:00,529.5933240346095,41.05145639982772
2026-06-04 08:05:00,513.5428834719957,53.06529976641602
2026-06-04 08:10:00,457.41820016334486,33.3658766910665
2026-06-04 08:15:00,334.2856414867696,53.60507750460493
2026-06-04 08:20:00,547.139126276499,1520.128620746384
2026-06-04 08:25:00,,46.18287371886025
2026-06-04 08:30:00,5354.277202145778,47.08846018496182
2026-06-04 08:35:00,,27.81483427676563
2026-06-04 08:40:00,504.45521655711514,33.85903783085804
2026-06-04 08:45:00,363.3885919066315,58.30119268665088
2026-06-04 08:50:00,605.7960713838793,51.045932560655665
2026-06-04 08:55:00,508.1844334529539,2009.7622459736688
2026-06-04 09:00:00,323.1843088246768,36.320851115292065
corrupted_timestamp,469.93256395563174,58.51197183709093
,7295.086263740637,54.606896967041465
2026-06-04 09:15:00,,61.64512594238072
2026-06-04 09:20:00,7021.5410796416945,48.924176663932045
04/06/2026 09:25:00,377.55977929527285,51.146375681543624
2026-06-04 09:30:00,556.6540987081656,41.225073730584
2026-06-04 09:35:00,435.15307999808624,47.29401853314608
2026-06-04 09:40:00,9726.969202732196,45.086458445829315
2026-06-04 09:45:00,462.8742629329606,36.74504219108407
ERR-2026-06-04 09:50:00,598.1149715570353,51.36164280713029
04/06/2026 09:55:00,461.30705534000526,59.41923762694393
2026-06-04 10:00:00,673.798498512352,61.79916817663574
2026-06-04 10:05:00,542.8967948548517,41.89387854149916
2026-06-04 10:10:00,533.8758162280366,49.63590199722736
2026-06-04 10:15:00,487.16017340823913,48.65379459503774
2026-06-04 10:20:00,493.1713792235709,64.74599580867304
2026-06-04 10:25:00,473.6576364880496,67.86294973956421
2026-06-04 10:30:00,469.77306079174735,1017.3840289701976
2026-06-04 10:35:00,553.0867162067149,54.86482823440055
2026-06-04 10:40:00,8853.760021556809,55.31121501170983
2026-06-04 10:45:00,392.410617127574,47.99495616689984
2026-06-04 10:50:00,387.6804949124622,37.37078508222322
04/06/2026 10:55:00,704.5654547677154,57.05429302609883
2026-06-04 11:00:00,553.034290167058,62.16243591416061
ERR-2026-06-04 11:05:00,530.4492201680144,44.53020226508348
2026-06-04 11:10:00,394.24853297065687,61.96390273411879
2026-06-04 11:15:00,562.3342300674828,50.04033929107385
2026-06-04 11:20:00 (UTC),488.34286535466714,64.21937318192722
2026-06-04 11:25:00,521.416894113175,64.19941644566711
2026-06-04 11:30:00,402.3379684136444,49.764435545514885
2026-06-04 11:35:00,516.0268857417577,54.173613608724075
2026-06-04 11:40:00,457.6166461793517,42.97581395882777
2026-06-04 11:45:00,6539.8020424897695,33.76473886160019
2026-06-04 11:50:00,573.4106335807248,52.50729273032721
2026-06-04 11:55:00,346.22921914699975,35.33710478849564
2026-06-04 12:00:00,556.477626431415,70.93079219896126
2026-06-04 12:05:00,568.4486133552996,61.38488566395545
2026-06-04 12:10:00,,
2026-06-04 12:15:00,417.9671538867533,76.67296127351676
2026-06-04 12:20:00,477.6974318733598,43.696651966109634
,528.203621046222,46.07558233117454
2026-06-04 12:30:00,484.71450081857745,45.95468971739794
2026-06-04 12:35:00,543.3562460191879,49.36009404937594
2026-06-04 12:40:00 (UTC),676.2979652537399,46.899704102675436
2026-06-04 12:45:00,449.2283230850286,54.565618568698596
2026-06-04 12:50:00,328.48200292965794,40.012292124979204
,582.5923583030653,51.27917362524485
2026-06-04 13:00:00,668.3314575927529,44.57468764163636
2026-06-04 13:05:00,7226.81915721484,50.62675400726717
2026-06-04 13:10:00,391.2251324646332,39.17085220193894
2026-06-04 13:15:00,487.6107636764799,41.35479308647806
2026-06-04 13:20:00,388.14765157883676,71.25174247634959
2026-06-04 13:25:00,564.2855493962948,40.78799905741599
2026-06-04 13:30:00,364.8709597301565,55.23467228651114
2026-06-04 13:35:00,469.98712131718,44.631926639029594
2026-06-04 13:40:00,399.56621737060937,39.826604767365126
2026-06-04 13:45:00,512.6824685134961,50.64105647987302
,463.36583228622425,41.31094493871378
2026-06-04 13:55:00,517.6762103250264,55.180005349190246
2026-06-04 14:00:00,502.23505549663656,48.75258382148873
ERR-2026-06-04 14:05:00,401.3340972275889,63.36079965724851
04/06/2026 14:10:00,562.6877063529022,36.94398354185135
2026-06-04 14:15:00,,52.760958696554766
2026-06-04 14:20:00,401.14709921340994,53.703348812778074
2026-06-04 14:25:00,724.0926556205793,40.034178477281706
04/06/2026 14:30:00,547.6430166717125,43.359773578660274
2026-06-04 14:35:00,484.6739446600695,35.76546155768335
2026-06-04 14:40:00,641.5204526701823,34.39956191725223
2026-06-04 14:45:00,684.1815609386607,48.814193597384715
2026-06-04 14:50:00,485.4650577686115,58.06843063703342
2026-06-04 14:55:00,534.7397486434762,48.68394821237893
2026-06-04 15:00:00,401.1997181997059,49.101837697863125
2026-06-04 15:05:00,,37.01673726287679
2026-06-04 15:10:00,480.093744624013,28.98383681228857
,518.4827033621654,53.42051841066026
2026-06-04 15:20:00,533.276047863701,43.39311560024929
,555.982844882806,31.990956553356046
2026-06-04 15:30:00,523.7642656299959,44.55962460150562
2026-06-04 15:35:00,378.92573733708355,52.49341415040623
2026-06-04 15:40:00,406.1532894258915,54.0257684289266
2026-06-04 15:45:00,7329.569302587943,51.98891202392265
2026-06-04 15:50:00,5804.606612845218,43.04468603853195
2026-06-04 15:55:00,605.0774290472114,55.944321497319024
2026-06-04 16:00:00,383.7061013147087,
2026-06-04 16:05:00,464.25849518293,41.23757810057581
2026-06-04 16:10:00,595.300949821405,38.828910080560796
2026-06-04 16:15:00,470.01225255033876,51.96293181463072
2026-06-04 16:20:00,546.0415649842824,58.689682661136146
2026-06-04 16:25:00,486.04579570720966,55.936690845593056
2026-06-04 16:30:00,525.6783257324723,51.632222520302484
2026-06-04 16:35:00,477.15274561904596,56.33386991352148
2026-06-04 16:40:00,566.7065472728355,73.7143955414255
2026-06-04 16:45:00,345.4943592593565,52.87835348397394
2026-06-04 16:50:00,463.6687991611455,51.574241393536695
ERR-2026-06-04 16:55:00,529.6572676694308,55.446049398786634
2026-06-04 17:00:00,553.3695248006193,57.5031557336052
2026-06-04 17:05:00,649.2952622753828,36.64115096140303
2026-06-04 17:10:00,460.89753331344235,51.77122305293976
2026-06-04 17:15:00,647.9481761860873,60.038686225910176
,434.097617334033,67.45643017059587
,632.8646411544644,50.201877080182314
2026-06-04 17:30:00,581.7467126698373,45.45727859627234
2026-06-04 17:35:00,408.6541420367777,51.64968719455273
2026-06-04 17:40:00,530.7039237251822,43.560837015904575
2026-06-04 17:45:00,494.87641644678087,65.69287414584853
corrupted_timestamp,562.5584593675001,54.808690281686445
2026-06-04 17:55:00,477.67284115666905,49.474185459013576
2026-06-04 18:00:00,469.27537743382686,1965.2576394484254
04/06/2026 18:05:00,636.9094582762851,38.46580356258013
2026-06-04 18:10:00,490.12791055443273,29.28030887912098
2026-06-04 18:15:00,582.6422324191766,54.217114626004864
2026-06-04 18:20:00,477.46485149558004,60.73975118265125
2026-06-04 18:25:00,666.6663259227523,48.576959043009
2026-06-04 18:30:00,432.16653706645064,43.20884820795007
2026-06-04 18:35:00 (UTC),438.58564687528155,40.431971193962326
2026-06-04 18:40:00,652.4517181115903,37.65524562431545
2026-06-04 18:45:00,455.50536091047474,56.65172116819818
2026-06-04 18:50:00,660.1074306164393,58.179587840774204
2026-06-04 18:55:00,589.1840579594813,1256.1415980324316
2026-06-04 19:00:00,484.5350293439167,50.072698333443206
2026-06-04 19:05:00,318.67065279828415,
2026-06-04 19:10:00,498.06816957281643,42.850910810082055
2026-06-04 19:15:00 (UTC),510.16300535334244,55.98641863794041
2026-06-04 19:20:00,616.7217733304373,39.62695449886404
2026-06-04 19:25:00 (UTC),658.8447176240112,48.98161976139812
2026-06-04 19:30:00,431.50128208562523,39.82516275131376
2026-06-04 19:35:00,580.1181763988183,43.03177564845977
04/06/2026 19:40:00,576.5402156013349,38.48097987633136
2026-06-04 19:45:00,607.3412702410445,
2026-06-04 19:50:00,549.8689912135544,35.36926252675677
2026-06-04 19:55:00,305.75023090382297,
2026-06-04 20:00:00,484.45775674722404,58.51123019294033
2026-06-04 20:05:00 (UTC),384.42924250830845,60.488212184821236
2026-06-04 20:10:00,479.7394227081926,56.70786232094175
2026-06-04 20:15:00,598.0004236133894,64.15417201947177
2026-06-04 20:20:00,530.5150835874973,36.80396931695859
2026-06-04 20:25:00 (UTC),614.8090866397433,49.08639477573519
2026-06-04 20:30:00,534.1753920713539,50.75489312621001
2026-06-04 20:35:00,370.1674060331097,69.51858552212613
2026-06-04 20:40:00,247.91529934272654,47.62536474806033
2026-06-04 20:45:00,514.8808761679591,58.01310433387106
2026-06-04 20:50:00,478.60735336488347,66.93604146641675
2026-06-04 20:55:00,402.3054260618118,51.302976995466416
04/06/2026 21:00:00,329.9372750348622,45.30877610555699
2026-06-04 21:05:00,426.5256786527291,46.174486044387095
2026-06-04 21:10:00,480.5508515135224,32.885695989564624
ERR-2026-06-04 21:15:00,566.587782370639,45.40833052156045
2026-06-04 21:20:00,,
2026-06-04 21:25:00,660.8067247172729,57.82218712398932
2026-06-04 21:30:00,396.4395943954606,34.37840949723404
2026-06-04 21:35:00,588.1058892057433,53.92240449553833
2026-06-04 21:40:00,504.72987431287277,61.37692501484559
2026-06-04 21:45:00,569.4669124118584,57.2896388562124
04/06/2026 21:50:00,456.34851367344567,45.16981489646798
2026-06-04 21:55:00,607.168037389059,57.63845545421432
2026-06-04 22:00:00,529.5224758345242,50.09676962290267
2026-06-04 22:05:00,432.05550150822506,45.42688051784555
2026-06-04 22:10:00,498.7975971086812,
2026-06-04 22:15:00,476.04441410629005,54.429020474545545
04/06/2026 22:20:00,548.9178350637794,34.43352584928313
2026-06-04 22:25:00,382.02232506254916,44.95934810264663
2026-06-04 22:30:00,497.06482978843053,53.747388081625296
04/06/2026 22:35:00,539.530725264933,44.873441635430076
2026-06-04 22:40:00,503.3023307193033,37.08199528586368
2026-06-04 22:45:00,634.6941244388995,41.086734484344376
2026-06-04 22:50:00,577.4022774071052,51.72113466945555
2026-06-04 22:55:00,499.2519203259253,54.82870601255924
2026-06-04 23:00:00,521.6689097497673,60.84579831830821
2026-06-04 23:05:00,529.5665551482,57.807828636757684
2026-06-04 23:10:00,540.3299604166824,57.69089139083062
2026-06-04 23:15:00,317.4342004335392,30.78419201442316
2026-06-04 23:20:00,469.8473704230653,57.529949992351675
2026-06-04 23:25:00,351.5560931806574,44.828125513001154
2026-06-04 23:30:00,627.8280947459486,35.58456176187055
2026-06-04 23:35:00,493.9150479997072,55.579101621385014
2026-06-04 23:40:00,480.6659050320377,51.78920192787029
2026-06-04 23:45:00,9155.488747597827,58.84770543038472
2026-06-04 23:50:00,542.2324797449875,44.65568640758714
2026-06-04 23:55:00,387.13654856207927,49.942947710491126
2026-06-05 00:00:00,492.90946374726315,31.991811546655146
2026-06-05 00:05:00,466.4833026773615,69.60956079200743
2026-06-05 00:10:00,6841.482603669356,36.6166734473108
2026-06-05 00:15:00,430.9723766762795,41.8970888823738
2026-06-05 00:20:00 (UTC),,39.69241808846023
2026-06-05 00:25:00,488.50490685081576,52.06562795267082
2026-06-05 00:30:00,-998.3229531963729,41.519130147322265
,615.1665583047476,60.7821552813142
2026-06-05 00:40:00,489.7896941108561,53.14802427871384
ERR-2026-06-05 00:45:00,503.7553076660563,35.09854627758405
2026-06-05 00:50:00,540.0641638339837,57.7987471912767
2026-06-05 00:55:00,421.1923746096329,59.119136802257856
2026-06-05 01:00:00 (UTC),545.6355973132696,42.71474796323925
2026-06-05 01:05:00,6036.589723268585,38.556466181177605
2026-06-05 01:10:00,410.34144593528083,53.98669752400912
2026-06-05 01:15:00,557.3447493355399,56.586622858919135
,649.1673858801807,39.96539331036216
2026-06-05 01:25:00,572.4829373485832,59.235597440302186
2026-06-05 01:30:00,592.297756514043,44.26312349841628
2026-06-05 01:35:00,447.9369393437701,61.83194354244782
2026-06-05 01:40:00,340.23802708315435,34.20184936782418
2026-06-05 01:45:00,649.0137522099841,
2026-06-05 01:50:00,705.451488940476,47.915927872161014
2026-06-05 01:55:00,654.2806773769682,40.08811268073872
2026-06-05 02:00:00,466.421406102025,
ERR-2026-06-05 02:05:00,384.5365661271156,46.53199143275051
2026-06-05 02:10:00,393.43173021804336,47.90325441340489
2026-06-05 02:15:00,331.62674323859517,45.96020358417081
2026-06-05 02:20:00,489.26213815899547,37.09416834620404
2026-06-05 02:25:00,660.5677958082455,49.77020360880035
2026-06-05 02:30:00,485.83373681277567,48.74444664449528
2026-06-05 02:35:00,530.2322900348275,39.91037920395813
ERR-2026-06-05 02:40:00,637.5596964304209,62.49052814168926
2026-06-05 02:45:00,459.59046881676005,53.14910247137827
2026-06-05 02:50:00,703.5531456719594,57.19657338048823
05/06/2026 02:55:00,699.2094407497453,41.913019181027465
2026-06-05 03:00:00,486.8888661319517,26.91016191992421
2026-06-05 03:05:00,442.2465735980787,67.4398001619911
05/06/2026 03:10:00,569.7238046390313,51.68657495171807
2026-06-05 03:15:00,465.2475057481142,53.63639643974662
2026-06-05 03:20:00,384.3444782932664,53.20595541389949
2026-06-05 03:25:00,628.123865352298,53.99045693543842
,621.644738727708,39.3628947160974
2026-06-05 03:35:00,515.551160376356,39.71229246472858
2026-06-05 03:40:00,9146.999637625157,1530.186164596998
2026-06-05 03:45:00,377.0473748782614,55.51296483354042
2026-06-05 03:50:00,510.7229288419153,37.866945395912666
ERR-2026-06-05 03:55:00,450.01289654949676,34.712228256011805
2026-06-05 04:00:00,8335.793612312556,43.57491718120794
,602.1963155060004,47.27735880348148
,573.3179317422557,49.503247466951194
2026-06-05 04:15:00,637.8142680497613,45.137275658369944
2026-06-05 04:20:00,400.93767766227427,54.84331348831094
2026-06-05 04:25:00,465.6808431313288,61.669559475738225
2026-06-05 04:30:00,575.8981695460113,50.49153169334277
2026-06-05 04:35:00,544.8078341012891,61.61989559204708
2026-06-05 04:40:00,653.2380382587621,55.499108066956204
2026-06-05 04:45:00,542.0536705904069,40.44996106184646
2026-06-05 04:50:00,684.8109104105553,41.53268730507909
2026-06-05 04:55:00,554.001780172314,41.027520875864894
2026-06-05 05:00:00 (UTC),606.2167447588661,48.090802215013056
2026-06-05 05:05:00,467.6485053215543,47.21130524595401
2026-06-05 05:10:00,501.4287211883989,55.947210013160685
2026-06-05 05:15:00,591.0944403839476,48.431270177500494
05/06/2026 05:20:00,661.2978170593054,52.47668465695397
2026-06-05 05:25:00,572.9236949310753,38.32143314586502
2026-06-05 05:30:00,491.68282280653807,52.416230692232816
2026-06-05 05:35:00,637.7335029528342,45.21608720742309
2026-06-05 05:40:00,280.8021343720119,44.4871138278297
2026-06-05 05:45:00 (UTC),357.77654984931263,
2026-06-05 05:50:00,568.1634223668389,65.11271442401262
2026-06-05 05:55:00,501.4108356253125,38.20294425437384
2026-06-05 06:00:00,560.5513651124165,56.76756149393259
2026-06-05 06:05:00,506.4407522431942,49.53380690186308
2026-06-05 06:10:00,557.0945694603872,36.39955565675473
2026-06-05 06:15:00,418.55971790068094,47.024780837475674
2026-06-05 06:20:00,557.0486086079691,26.634452548356002
2026-06-05 06:25:00,599.4414528207584,2677.4002487292896
2026-06-05 06:30:00,622.0550603931233,46.31943049349036
2026-06-05 06:35:00,701.35542946487,61.15496478960388
corrupted_timestamp,524.4098443502387,63.45744201145787
,527.3911086847179,44.31930828711774
2026-06-05 06:50:00,347.6827535826152,50.293300854363714
2026-06-05 06:55:00,446.8588598861575,51.854000721602276
2026-06-05 07:00:00,480.6917925993387,69.00261566721392
2026-06-05 07:05:00,605.0319552276355,2975.4662170459965
2026-06-05 07:10:00,438.8998875910371,
2026-06-05 07:15:00 (UTC),579.6340019748832,36.00946912595618
2026-06-05 07:20:00,499.837828303662,41.0596052581257
2026-06-05 07:25:00,482.2831884885238,45.0030483002901
2026-06-05 07:30:00,524.8893969133256,63.01342612383152
2026-06-05 07:35:00,460.8843627747157,68.9318181712144
2026-06-05 07:40:00,457.0962751907334,55.01100855477144
2026-06-05 07:45:00,329.52140942098856,53.50937886917703
ERR-2026-06-05 07:50:00,475.20457926721105,
,452.0031853851273,43.15336467209054
2026-06-05 08:00:00,448.40190106509203,63.89932648427381
2026-06-05 08:05:00,541.687306259004,35.68962124558297
2026-06-05 08:10:00,565.863195279051,45.4520416756504
2026-06-05 08:15:00,523.2194504642328,56.53314112012521
ERR-2026-06-05 08:20:00,599.5415190449474,45.1880318494358
ERR-2026-06-05 08:25:00,557.5561925830365,74.68469344076972
2026-06-05 08:30:00,470.49438101943576,56.67613223915576
2026-06-05 08:35:00,453.714371428562,59.83532580239303
corrupted_timestamp,531.2822236766847,42.41071913254453
2026-06-05 08:45:00,557.3767109901901,59.64982520796612
05/06/2026 08:50:00,639.7844307031498,58.10047407625082
2026-06-05 08:55:00,619.1173044940095,65.6454721835723
2026-06-05 09:00:00,445.8526993492831,28.078404264542726
2026-06-05 09:05:00,489.79937198727384,42.19412841896135
2026-06-05 09:10:00,567.1017804917769,53.363605649187456
2026-06-05 09:15:00,606.7997778058972,53.66274133779007
,593.8969468704793,49.54964130973563
05/06/2026 09:25:00,493.6122167168653,34.72073065969117
2026-06-05 09:30:00,374.5977347571484,51.965078801296684
2026-06-05 09:35:00,400.1063623754409,53.08507050494378
2026-06-05 09:40:00,527.2633514319414,49.969991467465334
2026-06-05 09:45:00,534.2225579424346,49.6315410228668
2026-06-05 09:50:00,9479.631589275112,59.421938229169484
2026-06-05 09:55:00,504.4569610889272,48.45954848462488
2026-06-05 10:00:00,563.1224356971783,37.49899941003369
,384.8773342492856,64.03448299518418
2026-06-05 10:10:00,610.4997201804415,63.47073641940088
ERR-2026-06-05 10:15:00,462.2468851440175,49.60337266861997
2026-06-05 10:20:00,625.761311257665,58.750706862507485
2026-06-05 10:25:00,446.65475542240995,34.7597814090739
ERR-2026-06-05 10:30:00,397.3374517115821,48.555364881907
2026-06-05 10:35:00,,
2026-06-05 10:40:00,490.48518769226797,61.246354243498814
2026-06-05 10:45:00,461.1520093228519,35.04020709525434
2026-06-05 10:50:00,478.3998578426887,45.886591406094276
,533.396514967619,52.15728708557316
2026-06-05 11:00:00,482.8820630203601,58.239247287165476
2026-06-05 11:05:00,493.3887606047993,55.27247978011269
05/06/2026 11:10:00,329.0773600797404,61.429964048192794
2026-06-05 11:15:00,539.1698016010473,58.03875452507112
,491.0796702308332,63.085131222833255
05/06/2026 11:25:00,661.029298048287,32.44929247321261
2026-06-05 11:30:00,-367.2398104589669,45.15386346392453
ERR-2026-06-05 11:35:00,,54.51373021104335
2026-06-05 11:40:00,561.8068493930042,65.73727486483504
2026-06-05 11:45:00,5521.75837666007,44.94965508757571
2026-06-05 11:50:00,399.1566979468854,69.65135402063505
corrupted_timestamp,347.02510449959084,53.53056158966501
2026-06-05 12:00:00 (UTC),653.739673068429,42.88370522898022
ERR-2026-06-05 12:05:00,641.4110390606781,38.45474152337337
2026-06-05 12:10:00,251.25432412938707,57.35690657163901
2026-06-05 12:15:00,454.1776970743499,43.598670840047554
,666.4192054783899,47.27790702812082
2026-06-05 12:25:00,452.3937442222133,51.62051534780555
05/06/2026 12:30:00,450.9387765973347,51.995166081836366
2026-06-05 12:35:00,6310.073460299916,69.12494956756593
2026-06-05 12:40:00,,53.93837926157291
2026-06-05 12:45:00,329.5224255771956,43.9521707691618
2026-06-05 12:50:00,605.2547310734749,42.535780014997805
2026-06-05 12:55:00,315.7063093752324,
2026-06-05 13:00:00,524.7271452108756,44.84502328869074
2026-06-05 13:05:00,588.657949275765,55.84759696182558
05/06/2026 13:10:00,354.87737010988417,51.92199595677858
2026-06-05 13:15:00,407.5731597404928,54.20594318552986
2026-06-05 13:20:00,621.317918839159,63.98286639927502
2026-06-05 13:25:00,553.289172022704,52.82746488863652
2026-06-05 13:30:00,438.2714293121113,58.17483478414303
2026-06-05 13:35:00,620.2249003361171,53.05743282179096
2026-06-05 13:40:00,620.6535723454302,45.464412862398056
2026-06-05 13:45:00,526.9052693015707,54.94060650146861
05/06/2026 13:50:00,409.9839772126337,
05/06/2026 13:55:00,458.65512965282045,38.36384308159133
2026-06-05 14:00:00,528.638674395539,55.81549531814564
2026-06-05 14:05:00 (UTC),481.1405170852512,54.640157248082794
2026-06-05 14:10:00,593.8957178234851,
corrupted_timestamp,347.02259198906637,49.77011474944406
2026-06-05 14:20:00,350.57364709337617,49.277620390797836
2026-06-05 14:25:00,8996.436381233229,39.16536136990072
2026-06-05 14:30:00 (UTC),450.84555861930954,31.376291758145637
2026-06-05 14:35:00,437.2951385302259,58.87812811796134
2026-06-05 14:40:00,323.1943280825603,58.74362101329692
2026-06-05 14:45:00,501.95458447981815,47.490929551487504
2026-06-05 14:50:00,494.7244891999234,64.71808959101251
2026-06-05 14:55:00,,
2026-06-05 15:00:00,506.89061331209723,
2026-06-05 15:05:00,486.73959217595035,70.17504580552298
2026-06-05 15:10:00,617.7000636790337,2649.3616376162518
2026-06-05 15:15:00,368.753269655145,49.52794689531894
2026-06-05 15:20:00 (UTC),553.6389218847576,41.47944536765895
2026-06-05 15:25:00,332.8852835204651,46.32287172986629
05/06/2026 15:30:00,416.16381199991923,49.32726391971095
,378.73428673766864,49.555388937904276
2026-06-05 15:40:00,578.1942535451918,39.26605878079606
2026-06-05 15:45:00,493.4589766404606,50.68011666709412
2026-06-05 15:50:00,498.64967554070233,41.75102131839997
2026-06-05 15:55:00,389.3267012270549,61.9664810156025
2026-06-05 16:00:00,470.03065040671106,57.645387442496784
2026-06-05 16:05:00,423.65346966908885,53.43900464632867
2026-06-05 16:10:00,538.3455014854216,45.24108599578123
2026-06-05 16:15:00,400.89088646683865,51.54757693344406
2026-06-05 16:20:00,632.9794365205075,
,332.44195503759056,46.596309106676976
2026-06-05 16:30:00,419.34801675434386,34.099992774438334
2026-06-05 16:35:00,667.7200509966096,57.19114591631978
2026-06-05 16:40:00,456.4861252037966,55.29686676314513
2026-06-05 16:45:00,368.51213355955883,53.211969420869266
2026-06-05 16:50:00,521.9071562537669,42.412144116072994
2026-06-05 16:55:00,452.4607757785458,59.59877864364243
2026-06-05 17:00:00,416.4129744381694,61.48874208375645
2026-06-05 17:05:00,390.4129189201283,52.815613299344434
2026-06-05 17:10:00,776.8373605625943,46.03771677154532
2026-06-05 17:15:00,474.84480998158637,46.247306958801666
2026-06-05 17:20:00,307.44326396671227,46.04606792219564
corrupted_timestamp,649.3709759005534,45.58983477953913
2026-06-05 17:30:00,6786.646297110354,46.46033500455208
2026-06-05 17:35:00,423.3533568980212,53.231898012063404
2026-06-05 17:40:00,406.6880911313858,58.96460971949071
ERR-2026-06-05 17:45:00,567.347279615823,64.51114358951267
2026-06-05 17:50:00,475.30816725105456,40.868886828164115
2026-06-05 17:55:00,307.4022181554899,42.504186082030756
2026-06-05 18:00:00 (UTC),678.7239964604669,58.44196927091387
2026-06-05 18:05:00,456.6009537784043,40.87048088378404
2026-06-05 18:10:00,649.5571736482426,38.41523932381826
2026-06-05 18:15:00 (UTC),627.8434957965715,40.573042087702106
2026-06-05 18:20:00,399.8990455517186,48.238364694503396
2026-06-05 18:25:00,603.3189864363148,66.35682098721406
2026-06-05 18:30:00,434.85574501363186,48.72158328535448
2026-06-05 18:35:00,313.32994131960584,
2026-06-05 18:40:00,457.54018339778577,38.01859388444491
2026-06-05 18:45:00,539.7637501776279,60.74270531231268
2026-06-05 18:50:00,453.7263352003662,
2026-06-05 18:55:00,469.29516590748983,45.31187954387137
2026-06-05 19:00:00 (UTC),614.3566044928613,43.12812449786705
2026-06-05 19:05:00,510.6493980290092,59.57965183894028
2026-06-05 19:10:00,415.67016887150476,47.7416879566649
2026-06-05 19:15:00,570.2030323667327,43.36202375548021
2026-06-05 19:20:00,519.7675566954246,46.33448751435949
2026-06-05 19:25:00,247.8395198537957,52.38635795988304
2026-06-05 19:30:00,542.8352913771448,57.31852490737806
ERR-2026-06-05 19:35:00,539.1828707716102,53.231511521472406
2026-06-05 19:40:00,502.012112958086,52.71509288813736
2026-06-05 19:45:00,,47.5954785458714
2026-06-05 19:50:00,432.7606415673498,51.45594216955988
05/06/2026 19:55:00,533.6499788820901,46.08588667232189
2026-06-05 20:00:00 (UTC),343.3040628832647,47.30199672958712
2026-06-05 20:05:00,540.7090383398831,64.21634557839859
2026-06-05 20:10:00,695.3059695539896,50.4216782160989
2026-06-05 20:15:00,,46.32442068224618
2026-06-05 20:20:00,424.0197868012225,43.25969208057023
2026-06-05 20:25:00,428.9984557108448,
2026-06-05 20:30:00,512.9998225801595,70.86621962204157
2026-06-05 20:35:00,393.6963727146282,71.95697109819277
2026-06-05 20:40:00 (UTC),542.124737869098,56.27701766435809
2026-06-05 20:45:00 (UTC),584.6839945469166,39.647548969450966
,,77.34612179182878
2026-06-05 20:55:00,323.15845743619275,35.96068380801283
2026-06-05 21:00:00,599.5167665158606,53.93252734405128
2026-06-05 21:05:00,593.736741425368,32.869005765088076
2026-06-05 21:10:00,583.0161372346304,28.27766542980997
2026-06-05 21:15:00,537.2842248655825,52.32080803888409
2026-06-05 21:20:00,522.0189314205132,53.59028001044212
2026-06-05 21:25:00,603.2389398126397,51.18993046206018
corrupted_timestamp,692.3513487603454,64.93112199203111
ERR-2026-06-05 21:35:00,404.695953663515,49.51992404465433
2026-06-05 21:40:00,607.8125395794772,58.122835625302535
05/06/2026 21:45:00,491.3782901992547,42.17321252108731
2026-06-05 21:50:00,487.0326947971399,62.95009952175391
2026-06-05 21:55:00,346.34693096179615,63.80370490620724
,471.5210590484605,47.45443207130268
ERR-2026-06-05 22:05:00,400.27350420315844,53.7521061844451
2026-06-05 22:10:00,453.61455704940545,43.01203574873228
2026-06-05 22:15:00,390.181361622185,47.79516880012129
2026-06-05 22:20:00,455.1091612686994,57.37308297057481
2026-06-05 22:25:00,459.3889642976597,54.84838605269244
,-125.8884940476321,32.708724508660275
ERR-2026-06-05 22:35:00,338.5250137708669,38.62734757070575
2026-06-05 22:40:00,355.4481852254677,44.12015866836366
2026-06-05 22:45:00,536.1914270730526,52.197989567201944
,420.2561882929901,40.82457243568481
2026-06-05 22:55:00,607.4529790229931,
2026-06-05 23:00:00,522.5269722015047,23.70634521892217
2026-06-05 23:05:00,560.6762150206407,70.86172545298955
2026-06-05 23:10:00,641.0692320420894,52.01981025483265
2026-06-05 23:15:00,469.0289188193427,35.57389209633969
2026-06-05 23:20:00,442.55132945837244,60.330287484626055
2026-06-05 23:25:00,587.1702585598814,64.93571691799055
ERR-2026-06-05 23:30:00,550.9513563929686,52.13357882571932
,481.26696901786994,56.2303397772298
2026-06-05 23:40:00,639.1457966955942,63.087699001065005
2026-06-05 23:45:00,478.77556901600695,56.055854583752875
corrupted_timestamp,503.27736375557816,56.32573403354469
2026-06-05 23:55:00,502.1222650834258,34.65723284271314
2026-06-06 00:00:00,406.5406105101529,22.708204924115467
06/06/2026 00:05:00,507.7585389486391,58.61463563739814
2026-06-06 00:10:00,639.6760177398492,47.757058761371944
2026-06-06 00:15:00,-718.9430783259329,
2026-06-06 00:20:00,503.10634263989317,59.73200356128557
2026-06-06 00:25:00 (UTC),,40.45168515633276
2026-06-06 00:30:00,533.0867028406351,49.63486288096975
2026-06-06 00:35:00,574.9766628489185,50.57054189981063
2026-06-06 00:40:00,560.9238830889753,56.898022348977356
2026-06-06 00:45:00,466.81351381780206,53.41277654130935
2026-06-06 00:50:00,532.4781594110115,53.417423685006845
2026-06-06 00:55:00,547.9939741148279,45.95364283244901
2026-06-06 01:00:00,399.28050124730214,46.21528234773458
2026-06-06 01:05:00,516.8230541183694,53.40259463974203
,283.8696113697638,1523.0551816490974
2026-06-06 01:15:00,548.2533709821186,41.71475740040473
2026-06-06 01:20:00,566.0343054562682,62.86256081770766
2026-06-06 01:25:00,574.754612578646,43.253539921309894
corrupted_timestamp,460.4953147830432,45.413823058792715
2026-06-06 01:35:00,530.9046835024035,
2026-06-06 01:40:00,642.3953845541166,43.101618397579905
2026-06-06 01:45:00,641.3769648291259,53.21148720299277
ERR-2026-06-06 01:50:00,497.0827300773439,54.09114853255529
2026-06-06 01:55:00,513.931963072956,49.09793722276402
2026-06-06 02:00:00,,46.11621625648666
,349.9197984737825,38.735935304614024
2026-06-06 02:10:00,467.6924257322975,56.27858976082854
2026-06-06 02:15:00,633.5570455536756,61.02665630836418
2026-06-06 02:20:00,597.5200541684766,59.96225092505301
2026-06-06 02:25:00,-516.4503779590283,53.70896997514268
2026-06-06 02:30:00,349.41675946693795,30.24146332117971
2026-06-06 02:35:00,495.0089766958838,57.69440576409173
2026-06-06 02:40:00,441.0084603750067,48.91599101138772
2026-06-06 02:45:00,533.1038902817213,44.07943918571857
2026-06-06 02:50:00,419.06533152051196,56.57550436852397
2026-06-06 02:55:00,397.42766050253925,52.2602386917162
2026-06-06 03:00:00,293.51347223163583,60.089490342478925
2026-06-06 03:05:00,622.1804684976702,53.40887109617442
2026-06-06 03:10:00,460.02294885569427,47.33104928661844
2026-06-06 03:15:00,515.7145783702534,46.51094697120714
2026-06-06 03:20:00,499.77618835258187,
ERR-2026-06-06 03:25:00,393.25660670395007,36.620636701993085
2026-06-06 03:30:00,374.0935088551807,44.984249132544186
,399.46848740027644,28.05837134864929
2026-06-06 03:40:00,427.6831561170607,54.213402883141455
2026-06-06 03:45:00,536.6606247013805,56.450758120195786
2026-06-06 03:50:00,420.42823364793884,42.30688460845661
2026-06-06 03:55:00,674.6490631594622,1434.316480608255
2026-06-06 04:00:00,602.715103589315,59.53199118507191
2026-06-06 04:05:00,580.8359549665709,42.85805529622257
2026-06-06 04:10:00,488.03410975268497,1427.6958555118777
2026-06-06 04:15:00,651.4280735720483,49.85853496923806
2026-06-06 04:20:00,478.1994368878876,44.71001019482436
06/06/2026 04:25:00,496.8738585845754,1303.2807485457975
2026-06-06 04:30:00,516.9974539749269,50.3177286472699
2026-06-06 04:35:00,570.1823040543344,64.94440346431374
2026-06-06 04:40:00,563.6908079002985,42.64860005756914
2026-06-06 04:45:00,452.48747215553965,36.752041757553954
2026-06-06 04:50:00,9630.718818204805,49.838190250820354
2026-06-06 04:55:00,,54.763184527792006
2026-06-06 05:00:00,571.5236583891233,
2026-06-06 05:05:00,460.6648875177127,67.98394684607592
,341.28119303215465,62.12843771048857
2026-06-06 05:15:00,479.26839039917553,44.74458704688545
2026-06-06 05:20:00,562.3525798825858,50.642863813518446
2026-06-06 05:25:00,680.541684641978,31.94810696273735
2026-06-06 05:30:00,380.2042037659338,60.515988773022315
2026-06-06 05:35:00,457.3428747169427,43.1952634892006
2026-06-06 05:40:00,461.0596438474623,51.98959337228982
2026-06-06 05:45:00,635.5805339431502,47.42602967405665
2026-06-06 05:50:00,496.50584995413675,35.106499985052196
2026-06-06 05:55:00,409.2673440627734,58.3355758389126
2026-06-06 06:00:00,555.8695282921819,39.41373814410253
,459.53614799590537,44.80719327915127
2026-06-06 06:10:00 (UTC),377.5612726642046,
,410.7226692723849,40.28726643212044
2026-06-06 06:20:00,673.4041954422619,64.90869877043676
2026-06-06 06:25:00,538.4209221649462,40.13033329505309
2026-06-06 06:30:00,510.7760055452543,38.30387972823174
2026-06-06 06:35:00,475.01062641879537,50.46518875281822
06/06/2026 06:40:00,529.2148842118798,66.34113422822958
2026-06-06 06:45:00,528.0235946002495,49.940785752022286
2026-06-06 06:50:00,529.2168828207326,59.81375403700092
ERR-2026-06-06 06:55:00,511.4845090277753,36.59143360865316
2026-06-06 07:00:00,586.879833830555,46.33565172965222
2026-06-06 07:05:00,502.3104346000731,46.97269827872402
2026-06-06 07:10:00,402.20611644473615,37.386275152128704
2026-06-06 07:15:00,438.75771090991316,
2026-06-06 07:20:00,302.0981306510288,47.583799980453485
2026-06-06 07:25:00,702.6817116042392,65.79738845910762
2026-06-06 07:30:00,586.2754591952687,1723.0863579565141
2026-06-06 07:35:00,416.9929504870763,43.1701749172396
2026-06-06 07:40:00,471.81551506029,29.628316543926427
2026-06-06 07:45:00,436.3123525793567,46.27955117097576
2026-06-06 07:50:00,654.2547211374117,45.60257748339577
ERR-2026-06-06 07:55:00,358.0122835729071,53.84526998913728
2026-06-06 08:00:00 (UTC),511.4476058818779,47.46276187155554
2026-06-06 08:05:00,489.14721574351523,56.31811215062939
2026-06-06 08:10:00 (UTC),582.6838630709115,57.675042810701164
2026-06-06 08:15:00,489.59907722753053,49.30160056179808
2026-06-06 08:20:00,324.1791123344565,49.441933281910096
ERR-2026-06-06 08:25:00,474.88821653575593,50.34247143302994
2026-06-06 08:30:00,402.7837782056675,32.552269739883904
2026-06-06 08:35:00,,57.20377113823348
2026-06-06 08:40:00,643.4177036520326,66.97274534585469
2026-06-06 08:45:00,326.05747557677216,50.592951686394095
2026-06-06 08:50:00,419.97772646000965,42.173118310683975
2026-06-06 08:55:00,444.7307046216503,49.93017324575846
,461.83689045867885,45.650549115033044
2026-06-06 09:05:00,574.0125664105244,2407.4905534923846
2026-06-06 09:10:00,482.6455582438613,46.87994828626421
2026-06-06 09:15:00,541.5802725720446,28.471465537981523
2026-06-06 09:20:00,437.42269562682236,50.954290555014595
2026-06-06 09:25:00,522.9924345417937,72.2434894676235
2026-06-06 09:30:00,577.7797630877715,36.638869638105845
corrupted_timestamp,426.77004502629114,60.971694367292045
2026-06-06 09:40:00,578.1358119806515,
2026-06-06 09:45:00,,40.81061907611044
2026-06-06 09:50:00,604.5460240482253,2780.8689151641
2026-06-06 09:55:00,,52.62678145436588
2026-06-06 10:00:00,538.1244655162099,53.60903662985114
2026-06-06 10:05:00,-908.3276522172624,2535.7381021165124
2026-06-06 10:10:00,490.3787737959421,
2026-06-06 10:15:00,525.893042822569,45.05568972128169
2026-06-06 10:20:00,553.6807469224904,54.92736832196023
2026-06-06 10:25:00,375.0435088075995,57.0321152819734
2026-06-06 10:30:00,643.3633608817878,58.95831028574814
06/06/2026 10:35:00,314.03369594502016,40.105054649855575
2026-06-06 10:40:00,431.5187890261104,70.11458193609948
2026-06-06 10:45:00,490.57309292350993,40.792167712413075
2026-06-06 10:50:00,541.2355969085949,58.944989605517506
2026-06-06 10:55:00 (UTC),,45.00771302291909
2026-06-06 11:00:00,314.1708511774892,50.51988993252465
2026-06-06 11:05:00,449.23058716102895,48.75248001291536
corrupted_timestamp,287.3166512200735,54.66981662240875
06/06/2026 11:15:00,503.1621973910248,60.480553049986696
,527.1683584500031,43.87770954311041
2026-06-06 11:25:00,659.0795742171252,41.23001296820726
2026-06-06 11:30:00,512.0634760893454,29.37335992724489
2026-06-06 11:35:00,604.402512944238,51.802664714726255
2026-06-06 11:40:00,558.3837081539059,48.309358100326826
2026-06-06 11:45:00,456.47518029948316,51.08745697488532
2026-06-06 11:50:00,359.10392532079607,48.984679717009136
2026-06-06 11:55:00,,57.58910756405597
2026-06-06 12:00:00,350.7897982854636,44.93564974354042
ERR-2026-06-06 12:05:00,629.5207072669643,53.49149162977327
2026-06-06 12:10:00,483.7937897963176,49.68090131872881
2026-06-06 12:15:00,619.5177411511416,40.38969391904029
2026-06-06 12:20:00,451.9785565867601,43.13571858975576
2026-06-06 12:25:00,526.8850786400992,59.201537636293615
2026-06-06 12:30:00,520.9348857334688,58.2390228335775
2026-06-06 12:35:00,495.4955881989076,57.38872379625723
ERR-2026-06-06 12:40:00,,48.311839139161044
ERR-2026-06-06 12:45:00,539.2456018470521,27.566941519869456
2026-06-06 12:50:00,407.38367365167915,33.36108915823237
2026-06-06 12:55:00,379.0564671040941,47.37075454376711
2026-06-06 13:00:00,624.2826893326828,34.82228106560949
06/06/2026 13:05:00,572.71679888921,61.44756095760229
06/06/2026 13:10:00,506.589160860224,41.90893740554002
2026-06-06 13:15:00,7719.328166513547,47.25319771232805
2026-06-06 13:20:00 (UTC),473.2234481275155,67.35199127971813
2026-06-06 13:25:00,632.270321998898,60.30650086892321
2026-06-06 13:30:00,517.5574084925822,53.46325797349331
2026-06-06 13:35:00,397.524924992361,52.211207390205615
06/06/2026 13:40:00,684.8040191770849,42.4381259832865
2026-06-06 13:45:00,599.0710846624086,57.61189770650915
06/06/2026 13:50:00,487.8978968990436,52.12710366546341
2026-06-06 13:55:00,572.7171259533949,48.645371658625805
2026-06-06 14:00:00,459.62965660020933,56.41033496108853
2026-06-06 14:05:00,582.9149035059542,56.58946637999563
2026-06-06 14:10:00,260.8921434716041,40.28693678522701
2026-06-06 14:15:00,,59.16714314394858
2026-06-06 14:20:00,597.9259744286962,49.14440927985785
2026-06-06 14:25:00,475.03444617810806,50.832339154329446
2026-06-06 14:30:00,520.7542294888742,36.84364427500697
2026-06-06 14:35:00,365.32143378845655,37.14726740604058
2026-06-06 14:40:00,684.7866995702103,
2026-06-06 14:45:00,619.0529643717676,73.93057807432366
2026-06-06 14:50:00,479.93147816246704,
2026-06-06 14:55:00,459.5304143136674,32.98232098779335
2026-06-06 15:00:00,602.9604361419692,34.85684837253639
06/06/2026 15:05:00,,44.87701897396116
2026-06-06 15:10:00,595.3760255811353,61.07129714606714
2026-06-06 15:15:00,717.1802667396602,56.251963354967266
2026-06-06 15:20:00 (UTC),407.7648670938082,71.67450700611745
2026-06-06 15:25:00,418.06131695012095,46.95448042588387
corrupted_timestamp,381.1058881946651,43.02666043862329
2026-06-06 15:35:00,544.176064964948,
06/06/2026 15:40:00,,48.26189591647157
2026-06-06 15:45:00,484.8048876528014,49.72725176872084
2026-06-06 15:50:00,580.9258628123299,51.0688558191995
2026-06-06 15:55:00,623.2328605214664,71.20029981372228
2026-06-06 16:00:00,5872.996654093461,51.20211888947454
2026-06-06 16:05:00,440.30279720988847,39.36770393456037
2026-06-06 16:10:00,582.014359412306,47.094731655894826
2026-06-06 16:15:00,453.2261316141418,57.25684912507904
2026-06-06 16:20:00,420.1793923641846,56.003791083166256
2026-06-06 16:25:00 (UTC),601.8537427650394,55.458702387379084
2026-06-06 16:30:00,371.049993027602,33.01007060772311
2026-06-06 16:35:00,469.8420192208895,34.40544741756304
2026-06-06 16:40:00,532.8644025804808,
2026-06-06 16:45:00,442.61800860898813,54.46074600505502
2026-06-06 16:50:00,578.3155656013175,41.689441110580155
2026-06-06 16:55:00,443.1123024802631,
06/06/2026 17:00:00,640.861949344592,55.40790240752106
2026-06-06 17:05:00,487.42537025042276,
ERR-2026-06-06 17:10:00,567.1270136705353,77.80202213505352
2026-06-06 17:15:00,,45.344555673043146
2026-06-06 17:20:00,7408.247386155781,46.30599522184883
2026-06-06 17:25:00,294.65134513441114,45.839445996345944
,536.0755754663835,50.4177534428956
2026-06-06 17:35:00,507.22883471248696,39.2524179029615
2026-06-06 17:40:00,555.5826027575127,57.37172751552074
2026-06-06 17:45:00,477.3472527617162,58.74815956554221
06/06/2026 17:50:00,456.9572301199284,56.671314786928576
2026-06-06 17:55:00,,45.468913365677004
2026-06-06 18:00:00,352.76459384892223,45.514055691307426
2026-06-06 18:05:00,573.3950478364238,56.13098391159974
2026-06-06 18:10:00,442.5398141816609,52.15631036055158
2026-06-06 18:15:00,466.4221382259578,41.981585349734054
2026-06-06 18:20:00,468.28971674260345,29.758927387917925
2026-06-06 18:25:00,419.6565725828743,46.052424657911004
2026-06-06 18:30:00,557.1224210236239,55.22024098096946
2026-06-06 18:35:00,639.0643595949957,54.94890379103049
2026-06-06 18:40:00,547.0013661246661,34.85496576455825
2026-06-06 18:45:00,510.3381996212095,58.37306593441212
corrupted_timestamp,401.35595009007534,68.51009618880424
2026-06-06 18:55:00,551.6825265824451,46.48814234914642
ERR-2026-06-06 19:00:00,715.6349631729299,47.96514132476247
2026-06-06 19:05:00,461.9305376204908,44.76787467026645
2026-06-06 19:10:00,,46.468368881969575
2026-06-06 19:15:00,443.8910869019003,62.11528366659675
2026-06-06 19:20:00,451.058576550558,42.156534514815995
2026-06-06 19:25:00,225.47004463276153,52.42237428478785
2026-06-06 19:30:00,540.5035385855713,47.24959514755328
2026-06-06 19:35:00,415.44478236453864,51.9071909317104
06/06/2026 19:40:00,338.97368812082,47.139624389481725
2026-06-06 19:45:00,575.3189949732549,58.20743664263327
2026-06-06 19:50:00 (UTC),391.7982214958064,60.409201016705765
2026-06-06 19:55:00,466.13309461162424,53.740480035791684
2026-06-06 20:00:00,646.644239118858,47.8454403411428
2026-06-06 20:05:00,359.07842019754867,57.86762904994612
2026-06-06 20:10:00,,42.507808980749886
2026-06-06 20:15:00,6609.153387832541,
ERR-2026-06-06 20:20:00,614.9487364010369,44.85534491649312
2026-06-06 20:25:00,342.5658282268037,52.14989810287993
2026-06-06 20:30:00,540.7689736837177,40.40251960602703
2026-06-06 20:35:00,,
2026-06-06 20:40:00,294.08395163076796,37.43174948337206
2026-06-06 20:45:00,579.850133790722,48.713862742081
2026-06-06 20:50:00 (UTC),587.660587984218,35.22974122951578
2026-06-06 20:55:00,468.82144267439753,61.6255341303872
2026-06-06 21:00:00,625.2346362298008,65.54181976831916
ERR-2026-06-06 21:05:00,613.6455574324846,38.09034889756909
2026-06-06 21:10:00,510.3117925717205,53.24270774432567
06/06/2026 21:15:00,,47.041671965768685
,402.7172107417043,55.1206899623413
ERR-2026-06-06 21:25:00,496.2436490633809,65.76368770989153
2026-06-06 21:30:00,556.9758919704179,53.85415452770632
2026-06-06 21:35:00,467.5823138959359,42.344267372706376
2026-06-06 21:40:00,280.24989947379703,43.095476913573755
2026-06-06 21:45:00,626.8713894576571,46.46101303764722
2026-06-06 21:50:00,519.0223221844893,42.72262229655696
2026-06-06 21:55:00,462.03755033231664,57.60226749789533
2026-06-06 22:00:00,585.7158388423288,58.454424374787116
ERR-2026-06-06 22:05:00,652.4638596482756,62.59629228501038
2026-06-06 22:10:00,219.80884305121083,45.752414440509085
corrupted_timestamp,543.4263649922071,61.54256406919051
2026-06-06 22:20:00,357.3350789189653,66.8326363780267
2026-06-06 22:25:00,549.9110506798942,36.73510808778624
2026-06-06 22:30:00 (UTC),512.792720237458,45.1273532489342
06/06/2026 22:35:00,563.572652644055,48.91854714266658
2026-06-06 22:40:00,450.0752385505345,58.2229038471241
2026-06-06 22:45:00,312.6759888180848,63.40134671062992
06/06/2026 22:50:00,454.9631808743332,32.6944134448167
2026-06-06 22:55:00,540.6847635139783,43.30429790694861
06/06/2026 23:00:00,-933.6658439405647,61.45505392909956
2026-06-06 23:05:00,382.8168699527475,41.47987007339991
2026-06-06 23:10:00,602.7060426873018,57.982120357002756
2026-06-06 23:15:00,435.2127710353479,55.735603842430855
ERR-2026-06-06 23:20:00,536.2449881594526,57.77275094585122
ERR-2026-06-06 23:25:00,449.0106047134367,57.900403090734855
2026-06-06 23:30:00,518.2170627712102,45.733685687759234
ERR-2026-06-06 23:35:00,589.1877634570275,47.341750056495975
2026-06-06 23:40:00,377.2985922711464,46.54581002218561
06/06/2026 23:45:00,432.0094103253168,52.25257260736114
2026-06-06 23:50:00,518.4962587342087,28.688377214213308
2026-06-06 23:55:00,740.1583661030352,54.82436907942856
2026-06-07 00:00:00,413.6810287833172,67.22489228144724
2026-06-07 00:05:00,704.0133885996919,51.97338790131228
2026-06-07 00:10:00,700.4423303675171,
2026-06-07 00:15:00,490.2688849298409,2375.374359027165
2026-06-07 00:20:00,470.18474738001,55.3068679069377
2026-06-07 00:25:00,430.7934801335308,61.43359561200688
ERR-2026-06-07 00:30:00,493.1797469667331,49.321322089657826
2026-06-07 00:35:00,359.3280567440442,48.33118989575225
2026-06-07 00:40:00,,36.260720670344945
2026-06-07 00:45:00 (UTC),649.6880273850857,50.46928402249796
2026-06-07 00:50:00,438.89149375232824,37.98111900482816
2026-06-07 00:55:00,475.92756960109494,44.526724870429945
2026-06-07 01:00:00,329.88595257327586,58.77518147978644
2026-06-07 01:05:00,537.4062088131044,60.208811985482185
2026-06-07 01:10:00,526.4481684951373,54.63251944635142
,506.3702359765771,62.1445245175451
2026-06-07 01:20:00,9570.537953874766,33.49985217761909
2026-06-07 01:25:00,470.72420812275453,66.2805720979654
,550.1900233700671,41.51163079817595
2026-06-07 01:35:00,,53.008003612279225
2026-06-07 01:40:00,531.4971871555332,43.345062533091564
ERR-2026-06-07 01:45:00,521.4982817454548,53.1000114179036
2026-06-07 01:50:00,612.3427287095761,50.178698016404056
corrupted_timestamp,567.6994097375054,61.37505045993802
,519.2861843150191,74.64970677784709
2026-06-07 02:05:00,651.842203065218,58.818170394172
2026-06-07 02:10:00,542.0268529056561,48.804522894567
2026-06-07 02:15:00,630.4962688790418,2745.0782156490422
2026-06-07 02:20:00,560.6942608386638,33.02952332052212
2026-06-07 02:25:00,315.8080921068457,44.194335634017804
ERR-2026-06-07 02:30:00,630.4834763319329,
2026-06-07 02:35:00,,47.22678500301719
2026-06-07 02:40:00,494.8045229099222,42.61048735361198
2026-06-07 02:45:00,528.1348347489577,56.959797788855255
07/06/2026 02:50:00,,49.97835807246267
2026-06-07 02:55:00,522.7028860388946,48.63398604173132
2026-06-07 03:00:00 (UTC),440.81239336569075,64.09332607130851
2026-06-07 03:05:00,627.427225873437,45.535851989952775
2026-06-07 03:10:00,488.64118863789497,60.2764491370698
2026-06-07 03:15:00,461.74161572775665,47.259394984784265
2026-06-07 03:20:00,407.5074184280726,47.47570393172218
2026-06-07 03:25:00,526.8775789148641,42.39444301324378
2026-06-07 03:30:00,518.7107100125091,35.44688922470199
2026-06-07 03:35:00,538.8424613677506,
2026-06-07 03:40:00,397.27481124948713,32.237481404588024
2026-06-07 03:45:00,339.8818801188427,52.55805491929412
2026-06-07 03:50:00,562.5591302506559,2839.4527004063766
2026-06-07 03:55:00,648.4641861876507,60.84130742573386
2026-06-07 04:00:00,9685.919894522383,42.749213541127986
2026-06-07 04:05:00,658.9441283561698,47.42325801339685
2026-06-07 04:10:00,528.3911058736381,62.178036523521186
2026-06-07 04:15:00,499.293709544917,58.90020609302802
,460.2451303454222,51.36316532894996
2026-06-07 04:25:00,361.5481980575004,39.652425203674106
2026-06-07 04:30:00,598.77285159246,55.86784639238732
2026-06-07 04:35:00,422.4393638562397,47.1176708789029
2026-06-07 04:40:00,422.01933242624,44.80040725272426
2026-06-07 04:45:00,599.1926309886954,63.312791641573924
2026-06-07 04:50:00,311.70165533282733,64.66344792419355
2026-06-07 04:55:00,347.6402189331833,41.13362063056988
07/06/2026 05:00:00,498.1865756491918,67.16074987271772
2026-06-07 05:05:00,529.3284429004852,49.103262723559965
2026-06-07 05:10:00 (UTC),548.4734647968924,57.82740910858059
2026-06-07 05:15:00,-163.45524932192734,68.3127045020387
2026-06-07 05:20:00,753.0369668641689,48.371080925921575
2026-06-07 05:25:00,477.2107441234166,52.61935011593557
,-706.9846905390543,57.23451529084192
07/06/2026 05:35:00,420.30133311861226,65.80300507244516
2026-06-07 05:40:00,512.3906816521071,50.199399842448635
07/06/2026 05:45:00,561.4961232046775,58.093794337815595
07/06/2026 05:50:00,620.357805453346,42.25733047461616
,351.0715735559782,35.18453823571872
2026-06-07 06:00:00,475.40046616442993,43.21522723405761
2026-06-07 06:05:00,544.6703610809144,43.18752879339968
2026-06-07 06:10:00,558.7057534594536,59.75123005874712
2026-06-07 06:15:00,,49.265285744825775
2026-06-07 06:20:00,554.2423969532102,43.891461916054304
2026-06-07 06:25:00,419.10361070742,41.12700720529665
2026-06-07 06:30:00,655.7905432318357,
2026-06-07 06:35:00 (UTC),,59.17243553416587
2026-06-07 06:40:00 (UTC),365.50722129348276,41.099594909914394
07/06/2026 06:45:00,5261.6760946987215,48.726608208468434
2026-06-07 06:50:00,395.3078249893094,2447.7456489440024
2026-06-07 06:55:00,567.7969970896529,53.54213595737971
2026-06-07 07:00:00,371.5272233582533,68.40919380203226
,466.89756657919196,43.4802011835378
07/06/2026 07:10:00,545.4704396416774,53.173859359903055
2026-06-07 07:15:00,493.38340654535654,49.84674002413722
2026-06-07 07:20:00,9559.389577903665,45.338948066177544
2026-06-07 07:25:00,393.41972886512417,50.504150848540014
2026-06-07 07:30:00,559.4854373397245,68.19799160391179
2026-06-07 07:35:00,438.67881075240035,49.309588293347225
corrupted_timestamp,467.53803256020586,49.308327942602745
ERR-2026-06-07 07:45:00,523.7731727905987,46.21228288959134
2026-06-07 07:50:00,510.3078221530848,54.15397692103503
2026-06-07 07:55:00,502.39800190155927,40.001210594353275
2026-06-07 08:00:00,424.9373178023244,51.21446342145097
2026-06-07 08:05:00,470.0450588800808,54.45824320591642
,500.2183590837036,41.518785779689644
2026-06-07 08:15:00,362.4914766832915,65.97878886223795
2026-06-07 08:20:00,453.7467033686621,65.61240889459334
2026-06-07 08:25:00,538.7679879032846,72.47680216541447
2026-06-07 08:30:00,372.2563396154657,55.71359707165027
2026-06-07 08:35:00,615.658165159424,54.15589142715875
2026-06-07 08:40:00,626.9613262599843,49.22057753358607
2026-06-07 08:45:00,375.48494240399145,50.68169210699038
2026-06-07 08:50:00,635.761963305014,59.27017282378369
2026-06-07 08:55:00,485.64184112878655,50.17185524467682
ERR-2026-06-07 09:00:00,541.8514559157055,48.49176209171798
2026-06-07 09:05:00,450.33489478717536,55.58925366639125
2026-06-07 09:10:00,-444.5675370995298,43.736607722552876
2026-06-07 09:15:00,540.6094018848667,65.80326107001085
2026-06-07 09:20:00,418.58467434023964,50.08410626781259
2026-06-07 09:25:00,383.47980000347115,57.64755834422562
2026-06-07 09:30:00,353.9697564790778,41.98386550347195
2026-06-07 09:35:00,518.7941776432756,49.56540911300265
2026-06-07 09:40:00,557.2471411779736,46.06319893169886
2026-06-07 09:45:00,565.0965678779442,46.48499016051973
ERR-2026-06-07 09:50:00,488.2018905392622,38.6252875332603
2026-06-07 09:55:00 (UTC),384.3003544335636,60.563154624346915
2026-06-07 10:00:00,431.7925201976217,54.844904571759045
2026-06-07 10:05:00,615.2348638961926,35.81229550550927
2026-06-07 10:10:00,451.53714353999186,47.87507225387773
2026-06-07 10:15:00,,47.82475835468478
2026-06-07 10:20:00,392.43495164251124,53.98902710375373
2026-06-07 10:25:00,533.6583045459035,48.54865170023631
2026-06-07 10:30:00,454.2315438320922,60.87035951055093
2026-06-07 10:35:00,604.6712713775764,59.64080903233581
2026-06-07 10:40:00,577.3557706206814,72.0683954679381
2026-06-07 10:45:00,450.42940534251005,27.732156793693335
2026-06-07 10:50:00,487.33359726523366,63.67369053322017
2026-06-07 10:55:00,444.8883759959371,57.94885551627755
2026-06-07 11:00:00,358.056680345499,48.248719516611224
2026-06-07 11:05:00,414.25575704527836,47.433652881809095
2026-06-07 11:10:00 (UTC),519.821732772082,49.11732921344901
2026-06-07 11:15:00,532.5259498229582,52.47866096144763
2026-06-07 11:20:00,514.8547903592639,1413.9456796191864
2026-06-07 11:25:00,469.82669460413643,33.96364380932051
,593.3066605720985,44.80361862460824
2026-06-07 11:35:00 (UTC),506.35419045609376,47.34245871008271
ERR-2026-06-07 11:40:00,570.3253828095948,55.70143045166381
2026-06-07 11:45:00,322.6224867797481,38.12042165905153
2026-06-07 11:50:00,107.75997483816576,56.42619804032231
corrupted_timestamp,528.378802783808,37.95342669725795
2026-06-07 12:00:00,357.5234346278511,53.97240899594109
2026-06-07 12:05:00,478.7548297286944,
2026-06-07 12:10:00,469.7902958975394,48.69629975492723
2026-06-07 12:15:00,658.7400602415537,50.46141542716034
2026-06-07 12:20:00,539.9996552943607,56.974604031675476
2026-06-07 12:25:00,516.5859026798673,
2026-06-07 12:30:00,583.6991154633673,53.08819068777004
2026-06-07 12:35:00,536.8497586839039,1876.0487273901836
2026-06-07 12:40:00,454.2323007011567,
2026-06-07 12:45:00,607.147593025456,55.43229353624484
2026-06-07 12:50:00,389.0249872111726,39.557844786425285
2026-06-07 12:55:00,532.3247187533563,1564.0522689954855
2026-06-07 13:00:00 (UTC),345.24302058636886,60.01756882816315
2026-06-07 13:05:00,520.3943857515995,37.93555760385899
,519.298964177293,34.73749858633393
2026-06-07 13:15:00,667.6454961914662,
2026-06-07 13:20:00,343.5026106558221,40.17901249737946
2026-06-07 13:25:00,439.91128241461877,51.51282125550078
07/06/2026 13:30:00,582.2682426574144,50.82243319235163
2026-06-07 13:35:00,533.5317256397308,57.348104238884765
2026-06-07 13:40:00,518.0305051337504,46.89249933091161
corrupted_timestamp,404.38642970414605,
2026-06-07 13:50:00,440.91816519085705,51.12511180793255
2026-06-07 13:55:00,624.5041008223257,61.25884777289951
2026-06-07 14:00:00,494.8490806246072,31.074370879598774
2026-06-07 14:05:00 (UTC),537.5359696144474,47.43572276430067
2026-06-07 14:10:00,488.4811671223521,63.186973914281765
2026-06-07 14:15:00,381.6914484750235,50.67780498306604
2026-06-07 14:20:00,593.3810426074997,47.051160018453395
,-855.4589386555749,41.85363284281192
2026-06-07 14:30:00,730.563683736719,59.02513885022686
,398.4418620349455,45.186940278240726
2026-06-07 14:40:00,582.2572921200481,45.1077996279075
corrupted_timestamp,,1681.318072183187
2026-06-07 14:50:00,515.7346567673078,39.53121543238675
2026-06-07 14:55:00,597.6506589063165,66.31377524340681
2026-06-07 15:00:00,292.78648839035134,51.69069321971239
ERR-2026-06-07 15:05:00,479.5067525758392,50.24545209449339
2026-06-07 15:10:00,443.679026595738,52.85403894814714
2026-06-07 15:15:00,429.8042701704878,50.20781040898637
2026-06-07 15:20:00,538.5212652259354,44.719387659121274
2026-06-07 15:25:00,612.0685706422595,53.44170674332917
2026-06-07 15:30:00,486.67212847708447,45.10134579689937
2026-06-07 15:35:00,520.548642756002,54.28040878479757
2026-06-07 15:40:00,511.43087530592476,73.12510630585041
2026-06-07 15:45:00,500.18035063564145,56.60162442321222
2026-06-07 15:50:00,391.0657362287894,48.113219341928705
2026-06-07 15:55:00,610.8444601722892,52.555644714192034
2026-06-07 16:00:00,529.5195368158836,46.801589631887424
,539.4881490002577,48.16171175508504
2026-06-07 16:10:00,419.3490370974418,
2026-06-07 16:15:00,454.07796020107594,54.75280071498235
2026-06-07 16:20:00,482.3865802289222,59.06791652683544
07/06/2026 16:25:00,346.58753065511485,71.09208163007796
2026-06-07 16:30:00,331.19656748023215,56.484496013079976
2026-06-07 16:35:00,439.92520693614324,39.03156500946851
2026-06-07 16:40:00,552.252076644239,37.19050430920424
07/06/2026 16:45:00,434.6862610070059,49.32862111868602
2026-06-07 16:50:00,398.1194802409286,60.00426988119408
2026-06-07 16:55:00,418.53143467623295,47.92045951729491
2026-06-07 17:00:00,454.46575768546876,48.07544823232186
2026-06-07 17:05:00,464.6141037179896,58.998877172009934
2026-06-07 17:10:00,716.5521452206557,49.73232521704763
2026-06-07 17:15:00,605.4620628487319,60.34410196504254
2026-06-07 17:20:00,602.4774112281727,34.951810834717186
2026-06-07 17:25:00,,54.767028452633255
2026-06-07 17:30:00,400.11791306659507,32.237759049994935
07/06/2026 17:35:00,377.7635385012761,52.666433332168495
07/06/2026 17:40:00,389.31297084659434,59.00652909765959
2026-06-07 17:45:00,633.4506133337838,33.71846439052993
2026-06-07 17:50:00,445.2808211117509,27.04761509368388
2026-06-07 17:55:00,374.8643817760713,58.5099819706066
2026-06-07 18:00:00,456.9003799780187,54.49412886141302
2026-06-07 18:05:00,476.13944682853725,39.01446174419232
2026-06-07 18:10:00,526.8413273694562,52.44358417972016
ERR-2026-06-07 18:15:00,525.0951020712043,44.58561435788115
2026-06-07 18:20:00,417.1819436126492,48.20853522472533
2026-06-07 18:25:00,568.5656392513711,47.31662610059214
07/06/2026 18:30:00,436.0806466249842,36.69279877158474
2026-06-07 18:35:00,484.3723663294957,
2026-06-07 18:40:00,568.6774070503355,39.409336414264935
2026-06-07 18:45:00,435.81785960556584,50.9265430863071
2026-06-07 18:50:00,443.06485764188625,56.520571493235096
2026-06-07 18:55:00,559.1668049693131,41.69923635608583
2026-06-07 19:00:00,,47.25125944504089
2026-06-07 19:05:00,461.52079763959296,
2026-06-07 19:10:00,555.5742178042892,67.24493867354238
2026-06-07 19:15:00,705.4092441435976,59.14899337003788
ERR-2026-06-07 19:20:00,560.5404504762747,57.598718206170155
2026-06-07 19:25:00,547.2639762990011,72.1041635676207
2026-06-07 19:30:00,553.0801583672729,53.521067959375685
2026-06-07 19:35:00,392.68097259329505,46.64042721557704
2026-06-07 19:40:00,511.5596738679908,35.60172341448539
2026-06-07 19:45:00,497.0233511663598,43.004712415280984
2026-06-07 19:50:00 (UTC),532.1584540372756,51.59260632571549
2026-06-07 19:55:00,511.6508052475871,59.3138638859614
2026-06-07 20:00:00,537.9699677417112,43.46108540612421
,468.85328051007986,65.83670101346853
,505.86089173717926,34.6041112832207
2026-06-07 20:15:00,377.2171433943008,46.24532204357634
2026-06-07 20:20:00,468.0092721997086,54.03792315754944
2026-06-07 20:25:00,639.0833548176644,51.311716349527345
2026-06-07 20:30:00,531.8808339628256,54.76725284285111
2026-06-07 20:35:00,497.9078962616923,51.2851263679144
2026-06-07 20:40:00,689.6123276254347,56.48227971307318
2026-06-07 20:45:00,363.91650216989206,47.56075280295259
2026-06-07 20:50:00,389.054444455378,46.99409430828673
2026-06-07 20:55:00,671.2711411276273,41.75020175007567
2026-06-07 21:00:00 (UTC),504.5960936048934,71.73713403065298
2026-06-07 21:05:00,475.7416963710206,49.21507901899437
2026-06-07 21:10:00,380.0795674904357,54.35527169403619
2026-06-07 21:15:00,544.7696266395012,47.88661842862956
ERR-2026-06-07 21:20:00,554.4459869527462,65.91886568132792
07/06/2026 21:25:00,6373.285001639757,49.88789969865046
2026-06-07 21:30:00,485.97244144495716,53.27487757124844
2026-06-07 21:35:00,466.4484167966934,41.276312064366174
2026-06-07 21:40:00,525.5977146418771,67.6046462846707
2026-06-07 21:45:00,388.0749757779356,52.169943655121884
2026-06-07 21:50:00,625.1947454513157,67.9686317695401
2026-06-07 21:55:00 (UTC),591.5823781597604,43.9925545461804
2026-06-07 22:00:00,463.6824441267184,45.58007005634624
ERR-2026-06-07 22:05:00,478.3581288361629,44.72853666076332
2026-06-07 22:10:00,486.3577849722384,47.16332328320651
2026-06-07 22:15:00,422.16914469934966,56.705517086120246
2026-06-07 22:20:00,455.65705817649643,29.516946098164986
07/06/2026 22:25:00,472.9729632325391,49.51731594797884
07/06/2026 22:30:00,661.2868370707129,42.19329361982322
2026-06-07 22:35:00,594.6618308330437,41.11948881726979
2026-06-07 22:40:00,593.4654707336624,54.68248253711931
2026-06-07 22:45:00,536.992561300439,53.000160415871555
2026-06-07 22:50:00,388.2672991068765,58.63071847796253
2026-06-07 22:55:00,-141.0224307730124,53.87383583062429
2026-06-07 23:00:00,597.048845961338,51.79744334258794
2026-06-07 23:05:00,,44.41424926174501
2026-06-07 23:10:00,563.6553206873265,40.73120554619326
2026-06-07 23:15:00,732.2609225262765,55.991143160828834
07/06/2026 23:20:00,606.1816645989732,47.441664871209845
2026-06-07 23:25:00,641.4029135561988,53.9921630755807
,521.833875044216,49.95487653331013
07/06/2026 23:35:00,596.793194876499,29.564004829459066
2026-06-07 23:40:00,428.21467856459645,54.8350069326603
ERR-2026-06-07 23:45:00,579.5863812341227,43.74124348541629
2026-06-07 23:50:00,565.4388134060763,58.641982753360246
2026-06-07 23:55:00,528.9911174037663,31.41128113684879
2026-06-08 00:00:00,631.6007419718499,68.99060767061866
2026-06-08 00:05:00,446.1215162152611,44.040087355698816
,481.29424835263376,
2026-06-08 00:15:00,509.54620413582967,42.87422073714967
2026-06-08 00:20:00,397.03890289105993,44.23339059083009
2026-06-08 00:25:00,522.6931943800248,56.85297358132487
2026-06-08 00:30:00,328.1069587046153,47.97981691800836
08/06/2026 00:35:00,604.695453442821,48.67429764882258
2026-06-08 00:40:00,504.6637366565966,58.49462334884852
2026-06-08 00:45:00,447.91070960962367,51.88932632016086
2026-06-08 00:50:00,416.56263877048787,54.48258776471097
2026-06-08 00:55:00,476.54209703808124,43.75285156453838
2026-06-08 01:00:00,568.8259710772413,56.66550897499745
2026-06-08 01:05:00,554.773897873756,51.11604501392896
2026-06-08 01:10:00 (UTC),,54.30399442369162
2026-06-08 01:15:00,415.39603273723657,53.637686698565446
2026-06-08 01:20:00,565.6898706319647,61.29554103620531
2026-06-08 01:25:00,427.76525953849705,55.04819644547918
2026-06-08 01:30:00,505.99097740795037,1239.9428165531385
2026-06-08 01:35:00,512.3754642524277,44.05510363225683
ERR-2026-06-08 01:40:00,531.2062131726739,52.263232333566876
2026-06-08 01:45:00 (UTC),585.8270430181872,53.98414679312567
2026-06-08 01:50:00,373.70370631326773,36.75110933444542
2026-06-08 01:55:00,308.88406747395123,40.07617859928371
2026-06-08 02:00:00,443.25527187716483,60.935660999739156
2026-06-08 02:05:00,680.1528407832186,69.65804927111957
2026-06-08 02:10:00,702.2174100087378,33.45731919532025
ERR-2026-06-08 02:15:00,683.1177135565888,52.58184340265753
2026-06-08 02:20:00,480.701863223931,50.478813903870204
2026-06-08 02:25:00,321.7884918015171,60.11408008364015
08/06/2026 02:30:00,265.6960898348159,54.96369756179575
2026-06-08 02:35:00,438.5961838450589,58.29099337483541
2026-06-08 02:40:00,480.192636985064,27.19167012611633
08/06/2026 02:45:00,630.0625401055959,49.928645641694935
2026-06-08 02:50:00,586.7805459542445,40.93824553787937
2026-06-08 02:55:00,522.740507899162,41.194231100195694
2026-06-08 03:00:00 (UTC),411.01552290588586,37.73952868435609
2026-06-08 03:05:00,403.92204417551096,52.28378979746906
2026-06-08 03:10:00,525.4127687071435,53.33433445806178
2026-06-08 03:15:00,569.7050978839727,56.30944046472931
2026-06-08 03:20:00,539.1881262245585,45.96926873315845
2026-06-08 03:25:00,396.5402040393345,63.84141120992703
2026-06-08 03:30:00,565.0667628792086,40.67950441357339
2026-06-08 03:35:00,542.5910967101412,35.67424827646631
08/06/2026 03:40:00,392.93335938098215,52.18796096137399
2026-06-08 03:45:00,421.5679029699744,43.154969999259535
2026-06-08 03:50:00,,55.31798078034676
2026-06-08 03:55:00,476.5492464854109,43.42257559018907
08/06/2026 04:00:00,658.9147301636457,44.21075218401597
2026-06-08 04:05:00,550.1129276064577,43.39844908875196
corrupted_timestamp,451.33688118107307,42.68007253784926
2026-06-08 04:15:00,498.97943996090675,49.98062596077472
2026-06-08 04:20:00 (UTC),506.33833926377184,52.391718746639164
2026-06-08 04:25:00,427.160968675829,42.66167126937503
2026-06-08 04:30:00,408.7411801822374,38.29353757746298
2026-06-08 04:35:00,570.13898938095,54.98681958912041
corrupted_timestamp,584.5273297042096,53.879051821607796
2026-06-08 04:45:00,560.3781469552958,57.146327540288276
2026-06-08 04:50:00,651.5318094323802,39.56643368262796
2026-06-08 04:55:00,445.8226763988398,41.73198899814868
2026-06-08 05:00:00,667.427076607113,58.23241050584532
2026-06-08 05:05:00,409.9078881445847,58.960471822943866
2026-06-08 05:10:00,398.7314436631507,45.90892074940503
2026-06-08 05:15:00,-399.12145909880167,1341.4038483007105
,455.4204686173183,42.98496830832693
08/06/2026 05:25:00,449.62776631705464,40.345095664671135
2026-06-08 05:30:00,552.593728025465,57.97922398806921
2026-06-08 05:35:00,524.3890941620451,57.12900547593826
2026-06-08 05:40:00,380.7026628980863,
2026-06-08 05:45:00,460.72737615741823,
ERR-2026-06-08 05:50:00,462.85379789123147,41.188459251469666
2026-06-08 05:55:00,322.4017753038107,43.843771344838316
2026-06-08 06:00:00,401.90532729866305,41.11390790465444
2026-06-08 06:05:00,422.9186369385911,52.266123606338994
2026-06-08 06:10:00,643.3625019820946,57.62370317718828
2026-06-08 06:15:00,519.1450715957352,57.93894440107681
corrupted_timestamp,566.21687539475,41.15665956523045
2026-06-08 06:25:00,350.1364502850788,44.02266997261026
2026-06-08 06:30:00,619.4214483013992,44.46807841998284
2026-06-08 06:35:00,630.1102063024093,60.191101544696025
2026-06-08 06:40:00,300.1655032855374,36.658058583020946
2026-06-08 06:45:00,429.46832760841517,49.97039119146553
2026-06-08 06:50:00,549.576557301551,41.251259515340834
2026-06-08 06:55:00,564.4388453538182,48.084967541387435
2026-06-08 07:00:00,432.1505269512778,2303.2291743770134
2026-06-08 07:05:00,469.45005369463473,46.76870127355036
2026-06-08 07:10:00 (UTC),440.26189389548574,1176.0721616234523
2026-06-08 07:15:00,511.041804694612,57.47639964892709
2026-06-08 07:20:00,619.7178531461913,51.299158977090514
2026-06-08 07:25:00,422.89578428587953,54.82287264892673
2026-06-08 07:30:00,600.0820497768414,52.64664317469107
2026-06-08 07:35:00,421.83279276531124,37.85220183932869
2026-06-08 07:40:00,5061.617132083461,63.05159395215815
2026-06-08 07:45:00,581.8594618343213,48.01088781838271
ERR-2026-06-08 07:50:00,,58.4245001667597
corrupted_timestamp,585.1409936762655,46.49880063174544
2026-06-08 08:00:00 (UTC),368.4202591781859,55.65733030546671
2026-06-08 08:05:00,453.4049021927949,60.108159431443966
2026-06-08 08:10:00,582.2988592003321,58.824415572566146
2026-06-08 08:15:00 (UTC),504.15418405638945,51.053843344687444
2026-06-08 08:20:00,392.6307153802536,46.60482386660793
2026-06-08 08:25:00,545.8317939125442,35.91661463998767
08/06/2026 08:30:00,428.51927410085295,37.622045863634106
2026-06-08 08:35:00,679.4524848392211,61.164248354926386
2026-06-08 08:40:00,654.4841462418258,41.76225554742044
2026-06-08 08:45:00,,58.04221862944992
2026-06-08 08:50:00,636.1006704769774,59.143698157407925
2026-06-08 08:55:00,506.47913501233813,54.553283919592225
2026-06-08 09:00:00,576.5437494375016,53.91223830483044
2026-06-08 09:05:00,647.7720295302075,38.34494549661016
2026-06-08 09:10:00,524.5498681794313,36.50607676408872
2026-06-08 09:15:00 (UTC),474.48128284857165,43.41283939835824
2026-06-08 09:20:00,329.5378041822884,
2026-06-08 09:25:00,491.68664742785063,63.74767841907272
2026-06-08 09:30:00 (UTC),582.3423184562312,50.37183357984222
,-906.3419422701273,62.943742681890946
2026-06-08 09:40:00,,40.65033623264176
2026-06-08 09:45:00,445.870090503776,46.305741985741534
2026-06-08 09:50:00,302.31784310524097,65.87247429204126
2026-06-08 09:55:00,450.4784901995265,71.02178395500187
08/06/2026 10:00:00,469.56551289460486,57.71618258765491
2026-06-08 10:05:00,468.7071032809986,34.105724434745895
2026-06-08 10:10:00 (UTC),561.8556356977924,63.495393499382644
2026-06-08 10:15:00,698.567641101484,47.321810228977846
2026-06-08 10:20:00,512.3529201841093,57.225748926676054
2026-06-08 10:25:00,478.3268210843538,50.99113208659324
2026-06-08 10:30:00,474.07781869959075,60.065449123907804
2026-06-08 10:35:00,512.4384766907714,50.467119606098535
2026-06-08 10:40:00,417.1706239651601,77.28929375206842
2026-06-08 10:45:00,512.0198558746055,59.65138994938047
2026-06-08 10:50:00,545.08123363318,37.41995590560279
2026-06-08 10:55:00,520.9686063574488,33.21600141888017
2026-06-08 11:00:00,545.7541934004781,33.34090456788695
2026-06-08 11:05:00,543.3747609348535,55.94960935595514
2026-06-08 11:10:00,322.8103317753556,59.62370624495984
2026-06-08 11:15:00 (UTC),563.6870158395403,23.878558586352025
2026-06-08 11:20:00,432.89851543375465,62.21036332108666
2026-06-08 11:25:00,390.4160836996042,53.50432153174206
ERR-2026-06-08 11:30:00,389.5548172145004,66.17269803012948
2026-06-08 11:35:00,543.3541610472529,40.31967269921222
ERR-2026-06-08 11:40:00,477.74250727751473,52.906603893468166
2026-06-08 11:45:00,331.80312160145894,52.8304541042465
2026-06-08 11:50:00,547.8037815192283,42.26322592444151
2026-06-08 11:55:00,356.03918692011723,37.30969793050776
2026-06-08 12:00:00,513.9821358518211,59.31352404363791
2026-06-08 12:05:00,523.8498925673055,52.291272398033364
2026-06-08 12:10:00,588.5577081695045,53.93943215078667
2026-06-08 12:15:00,678.1684786466851,
2026-06-08 12:20:00,363.53236740994583,49.60284251219465
2026-06-08 12:25:00,494.75261439369507,53.14882329863151
2026-06-08 12:30:00,472.36647049557826,53.52417917562045
ERR-2026-06-08 12:35:00,543.3749685960962,53.790137967162906
2026-06-08 12:40:00,521.5668770933619,35.912221455372915
2026-06-08 12:45:00,464.745375726338,49.80082169223227
2026-06-08 12:50:00,455.90978113891447,61.58398734114435
08/06/2026 12:55:00,388.35491448159524,48.71995747503697
2026-06-08 13:00:00 (UTC),598.7861582406509,45.27333360589127
2026-06-08 13:05:00,545.9204181599529,59.685198060916235
2026-06-08 13:10:00,591.7768197795137,50.136890468820255
2026-06-08 13:15:00,468.9603863524486,43.70364077646888
2026-06-08 13:20:00,434.31645313055697,
2026-06-08 13:25:00,392.1684933370772,49.46144011862924
2026-06-08 13:30:00,535.891758374066,43.3843571350508
2026-06-08 13:35:00,396.02067754717655,59.01478259333888
2026-06-08 13:40:00,684.866306896655,42.39114367586385
corrupted_timestamp,369.23574189065596,52.7828681346661
,527.3660119212502,54.19853027439009
2026-06-08 13:55:00,656.6854707213786,56.32922928084597
2026-06-08 14:00:00,559.9089759263809,65.69704530858773
2026-06-08 14:05:00,517.5673712491779,36.474260531689254
2026-06-08 14:10:00,,56.079012660042316
2026-06-08 14:15:00,6761.783419120958,56.229821130714235
2026-06-08 14:20:00,577.0050108917586,39.13610161926857
2026-06-08 14:25:00,650.6147240774947,52.606124139046436
2026-06-08 14:30:00,456.11500095218287,45.80440815705321
2026-06-08 14:35:00,386.0938492383649,64.01966407447088
2026-06-08 14:40:00,254.18305694509814,44.31499844431982
2026-06-08 14:45:00,401.9235156337462,47.847800262055905
ERR-2026-06-08 14:50:00,488.634315750096,46.196297399986285
2026-06-08 14:55:00,659.9123240836734,41.6184625567593
2026-06-08 15:00:00,-858.1565076673796,34.50588005968632
2026-06-08 15:05:00,530.5085404706753,41.672441127486294
2026-06-08 15:10:00,459.9880338698869,51.43863377128565
2026-06-08 15:15:00,441.6834282744044,52.823872673515
2026-06-08 15:20:00,640.5647597507964,58.12370639071424
ERR-2026-06-08 15:25:00,,60.498304001465826
2026-06-08 15:30:00,289.7399308078978,54.00646771143602
,432.6460352102757,
2026-06-08 15:40:00,414.1783968228373,55.24051491916718
2026-06-08 15:45:00,445.3735990822535,38.98732936670072
2026-06-08 15:50:00,556.2910660285086,53.813814901781335
2026-06-08 15:55:00,489.25551182057507,50.11872610490717
2026-06-08 16:00:00,492.3134592996338,44.351698505256664
2026-06-08 16:05:00,631.3473161325237,50.121956499004966
2026-06-08 16:10:00,430.35389102133115,53.57265136427555
2026-06-08 16:15:00,686.419952588735,47.98153933426396
,432.8692408628914,
2026-06-08 16:25:00,508.9198196612571,53.41184101720714
2026-06-08 16:30:00,471.8796404597233,58.74189944211906
2026-06-08 16:35:00,512.3419133500961,2196.714984977812
2026-06-08 16:40:00,544.4591995073129,46.04225450208195
2026-06-08 16:45:00,543.3835240088877,45.55289851180544
2026-06-08 16:50:00,424.688266937942,61.567698874433844
ERR-2026-06-08 16:55:00,387.7085322552429,42.30439014775713
2026-06-08 17:00:00,750.317179090571,
2026-06-08 17:05:00,451.6015660399447,45.12611370260443
08/06/2026 17:10:00,569.9212438671987,40.092579169411934
2026-06-08 17:15:00,339.23586894768033,54.979303958556315
,472.0387280095323,47.3245520278036
2026-06-08 17:25:00,487.28006160175573,40.72547526075169
2026-06-08 17:30:00,547.2815069927833,59.2518808767077
2026-06-08 17:35:00,227.7545859008061,36.755290969018134
2026-06-08 17:40:00,516.614061307833,48.52246237864568
2026-06-08 17:45:00,385.02585446321075,58.90324187566216
2026-06-08 17:50:00,532.4345711194924,59.15037273320773
,396.3670803161837,54.27526006120888
2026-06-08 18:00:00,414.45173040744186,41.1992234233184
2026-06-08 18:05:00,472.6372389606732,51.60544388390856
2026-06-08 18:10:00,394.7670530396805,53.55634107635051
2026-06-08 18:15:00,,45.58156128083084
2026-06-08 18:20:00,380.66242314566847,53.76594609500458
2026-06-08 18:25:00 (UTC),316.68295483012724,35.22252773813355
08/06/2026 18:30:00,601.7957052429359,32.46596465067802
2026-06-08 18:35:00,370.3951307176072,43.57795730261259
2026-06-08 18:40:00,482.13191123920166,56.93105515541106
,,58.602269756990836
2026-06-08 18:50:00,438.50558974839566,37.20797809740872
2026-06-08 18:55:00,417.48341002544623,64.67877277230997
2026-06-08 19:00:00,522.6238088667421,50.89986010524357
2026-06-08 19:05:00,611.7933822727152,34.51467745686968
08/06/2026 19:10:00,383.06847349135313,
2026-06-08 19:15:00,,62.722448867201535
2026-06-08 19:20:00,326.7505405032673,45.15245144503093
ERR-2026-06-08 19:25:00,460.679899631781,59.77083663361995
08/06/2026 19:30:00,503.42046845380753,64.42369739592557
2026-06-08 19:35:00,414.53753582449343,50.40510824232758
2026-06-08 19:40:00,454.30081661747687,42.54797136952076
2026-06-08 19:45:00,359.17732316925503,61.70343534193128
2026-06-08 19:50:00,507.7078611381494,61.66802367700949
2026-06-08 19:55:00,605.569424888315,37.416188207340234
2026-06-08 20:00:00,390.2856130229536,48.98250894322844
2026-06-08 20:05:00,-744.4961730719576,
2026-06-08 20:10:00,550.2546246454182,57.76163418025004
2026-06-08 20:15:00,621.2090719322737,47.108058151966674
2026-06-08 20:20:00,350.68101877910686,2243.76724717677
2026-06-08 20:25:00,483.1215262584051,65.70678386502894
2026-06-08 20:30:00,528.3130822319525,50.893727662206935
2026-06-08 20:35:00,489.7943609371152,48.21357271370471
2026-06-08 20:40:00,252.3207933122913,44.117654638899225
2026-06-08 20:45:00,550.1090009308772,47.984852462582886
2026-06-08 20:50:00,651.9336351090644,
2026-06-08 20:55:00,511.66617511695034,59.98993340683839
2026-06-08 21:00:00,396.88939467057367,47.2912852593259
2026-06-08 21:05:00,,28.992895639277037
ERR-2026-06-08 21:10:00,676.9913067655593,40.15158430499636
2026-06-08 21:15:00,590.9962540860558,59.57565380026206
2026-06-08 21:20:00,564.0026618384329,48.57746461848518
2026-06-08 21:25:00,9958.319819391883,42.11214089069158
2026-06-08 21:30:00,433.88628878090276,51.323913155698676
2026-06-08 21:35:00,479.94288193442316,47.013004823095294
2026-06-08 21:40:00,,51.104770157637056
2026-06-08 21:45:00,554.9574316064444,53.19578161342143
2026-06-08 21:50:00,650.8918894266903,41.8364746408408
08/06/2026 21:55:00,611.8338136793128,44.239335491136075
2026-06-08 22:00:00,358.06156442039594,42.655873762340384
2026-06-08 22:05:00,522.3994968901048,42.95064044153189
2026-06-08 22:10:00,,43.72021679766992
,561.8860330144636,47.09649965013821
ERR-2026-06-08 22:20:00,,43.921726696346894
2026-06-08 22:25:00,791.4109215768362,51.59888155191534
2026-06-08 22:30:00,372.29154376688814,46.86362826820264
2026-06-08 22:35:00,391.681155333395,42.934265258122466
2026-06-08 22:40:00,523.3595081261576,30.7447092340148
2026-06-08 22:45:00 (UTC),711.6803054963854,40.96879380377001
2026-06-08 22:50:00,-459.67723524675375,46.35472188688256
2026-06-08 22:55:00,473.4171634353008,59.57594064515166
corrupted_timestamp,607.7293673015693,49.300417332394986
2026-06-08 23:05:00,498.21378451122666,
,466.5396145469704,50.97975217064091
,556.563290188672,45.474741440428
corrupted_timestamp,527.2517990229593,55.70975791345516
,603.0438785636791,35.37560068251227
ERR-2026-06-08 23:30:00,629.1468889065363,62.11176968699448
2026-06-08 23:35:00,530.7003060005362,54.470082696911504
2026-06-08 23:40:00,529.1732725378309,47.91166473488704
2026-06-08 23:45:00,521.4110982286134,34.561547977524704
2026-06-08 23:50:00,548.9130556649287,35.39062869379694
2026-06-08 23:55:00,,56.8537713878129
2026-06-09 00:00:00,,58.031919147029065
2026-06-09 00:05:00,619.6627120827243,60.41591918427906
09/06/2026 00:10:00,651.6116180355043,66.67270218331228
2026-06-09 00:15:00,349.24470553665793,57.491504238580426
ERR-2026-06-09 00:20:00,501.0021151740569,54.07496030799452
2026-06-09 00:25:00,431.13055665547654,73.88459568159867
2026-06-09 00:30:00,468.90285335139276,44.545402447109694
2026-06-09 00:35:00,540.2516209735321,2108.8976688122348
2026-06-09 00:40:00,566.9438371542468,34.587338754355066
2026-06-09 00:45:00,488.7873556388655,56.24481461595873
2026-06-09 00:50:00,308.6659665277197,47.96547918079329
ERR-2026-06-09 00:55:00,403.49544194238206,43.79840107885104
2026-06-09 01:00:00,589.6499670200166,44.00599073478335
2026-06-09 01:05:00,225.95735779650687,42.050130382904165
2026-06-09 01:10:00,618.7427151682,48.3106569127759
2026-06-09 01:15:00,,35.581695978545056
2026-06-09 01:20:00,631.6176081530023,36.4824267597173
2026-06-09 01:25:00,480.143081311904,38.928430831583775
2026-06-09 01:30:00,,43.79892666884221
2026-06-09 01:35:00,543.0362641506498,45.36032504795467
2026-06-09 01:40:00,,29.51132637323947
2026-06-09 01:45:00,592.472180551342,44.84842297550025
2026-06-09 01:50:00,433.7308516511965,41.587418979215244
,508.6761075462647,57.82764689920736
2026-06-09 02:00:00,446.7163731220076,41.0001474062028
09/06/2026 02:05:00,418.0733535810628,60.03975000450791
2026-06-09 02:10:00,595.5388571179851,1275.1481644300495
09/06/2026 02:15:00,380.2467688734838,61.66817759925404
2026-06-09 02:20:00,410.6183569418387,40.18255234464705
2026-06-09 02:25:00,389.5974366527615,55.19451082970186
ERR-2026-06-09 02:30:00,350.9752476700953,40.35461211028161
2026-06-09 02:35:00,514.6414291842603,41.744928683738905
2026-06-09 02:40:00,616.1503048481976,42.41622114289556
2026-06-09 02:45:00,481.51232437547344,
ERR-2026-06-09 02:50:00,349.42521994358333,41.26066802858169
2026-06-09 02:55:00,583.9944539742028,50.38675499498871
2026-06-09 03:00:00,668.5701754034972,
09/06/2026 03:05:00,,38.982054319062485
09/06/2026 03:10:00,452.14457332822815,33.91832273739173
2026-06-09 03:15:00,-105.30618010708156,43.59861411705667
2026-06-09 03:20:00,662.1873747785052,64.27987920298438
2026-06-09 03:25:00,448.01658542747737,56.885722677983836
2026-06-09 03:30:00,366.7550219001795,41.45454377354808
2026-06-09 03:35:00,563.1418606272406,39.545450332928425
2026-06-09 03:40:00,579.9068073142299,53.236614888265976
,500.6131450435227,50.97604186893144
2026-06-09 03:50:00,444.1866740342549,56.22774462969279
2026-06-09 03:55:00,599.4378730992046,38.447570086304026
2026-06-09 04:00:00,552.8036004547964,49.16189046113838
2026-06-09 04:05:00,423.1564483096507,58.959711804717955
2026-06-09 04:10:00,504.90947313056716,61.28630578597166
ERR-2026-06-09 04:15:00,364.82924679753535,1728.4800696056427
2026-06-09 04:20:00,568.589045643792,49.14654362442134
09/06/2026 04:25:00,473.7766430617144,47.14027398078545
2026-06-09 04:30:00,456.4289167615263,41.63195759415413
ERR-2026-06-09 04:35:00,496.7125514847566,
,504.03076993302477,55.670207397909145
2026-06-09 04:45:00,589.493006156556,42.340310031483696
2026-06-09 04:50:00,559.1090531325221,48.767625457348714
2026-06-09 04:55:00,484.3590721207197,
2026-06-09 05:00:00,576.3668149718995,67.52442165558845
,540.0737253691614,52.99362839416587
ERR-2026-06-09 05:10:00,457.3400363713963,57.208025525003336
2026-06-09 05:15:00,487.52818417635143,52.62950759394006
2026-06-09 05:20:00,485.17771111568794,47.94405865900166
2026-06-09 05:25:00,550.5261343174202,47.765572495970126
2026-06-09 05:30:00,463.2977385278358,48.83708284116656
2026-06-09 05:35:00,460.9590813578367,28.604351292889454
2026-06-09 05:40:00,696.8757309433959,
2026-06-09 05:45:00,593.9735481747105,54.38285504603908
2026-06-09 05:50:00,423.9399335574861,42.630316745434016
2026-06-09 05:55:00,557.0940993942198,64.52808762698568
2026-06-09 06:00:00,511.83500656551774,51.25195341637753
2026-06-09 06:05:00,539.1551175260093,48.68823662833732
2026-06-09 06:10:00,513.7341324565105,58.358638034788065
2026-06-09 06:15:00,618.9642645485236,55.640727422664966
2026-06-09 06:20:00,534.5620344651446,61.328199826942544
2026-06-09 06:25:00,493.7911301785713,63.27598465401413
2026-06-09 06:30:00,604.2190576983018,64.65305962010001
2026-06-09 06:35:00,523.3285041087872,54.56856812688807
2026-06-09 06:40:00,512.1478579329058,39.63043019253746
2026-06-09 06:45:00,,47.61667724319077
2026-06-09 06:50:00,490.6390976633634,66.38997962345192
2026-06-09 06:55:00,500.9226992995469,52.59389473397383
2026-06-09 07:00:00,441.33054112381274,45.6582023595522
2026-06-09 07:05:00,424.8832780376121,44.55106779627646
2026-06-09 07:10:00,400.14296135175607,39.22550049636545
2026-06-09 07:15:00 (UTC),360.80167132029237,59.193354872504386
2026-06-09 07:20:00,412.02826386154436,45.48307339676459
ERR-2026-06-09 07:25:00,482.57329655330744,1424.2882535339118
2026-06-09 07:30:00,510.3117582445637,41.3011882864674
2026-06-09 07:35:00,472.870343685236,23.907332991087316
2026-06-09 07:40:00 (UTC),264.4296509872642,57.06119019058896
,657.4586357762342,47.62611976153782
2026-06-09 07:50:00,608.6480122890382,37.71304301435381
2026-06-09 07:55:00,544.5759851217128,63.871509224730346
2026-06-09 08:00:00,690.7490672553268,50.4651350419577
09/06/2026 08:05:00,402.2635882516289,27.58524555586609
2026-06-09 08:10:00,688.7625120626004,57.218103756566215
2026-06-09 08:15:00,403.4785923249452,39.8924252885429
2026-06-09 08:20:00,523.8737925291357,55.95437458675103
2026-06-09 08:25:00,,
2026-06-09 08:30:00,501.46940955443665,51.37364992668051
corrupted_timestamp,,37.48291108939642
2026-06-09 08:40:00,484.53096688654455,37.67369912831846
2026-06-09 08:45:00,571.3877444090137,49.51098940416899
2026-06-09 08:50:00,509.9014449487257,40.5862440932654
ERR-2026-06-09 08:55:00,447.7585271622491,
2026-06-09 09:00:00,443.3186682197661,48.985313581104926
,581.0913772615696,39.95136527864547
2026-06-09 09:10:00,434.62579701930326,59.98557154316234
2026-06-09 09:15:00,591.5402970484937,30.892649069121266
2026-06-09 09:20:00,622.2711792831931,48.681660214946135
,333.128613765387,55.56171190893468
,613.2926387301035,1905.8079701597176
2026-06-09 09:35:00,706.04226984447,45.67575838540615
2026-06-09 09:40:00 (UTC),525.2003761201928,43.256026413307744
,559.9084185294822,38.755487307200895
2026-06-09 09:50:00,603.7005324369159,
2026-06-09 09:55:00,9936.239399493912,58.51023482693786
2026-06-09 10:00:00,518.228022353787,70.03744016324
2026-06-09 10:05:00,368.58004703768904,57.61955411457444
ERR-2026-06-09 10:10:00,513.8635028530451,47.306584073243535
2026-06-09 10:15:00,549.8111995644541,61.14650497586462
2026-06-09 10:20:00,551.6163022926469,38.70869608848086
2026-06-09 10:25:00,606.542472359758,1760.2448604715737
2026-06-09 10:30:00,422.51978218644706,59.52629125915661
2026-06-09 10:35:00,446.73932433265037,43.41947878632431
2026-06-09 10:40:00,689.5507345991355,50.57767484593237
2026-06-09 10:45:00,484.967162623629,42.98871336807038
2026-06-09 10:50:00,520.0033787312328,47.84362461064546
2026-06-09 10:55:00,493.2989958274779,49.30766210719819
2026-06-09 11:00:00,417.8319173694978,54.7133612419788
2026-06-09 11:05:00,662.3529210891807,51.65704063981757
2026-06-09 11:10:00,447.2298588079394,57.149919620324695
2026-06-09 11:15:00 (UTC),387.271447629307,53.92121236839327
2026-06-09 11:20:00,454.92597226972487,48.00139741131652
2026-06-09 11:25:00,299.82939982744665,43.90713199793345
2026-06-09 11:30:00,434.87125350168185,40.85413840179022
2026-06-09 11:35:00,403.18714021476734,22.723845348415153
2026-06-09 11:40:00,,48.849123837255675
2026-06-09 11:45:00,432.65857604401276,38.56949824879986
2026-06-09 11:50:00,588.7803935578848,41.2385596772932
2026-06-09 11:55:00 (UTC),639.8483993069322,46.994629889480244
09/06/2026 12:00:00,578.1175336287599,44.78928998415064
2026-06-09 12:05:00,478.46117111399235,55.47608688627933
2026-06-09 12:10:00,514.1114496705593,48.33375937230125
2026-06-09 12:15:00,9983.398695768883,66.2679831077552
2026-06-09 12:20:00,486.62206274787604,71.94056535375819
2026-06-09 12:25:00,413.9561531933167,46.938944034358315
2026-06-09 12:30:00,569.4326381149299,41.53009636080256
ERR-2026-06-09 12:35:00,757.2752389244474,32.36759983200892
2026-06-09 12:40:00,549.9821635973809,68.27804740014072
2026-06-09 12:45:00,-229.15440268882287,42.760663685858226
2026-06-09 12:50:00,463.8769807085627,44.59715392983301
2026-06-09 12:55:00,512.2490925374454,43.003516168852364
2026-06-09 13:00:00,508.73574252602634,46.73334694676354
2026-06-09 13:05:00,426.9186874391247,45.23055732040102
2026-06-09 13:10:00,,58.26795665199876
2026-06-09 13:15:00,375.7499163080613,22.54175012975074
2026-06-09 13:20:00,405.5091277314933,48.123697377104754
corrupted_timestamp,564.5797641603712,
2026-06-09 13:30:00,7171.322433118588,43.09606271225994
,553.8211605492257,55.883218284106746
2026-06-09 13:40:00,,50.895016117390476
2026-06-09 13:45:00,676.4825883791736,42.82202233844632
2026-06-09 13:50:00,422.57300775959453,31.877940297887196
2026-06-09 13:55:00,477.6333428196556,54.06530984643099
2026-06-09 14:00:00,533.0613261090406,53.18304839297659
2026-06-09 14:05:00,443.46500474989057,42.59372022101703
2026-06-09 14:10:00,514.3405961071304,57.59886824422264
2026-06-09 14:15:00,557.5356724520126,45.14937801511774
ERR-2026-06-09 14:20:00,596.0613232503486,60.34433598461591
2026-06-09 14:25:00,579.1497435972957,53.0300170570082
ERR-2026-06-09 14:30:00,482.8189536197326,64.7999711802448
2026-06-09 14:35:00,485.3368225956398,53.630139288314496
2026-06-09 14:40:00,734.9108558025032,50.28024646534219
2026-06-09 14:45:00,594.9889068249292,31.154231841277994
2026-06-09 14:50:00,407.8176343679786,50.53675988835177
ERR-2026-06-09 14:55:00,509.99881637655517,47.60772316506864
2026-06-09 15:00:00,466.48568612218077,66.1516257149389
2026-06-09 15:05:00,486.46657660768903,52.134677044908464
2026-06-09 15:10:00,377.0504842291912,57.825085423511034
2026-06-09 15:15:00,458.8076765614047,64.03888167243278
2026-06-09 15:20:00,681.1555773193913,63.39522036072053
2026-06-09 15:25:00,557.9076300875503,49.12998183513173
2026-06-09 15:30:00,250.88385918485397,71.28925660934944
corrupted_timestamp,621.6723492497947,44.93910759341995
2026-06-09 15:40:00,608.9629522909161,63.304874491124714
2026-06-09 15:45:00,464.0714695693583,42.53428791931945
2026-06-09 15:50:00,6278.525979253837,58.60029822965251
2026-06-09 15:55:00,414.06007891827994,40.36197297854238
2026-06-09 16:00:00,452.9744283733643,
2026-06-09 16:05:00,,41.46072096529908
2026-06-09 16:10:00,6765.637638404412,39.63254597330564
2026-06-09 16:15:00,313.0268338045009,
2026-06-09 16:20:00,493.6696777218663,54.97978717674857
2026-06-09 16:25:00,492.1411607085643,54.94488341153979
2026-06-09 16:30:00,,54.90196259945519
2026-06-09 16:35:00,501.433642217576,52.21332426090015
corrupted_timestamp,457.8417688559707,45.15959501933745
ERR-2026-06-09 16:45:00,7203.584006972638,42.78580161524634
2026-06-09 16:50:00,512.079023250111,39.64948209447226
2026-06-09 16:55:00,424.9977318434283,39.050275896067475
2026-06-09 17:00:00,615.4997560541617,62.13030095144185
2026-06-09 17:05:00,519.36617645168,
09/06/2026 17:10:00,500.29259666794377,40.67859898508047
2026-06-09 17:15:00,517.7908391411654,40.01832593196752
2026-06-09 17:20:00,392.9331628583403,36.7330051454373
2026-06-09 17:25:00,447.23462238216626,
2026-06-09 17:30:00,500.35826018327833,44.64083416388617
2026-06-09 17:35:00,-568.1452159891239,48.36200765621178
,627.2428382816595,48.83466658880983
2026-06-09 17:45:00,521.7405852727004,52.88664710583862
2026-06-09 17:50:00,585.4903922636403,51.0127221812304
2026-06-09 17:55:00,-689.7124811683839,61.837982983878774
2026-06-09 18:00:00,605.6288483746123,43.32090313896519
ERR-2026-06-09 18:05:00,539.7527756573154,44.07873254999034
2026-06-09 18:10:00,501.34204853884603,49.110722760033305
2026-06-09 18:15:00,498.67169110409804,49.26714916052077
2026-06-09 18:20:00,,35.170688855627276
2026-06-09 18:25:00,550.6915720136311,34.233472466830726
corrupted_timestamp,495.9795265463621,48.59223752151333
2026-06-09 18:35:00,449.80080398187954,
,610.6461770812072,64.8475527775472
2026-06-09 18:45:00,374.97839741051985,38.82792315833676
2026-06-09 18:50:00,,45.69496824333981
2026-06-09 18:55:00,602.7718748779533,51.625221354311236
2026-06-09 19:00:00,531.5522940920254,53.03917089270058
,495.2141072347243,40.26396019154034
2026-06-09 19:10:00,525.1003543150147,67.02485288318987
2026-06-09 19:15:00,517.9414171048842,44.29740191502292
2026-06-09 19:20:00,348.3337453714079,53.68892478159331
ERR-2026-06-09 19:25:00,465.07381146520385,46.707366740701616
2026-06-09 19:30:00,661.6521654513749,
2026-06-09 19:35:00,434.06758652228325,57.56702569234655
2026-06-09 19:40:00,468.16989858956657,59.84979076140645
2026-06-09 19:45:00,445.83792366908125,56.80742043004692
2026-06-09 19:50:00,491.29847766818625,41.16828116458234
2026-06-09 19:55:00,441.6877168675702,36.544095337819414
09/06/2026 20:00:00,548.674150215806,76.60315307283327
2026-06-09 20:05:00,519.7313412290266,53.069727367078706
09/06/2026 20:10:00,577.3547615107018,41.02137041996091
2026-06-09 20:15:00,394.90588338110393,59.42216562522992
2026-06-09 20:20:00,465.9659517117097,40.94105943664741
09/06/2026 20:25:00,,69.68421038866191
2026-06-09 20:30:00,545.5646910088594,45.92282456815995
ERR-2026-06-09 20:35:00,420.6778802792966,58.588861221174966
2026-06-09 20:40:00,591.5653804258344,49.55110361869214
2026-06-09 20:45:00,618.6415590517609,34.758811494864034
09/06/2026 20:50:00,,40.16055477888544
2026-06-09 20:55:00,450.9127105106434,42.32439632936448
2026-06-09 21:00:00,446.80684917079077,43.151798104430284
2026-06-09 21:05:00,763.2386204677498,51.87468321600451
09/06/2026 21:10:00,457.00998947921136,25.681876173341283
2026-06-09 21:15:00,667.7625442156134,51.94273954800989
2026-06-09 21:20:00,373.33680048933905,30.24220276220349
2026-06-09 21:25:00,401.0349033835637,53.57935798274077
09/06/2026 21:30:00,431.3395468151799,41.99451258760991
09/06/2026 21:35:00,-209.01768833214646,51.34619371499706
2026-06-09 21:40:00,473.21012658415015,36.66041144838843
2026-06-09 21:45:00,429.12217972785015,43.706743570898176
2026-06-09 21:50:00,418.06584072654266,29.535768321623497
2026-06-09 21:55:00,615.8471996473328,37.537891643879234
2026-06-09 22:00:00,622.3793622513165,64.0143185525117
2026-06-09 22:05:00,594.9296498375315,64.27836332980864
2026-06-09 22:10:00,8262.4059899086,37.558143093412255
2026-06-09 22:15:00,509.2743065779552,46.61437871740278
2026-06-09 22:20:00,450.29693093340916,54.583258715604
2026-06-09 22:25:00,404.68424952449084,50.80475685916646
2026-06-09 22:30:00,536.2995703432688,44.2409292283105
2026-06-09 22:35:00,382.6369607453202,34.429099594994
2026-06-09 22:40:00,400.60790708246066,58.77028518702579
2026-06-09 22:45:00,615.291325620481,44.92162084030281
2026-06-09 22:50:00,690.0649041722087,33.54533645009013
2026-06-09 22:55:00,539.329513816648,49.54809017967486
ERR-2026-06-09 23:00:00,610.6457152294645,46.5642677527391
2026-06-09 23:05:00,475.41516825560166,44.91363051606463
2026-06-09 23:10:00,366.2325813912316,51.26561750846086
2026-06-09 23:15:00,561.2171618618584,47.87149255454065
2026-06-09 23:20:00,556.9289323270064,61.213019891473635
2026-06-09 23:25:00,507.16685538802443,40.8676723876831
09/06/2026 23:30:00,475.76245418948884,42.29186784539729
2026-06-09 23:35:00,596.2210578581098,57.71565049168488
2026-06-09 23:40:00,401.4266966572526,74.95330874150399
2026-06-09 23:45:00,422.62194211093424,73.38859868661928
2026-06-09 23:50:00,399.18934932395723,57.31897067510789
2026-06-09 23:55:00,508.4972962635827,46.49445714987513
2026-06-10 00:00:00,391.2106987890742,44.65960027184534
2026-06-10 00:05:00,431.57578194847565,46.1291695357858
ERR-2026-06-10 00:10:00,429.4244437772802,32.58775734638429
2026-06-10 00:15:00,473.93916676660416,56.82943685616267
2026-06-10 00:20:00,351.2625553596023,63.21351822663871
2026-06-10 00:25:00,508.7204992037267,48.649570093179555
2026-06-10 00:30:00,624.7303650664678,70.92904154499205
ERR-2026-06-10 00:35:00,513.5491372316762,77.26077886825831
2026-06-10 00:40:00,654.132114480132,58.85086269442386
10/06/2026 00:45:00,633.3998185876925,43.29632801258963
2026-06-10 00:50:00,577.7735047247854,41.41798872239287
2026-06-10 00:55:00,507.46858426368857,57.7406942678246
,502.25003882454394,60.53276341526793
2026-06-10 01:05:00,576.379977236326,43.43151550775522
,9930.890562101235,38.40457306084853
2026-06-10 01:15:00,311.7479248532536,32.892821830217265
2026-06-10 01:20:00,549.200405410296,39.56357548682032
10/06/2026 01:25:00,386.89313700650285,45.81800495954441
2026-06-10 01:30:00,403.7858771809615,60.90473167978331
,,44.272768553323175
2026-06-10 01:40:00,490.48751224465303,19.324320947853643
2026-06-10 01:45:00,358.79243936843693,43.447748334769436
2026-06-10 01:50:00,516.549156413314,46.66851002960208
ERR-2026-06-10 01:55:00,596.6139660861048,46.4492694965061
2026-06-10 02:00:00,387.1658429734217,24.16540277497225
2026-06-10 02:05:00,627.2483330848759,46.58851455859481
2026-06-10 02:10:00,,63.200350575383865
2026-06-10 02:15:00,711.7324144370954,45.338409443094456
2026-06-10 02:20:00,458.8739569516517,43.25200116528334
2026-06-10 02:25:00,514.5616996826891,42.278434016229966
2026-06-10 02:30:00,310.79664275143296,51.53221113901611
2026-06-10 02:35:00,493.7863933530692,34.7668078633159
2026-06-10 02:40:00,-955.4783186921006,38.66506512464962
2026-06-10 02:45:00,491.3837895900505,61.22094130800771
10/06/2026 02:50:00,443.6918922947626,56.710650758932424
2026-06-10 02:55:00,405.3435481472185,44.575764601751665
2026-06-10 03:00:00,613.0526619537311,54.863272854089786
2026-06-10 03:05:00,503.080713499795,40.80334650302378
2026-06-10 03:10:00,654.0752376516773,40.67886152211953
2026-06-10 03:15:00,447.3517645205077,40.47570761728432
,456.5205306627783,34.30221567187381
2026-06-10 03:25:00 (UTC),581.5594244596163,49.05281158105374
2026-06-10 03:30:00,337.7025037996436,69.90164724216565
2026-06-10 03:35:00,378.6536639847077,30.02418025583038
2026-06-10 03:40:00,609.7484971353164,66.86006018929803
2026-06-10 03:45:00,382.8066070776805,22.849424499208823
2026-06-10 03:50:00,318.0948984697452,54.99084513091595
2026-06-10 03:55:00,686.8527188073091,31.428074345555984
2026-06-10 04:00:00,360.61823521257946,55.11169674206725
ERR-2026-06-10 04:05:00,518.411939832817,41.87089213927782
2026-06-10 04:10:00,506.9085192724271,57.18145973605277
2026-06-10 04:15:00,218.9371683381916,41.9525150226211
,473.2682976832191,54.93264089832
2026-06-10 04:25:00,544.841324947911,47.83571277684295
2026-06-10 04:30:00,535.430938151886,62.08125811658887
2026-06-10 04:35:00,590.3520683803501,48.057726929952025
2026-06-10 04:40:00,461.2508685094566,52.067729509217195
2026-06-10 04:45:00,571.2504442092161,50.55511859552255
corrupted_timestamp,431.0670931919928,58.73005119314093
2026-06-10 04:55:00,,59.30588986558027
2026-06-10 05:00:00,370.22716243187676,50.35891390036794
10/06/2026 05:05:00,353.78895448045853,32.63432265868071
2026-06-10 05:10:00,600.9585967891194,40.2076649532434
2026-06-10 05:15:00,348.54264909414434,57.80623413509066
2026-06-10 05:20:00,527.4038840649304,34.47127909491362
2026-06-10 05:25:00,473.4075805927567,42.596501219775405
corrupted_timestamp,489.73514265493685,43.85628818564647
2026-06-10 05:35:00,636.3607295199699,1564.578516281517
2026-06-10 05:40:00,456.15726327847267,46.190870630922106
2026-06-10 05:45:00,9363.488450537832,50.319709675378114
corrupted_timestamp,503.7563351381112,39.25361177609976
2026-06-10 05:55:00,484.7981094367302,41.24596051017375
2026-06-10 06:00:00,729.9969124386473,67.70409828043734
2026-06-10 06:05:00,355.86582542846304,63.964572493372046
ERR-2026-06-10 06:10:00,628.9131835437445,55.07356659683912
2026-06-10 06:15:00,8346.098029076737,56.09220968858672
2026-06-10 06:20:00,452.0475005368216,52.556648652455486
2026-06-10 06:25:00,662.9318517441612,49.29058897370244
2026-06-10 06:30:00,315.18898876114633,41.12143099797549
2026-06-10 06:35:00,447.8233342700928,64.30608435186082
2026-06-10 06:40:00,379.15177957309237,68.49339318945623
2026-06-10 06:45:00 (UTC),-671.7658309992421,44.27299202823501
2026-06-10 06:50:00,388.69358988128226,60.776401829362854
2026-06-10 06:55:00,,45.416265152477585
2026-06-10 07:00:00,481.3563584178446,41.808274597207124
10/06/2026 07:05:00,,45.31069580538539
ERR-2026-06-10 07:10:00,538.8647246033311,45.897731565087106
2026-06-10 07:15:00,473.1378376061936,55.637253271704
2026-06-10 07:20:00,391.13651569409615,45.16007330808583
2026-06-10 07:25:00,780.1372989634979,58.15768194959072
,451.28328169708556,
2026-06-10 07:35:00,278.2390919847985,
2026-06-10 07:40:00,415.79013102786115,38.279935045830385
,373.27233116272697,36.565967191926624
ERR-2026-06-10 07:50:00,582.6145616040516,53.273319312514744
2026-06-10 07:55:00,532.1652659591587,50.68530099115973
2026-06-10 08:00:00,539.8712801790344,
2026-06-10 08:05:00,462.9977534162756,40.332086078562554
2026-06-10 08:10:00,472.0649752943078,37.99103084683691
2026-06-10 08:15:00,462.90688963923316,53.183437485672684
,491.880681586453,42.70619573012523
2026-06-10 08:25:00,583.5333435364835,65.95256904654583
2026-06-10 08:30:00,533.6075412505346,51.428519825843814
2026-06-10 08:35:00,,54.94508557243795
2026-06-10 08:40:00,549.9558908249203,63.77515733324588
2026-06-10 08:45:00,588.4442437381738,41.4063064494981
2026-06-10 08:50:00,528.8150041540255,54.17836428513927
2026-06-10 08:55:00,535.8848072678919,54.71060017859194
2026-06-10 09:00:00,618.8806241193156,44.5215087222634
2026-06-10 09:05:00,433.49540819968877,34.34418600152257
ERR-2026-06-10 09:10:00,414.42574200484927,28.129811609077848
,381.4078400813144,
2026-06-10 09:20:00,518.2914563620255,60.85903778417777
2026-06-10 09:25:00,314.62677587808764,41.8739569405847
ERR-2026-06-10 09:30:00,546.2154096059677,59.308100771425494
2026-06-10 09:35:00,489.08069054994473,42.08061520129001
,613.4639699821057,50.15578296930405
2026-06-10 09:45:00,432.80826895350094,55.00243527019077
2026-06-10 09:50:00,479.66817145824933,60.014949159240274
2026-06-10 09:55:00,612.2203333293369,45.100748015929405
2026-06-10 10:00:00,638.3135646778153,43.29890940179905
2026-06-10 10:05:00,431.98476342481797,29.915018485972542
,518.178123258716,45.415577346108826
2026-06-10 10:15:00,529.4418977684048,82.92169397891672
2026-06-10 10:20:00,537.3653405621149,47.53331433345417
2026-06-10 10:25:00,473.7424340684378,35.499098919805505
2026-06-10 10:30:00,628.1383398123635,48.20066454193006
,311.02965163784546,57.11741163776723
2026-06-10 10:40:00,457.8869765198916,43.725071436987676
2026-06-10 10:45:00,544.7930732772948,38.84209429983319
2026-06-10 10:50:00,545.7224811949344,75.12576113747285
2026-06-10 10:55:00,635.2759030614764,53.71963926708877
2026-06-10 11:00:00,619.8225393201287,65.31632233654935
2026-06-10 11:05:00,471.44583746927765,45.996979047223554
10/06/2026 11:10:00,,67.73397136707148
2026-06-10 11:15:00,428.5958256222545,
2026-06-10 11:20:00,593.0887382791838,55.11174822710468
2026-06-10 11:25:00,681.0522478420993,37.71256237144656
2026-06-10 11:30:00,621.4944106854969,42.642844602328154
2026-06-10 11:35:00,510.57703835241233,54.50056126358976
10/06/2026 11:40:00,466.8221228227878,46.52717689989442
2026-06-10 11:45:00,347.14087037407137,53.72540448187661
2026-06-10 11:50:00,531.0539637914204,45.23217965664542
2026-06-10 11:55:00,388.4782772029081,54.214966581830076
2026-06-10 12:00:00,420.6865336386063,43.44749165162859
2026-06-10 12:05:00,380.92541992633284,54.50261981130073
2026-06-10 12:10:00,453.96076673433447,39.91487920497462
10/06/2026 12:15:00,497.20305855130175,46.572015870701186
2026-06-10 12:20:00,527.3614581165705,47.84994237639638
2026-06-10 12:25:00,7019.039404715866,40.98178883633751
2026-06-10 12:30:00 (UTC),606.9283706395183,43.58262544408362
ERR-2026-06-10 12:35:00,,52.800576400929025
2026-06-10 12:40:00,,57.078432276110554
2026-06-10 12:45:00,522.6292267243437,52.50716759908143
2026-06-10 12:50:00,,55.06759907413824
ERR-2026-06-10 12:55:00,533.5160566535118,50.85805188616724
2026-06-10 13:00:00,463.7144372626393,43.05104122468279
2026-06-10 13:05:00,347.2538643881296,32.73141689677438
2026-06-10 13:10:00,478.05876790279297,44.70451987251198
2026-06-10 13:15:00,523.4928125088115,48.783784452341315
2026-06-10 13:20:00,461.24191087444296,43.72204647640467
2026-06-10 13:25:00,333.46153617590005,
2026-06-10 13:30:00,414.9434610496566,52.763961974324374
2026-06-10 13:35:00,645.4538460887758,49.0847967810201
2026-06-10 13:40:00,643.4001003730461,55.470707438521515
2026-06-10 13:45:00,411.3360830795402,70.22456805019982
2026-06-10 13:50:00,567.2756787199422,47.1845564716653
10/06/2026 13:55:00,382.14272152298264,40.357576502919606
ERR-2026-06-10 14:00:00,640.4316281994952,53.21846245890376
,524.5235847894237,38.50709516231417
2026-06-10 14:10:00,594.9641498616534,40.466413531275094
2026-06-10 14:15:00,328.49066528174615,64.24004831525967
ERR-2026-06-10 14:20:00,567.7637101924888,62.958078722150525
2026-06-10 14:25:00,499.23259363154966,56.50241795140554
2026-06-10 14:30:00,585.1929070790843,1942.1733578798567
2026-06-10 14:35:00,,37.78992320775099
2026-06-10 14:40:00,506.57846894747496,41.913525007395535
2026-06-10 14:45:00,439.91703609040854,63.23025427373668
10/06/2026 14:50:00,577.9696182179495,44.93077919114134
2026-06-10 14:55:00,493.9845500594872,42.000771383420506
2026-06-10 15:00:00,412.72150464723575,48.10060458627875
2026-06-10 15:05:00,407.9847768542314,55.77038396498483
2026-06-10 15:10:00,352.2835583687619,47.924993827357184
2026-06-10 15:15:00,448.9708840436937,48.2201431770928
,610.2692046074378,28.21928307986896
2026-06-10 15:25:00 (UTC),517.7829799705435,49.291874961689516
2026-06-10 15:30:00,,59.97415526450834
corrupted_timestamp,580.4855938180079,49.31403618733715
,416.7523378276611,70.69936864356544
2026-06-10 15:45:00,509.53502743327783,42.77685643601927
2026-06-10 15:50:00,482.03696272744844,2436.741209527707
2026-06-10 15:55:00,577.9130625588352,43.29473008287911
2026-06-10 16:00:00,342.27716290804995,43.01531613812099
2026-06-10 16:05:00,414.9802254185344,
2026-06-10 16:10:00,336.1754340905467,47.25093134243048
2026-06-10 16:15:00 (UTC),,69.44342424807589
2026-06-10 16:20:00,621.1427503632431,2893.4888677193203
2026-06-10 16:25:00,449.4552790346473,41.28021235392146
2026-06-10 16:30:00,448.9316061804349,40.07387299519293
2026-06-10 16:35:00,587.1724424184137,66.66691615277885
2026-06-10 16:40:00,606.85495584553,52.20719433111198
2026-06-10 16:45:00,491.142893273121,63.052396789339014
2026-06-10 16:50:00,568.4714854049893,50.695068112418944
2026-06-10 16:55:00,392.30454591220536,50.158771783518986
10/06/2026 17:00:00,637.7974333925414,63.39779521356902
2026-06-10 17:05:00,714.8706293937051,53.72792596942473
2026-06-10 17:10:00,,53.61784586839397
2026-06-10 17:15:00 (UTC),291.56683786571995,45.94725357805999
2026-06-10 17:20:00,444.1769737602216,58.714196536198166
2026-06-10 17:25:00,561.2825321669321,49.25737036236331
2026-06-10 17:30:00,457.8517002833637,44.44930377529794
2026-06-10 17:35:00,627.2198554250098,71.52486577594362
2026-06-10 17:40:00,558.8157264435865,47.0039130162261
2026-06-10 17:45:00,429.35244992342035,42.09636900594229
2026-06-10 17:50:00,503.2264810771253,61.37428922465885
2026-06-10 17:55:00 (UTC),410.616677936091,56.787246950402256
2026-06-10 18:00:00,481.7415121587558,43.37115998241968
2026-06-10 18:05:00,444.54067595674485,49.21148771284633
2026-06-10 18:10:00,617.4761800233039,56.68924672023541
2026-06-10 18:15:00,711.6012056830995,52.11302262099073
2026-06-10 18:20:00,356.8811666764248,
2026-06-10 18:25:00 (UTC),307.6783713790248,49.93415098071262
2026-06-10 18:30:00,9362.493911984515,58.18079653113804
2026-06-10 18:35:00,348.15843011713173,46.91077112252091
2026-06-10 18:40:00,,
,574.8936113805927,60.530052564791056
,649.4141897266825,52.910840490874534
2026-06-10 18:55:00,520.1394558715281,56.86962106234744
2026-06-10 19:00:00,480.6844775150421,62.24330932178404
2026-06-10 19:05:00,302.1615083426916,44.2743149786199
2026-06-10 19:10:00,502.6185149185798,55.32377528285642
2026-06-10 19:15:00,507.1287260549462,73.19992021252588
2026-06-10 19:20:00,563.8956814212745,48.39867714350419
2026-06-10 19:25:00,429.1511898470909,37.936078365492705
2026-06-10 19:30:00,,58.22041820914539
10/06/2026 19:35:00,352.1997744695816,33.3521652039403
2026-06-10 19:40:00,270.87071931159346,39.023544411131255
,389.1502909203217,50.06216529353824
2026-06-10 19:50:00,342.96741857469834,49.71246888038012
2026-06-10 19:55:00,533.6712295420612,51.882190586909616
ERR-2026-06-10 20:00:00,448.18659433331425,72.06882456441838
2026-06-10 20:05:00,446.1762869925211,50.84613061122295
2026-06-10 20:10:00,401.5586953824788,44.22633089587017
2026-06-10 20:15:00,,43.58858762504948
2026-06-10 20:20:00,650.831074874755,45.4389973310112
,,37.86299875110484
2026-06-10 20:30:00,458.75799301500933,55.60055534432489
2026-06-10 20:35:00,354.510783471069,53.0170195188807
2026-06-10 20:40:00,597.1930343440633,54.66764342940953
2026-06-10 20:45:00,,58.0068128737026
2026-06-10 20:50:00,417.36347147341314,
2026-06-10 20:55:00,460.7770388655976,36.18527701985559
2026-06-10 21:00:00,667.8179922124871,47.187721867779935
2026-06-10 21:05:00,492.70305681187216,47.599571808280835
2026-06-10 21:10:00,481.8266462384094,63.77257757319927
2026-06-10 21:15:00,405.86185138607345,64.65110618323074
2026-06-10 21:20:00,310.5418849527697,45.73980973888922
2026-06-10 21:25:00,483.99613264206556,40.087198063921846
2026-06-10 21:30:00,532.5485112324618,51.585279408356556
2026-06-10 21:35:00,609.958446432767,46.81288833061608
2026-06-10 21:40:00 (UTC),275.15034655003444,49.164404901513066
2026-06-10 21:45:00,387.4903672976971,62.156013494830276
ERR-2026-06-10 21:50:00,441.925890944355,52.688750122347685
2026-06-10 21:55:00,6235.068199778803,
2026-06-10 22:00:00,485.49663084715775,43.41163795783658
,487.83113143127304,35.63969347881507
,540.8096058569945,
2026-06-10 22:15:00 (UTC),409.6706889220891,52.8218501272268
2026-06-10 22:20:00,593.4141442233695,55.63501045787265
2026-06-10 22:25:00,543.345244169948,49.832136444594305
2026-06-10 22:30:00,468.01677358719206,39.437769884257925
2026-06-10 22:35:00,660.0907991888915,50.556904542392154
2026-06-10 22:40:00,655.6416035571767,61.39489550050182
2026-06-10 22:45:00,593.2895355193808,50.58245831893833
2026-06-10 22:50:00,198.14432294322074,66.4268739920044
2026-06-10 22:55:00,657.8945092717976,52.52249896211842
2026-06-10 23:00:00,579.4758522471934,69.67691535892476
2026-06-10 23:05:00,700.6408637712937,70.48999842149948
2026-06-10 23:10:00,623.7464591733539,41.0240883487504
2026-06-10 23:15:00,657.8342677497285,43.53293744559595
2026-06-10 23:20:00,587.8654850180379,45.42947030927051
2026-06-10 23:25:00,634.8693198645512,32.92051748268465
2026-06-10 23:30:00,699.412374073444,54.63964497043261
2026-06-10 23:35:00,521.6554738378206,54.3660395923995
2026-06-10 23:40:00,342.776945592187,51.921097641056335
corrupted_timestamp,469.25390999848577,37.76492037084847
2026-06-10 23:50:00,538.9945599383436,65.88489700772107
2026-06-10 23:55:00 (UTC),507.48875843715575,31.19578026122091
2026-06-11 00:00:00,375.34380338405737,36.77023749817301
2026-06-11 00:05:00,336.8932374805021,58.861745128713494
corrupted_timestamp,425.8837331365171,53.15918600217848
11/06/2026 00:15:00,580.7739555984151,43.85894186208236
11/06/2026 00:20:00,658.0339770822969,50.54980254278662
2026-06-11 00:25:00,591.6567613777702,
2026-06-11 00:30:00,605.7427287114136,61.776082194770325
2026-06-11 00:35:00,491.91844268364423,37.83705818377189
2026-06-11 00:40:00,,52.918953969802054
2026-06-11 00:45:00,454.47794191172943,60.787697571264204
2026-06-11 00:50:00,474.1235588127621,40.0194448547812
2026-06-11 00:55:00,450.29475131643176,49.48439527157346
2026-06-11 01:00:00,505.4694865374626,49.4103767934485
2026-06-11 01:05:00,544.141975989295,33.86425079481599
2026-06-11 01:10:00 (UTC),6401.497668194985,52.92169326704493
2026-06-11 01:15:00,472.1880135633666,53.51873982656635
2026-06-11 01:20:00,309.62405943554063,64.96270100862785
2026-06-11 01:25:00,451.7122280708865,49.78676925212042
2026-06-11 01:30:00,504.3710396991984,54.37756870426928
,622.2807922133409,64.7220266192916
ERR-2026-06-11 01:40:00,443.21921578158947,43.58223967274841
2026-06-11 01:45:00,551.2543628399402,38.191258461727735
,529.0087899635432,1405.2237619705813
2026-06-11 01:55:00,504.39005331233886,48.02768195018496
2026-06-11 02:00:00,593.0533319324592,49.0919395235965
11/06/2026 02:05:00,7630.676061200493,
2026-06-11 02:10:00,442.48135503564833,41.601578224142614
2026-06-11 02:15:00,498.8099176905772,59.34254002092423
2026-06-11 02:20:00,435.98534949063,49.79591427966827
2026-06-11 02:25:00,550.8012291054599,72.454730543148
2026-06-11 02:30:00,428.6807695633867,39.60015449616705
,522.6304207745135,70.06352098254973
2026-06-11 02:40:00,489.98272312132434,52.92502863804559
2026-06-11 02:45:00,521.4925964776705,50.18543913838364
2026-06-11 02:50:00,454.0258604936961,38.99332441058343
2026-06-11 02:55:00,466.0911705473173,43.37430291490714
2026-06-11 03:00:00,509.600926799705,62.58633692602997
2026-06-11 03:05:00,520.2074506161313,23.344873118983255
2026-06-11 03:10:00,499.5798084608844,32.04779441525237
2026-06-11 03:15:00,670.5362356513084,33.88119634600464
2026-06-11 03:20:00,400.92630812587157,61.71037580952969
2026-06-11 03:25:00,493.57962050472867,56.807366330247255
2026-06-11 03:30:00,8959.489693739759,39.869758399184654
2026-06-11 03:35:00 (UTC),537.2081478667386,45.28382058431469
2026-06-11 03:40:00,388.4753463623186,1598.7702300451974
2026-06-11 03:45:00,472.1689744123424,60.1967460273898
2026-06-11 03:50:00,462.7935674668674,39.86927005527473
2026-06-11 03:55:00,528.0891126601172,51.33202238616695
2026-06-11 04:00:00,444.720908245482,46.557042568261124
2026-06-11 04:05:00,440.46943023060174,48.970163196864526
2026-06-11 04:10:00,643.5856464085898,41.035115477807025
2026-06-11 04:15:00,528.4566790474527,52.09824227746251
11/06/2026 04:20:00,443.8949147977732,42.17553144900752
2026-06-11 04:25:00,474.9166328188769,50.95482304546184
2026-06-11 04:30:00,664.5354952270745,65.62497743551054
2026-06-11 04:35:00 (UTC),476.4835121748903,60.43721958648924
2026-06-11 04:40:00,431.07233768476124,63.89809393590224
2026-06-11 04:45:00,431.50038498736075,53.16421394169597
2026-06-11 04:50:00,445.08735190104227,61.32837016560124
,440.5502277573278,31.9777813078775
2026-06-11 05:00:00,372.03521516507567,33.054109285531
2026-06-11 05:05:00,,39.949881077068845
2026-06-11 05:10:00,417.06796256386303,40.639948008542596
2026-06-11 05:15:00,559.1571018453097,60.47913798629823
2026-06-11 05:20:00,461.87627127271264,34.91272529302681
ERR-2026-06-11 05:25:00,479.283831090596,36.43256770993105
2026-06-11 05:30:00,627.0088025254897,48.78101466508331
2026-06-11 05:35:00,629.5007149938418,51.36991040405121
2026-06-11 05:40:00,471.7875056862265,58.750488249460844
2026-06-11 05:45:00,436.9136489316591,47.32604932944513
2026-06-11 05:50:00,413.5569686326462,48.17285047137813
2026-06-11 05:55:00,569.2775769708238,58.871993535606016
2026-06-11 06:00:00,479.5292766477712,41.00104889803358
2026-06-11 06:05:00,461.350510967721,51.22668358503883
2026-06-11 06:10:00,418.6335424862447,55.69959967552435
2026-06-11 06:15:00,423.0333590988612,
2026-06-11 06:20:00,532.0058191493245,58.60676505411424
2026-06-11 06:25:00,368.45617341127377,41.43239577975869
2026-06-11 06:30:00,599.4868693787938,65.62354420416929
2026-06-11 06:35:00,446.61553561850815,46.85264326689628
2026-06-11 06:40:00 (UTC),9939.245687424855,45.609808281436685
2026-06-11 06:45:00,366.30220418594456,35.39152575160539
2026-06-11 06:50:00,498.7634061757635,
2026-06-11 06:55:00,467.167905730944,41.88398620227812
2026-06-11 07:00:00,494.9919401143533,38.72039797102069
2026-06-11 07:05:00,647.1708898361891,38.174773937109585
2026-06-11 07:10:00,517.769804579024,50.43867246493416
2026-06-11 07:15:00,420.5340815854196,56.01143169429812
2026-06-11 07:20:00,428.86800894534315,52.79571993673306
2026-06-11 07:25:00,7408.064183545173,18.030972155924523
2026-06-11 07:30:00,629.8693290993424,39.58510644585087
2026-06-11 07:35:00 (UTC),528.191802075105,61.370922384900155
2026-06-11 07:40:00,568.871274455477,36.563216826367494
2026-06-11 07:45:00,560.9737723336705,
2026-06-11 07:50:00,641.9064413357521,39.03838350528185
,7608.065105204458,63.05404714515197
2026-06-11 08:00:00,566.7218939304528,42.05440140216996
,598.3736043903564,56.877732190811095
2026-06-11 08:10:00,366.12762938644266,42.75596790057691
2026-06-11 08:15:00,411.4331815993584,25.74141420778623
2026-06-11 08:20:00,414.9217251371847,54.70969162608408
2026-06-11 08:25:00,427.12098036226166,30.808340471044488
2026-06-11 08:30:00,451.8282949064474,40.86742850036285
2026-06-11 08:35:00,524.2602813054941,68.65885825501036
2026-06-11 08:40:00,586.5674651167369,1626.8535977960144
2026-06-11 08:45:00,608.1316957768537,50.20115658460984
11/06/2026 08:50:00,416.21769388322184,41.085692113796384
2026-06-11 08:55:00,415.5297001297017,50.25917531581973
2026-06-11 09:00:00,631.5821840016223,36.85951470528319
2026-06-11 09:05:00,564.6743935418644,
2026-06-11 09:10:00 (UTC),508.2864841868996,66.02388497800888
2026-06-11 09:15:00,547.3336675554967,52.09465755512812
2026-06-11 09:20:00,497.01962181485595,35.775983088367525
2026-06-11 09:25:00,552.4584683047615,54.06435398152924
ERR-2026-06-11 09:30:00,466.3933303494259,32.88356802456768
2026-06-11 09:35:00,526.8804934439231,31.231375418916784
2026-06-11 09:40:00 (UTC),,57.657563025619
2026-06-11 09:45:00,431.2215705174569,42.36257095353101
2026-06-11 09:50:00,432.2988823209656,65.73492527817709
2026-06-11 09:55:00,462.5609966793086,39.456265607507845
2026-06-11 10:00:00,,2859.6870743073728
2026-06-11 10:05:00,446.64563741769183,66.41571376017268
2026-06-11 10:10:00,348.55859376018793,51.55614088738669
2026-06-11 10:15:00,554.87004763949,46.97401262955265
2026-06-11 10:20:00,491.74864810886055,43.99547593085468
2026-06-11 10:25:00,329.4792392223983,44.62126015729859
2026-06-11 10:30:00,416.5170089453327,33.9806910124693
,533.6601427562167,56.40713795532177
2026-06-11 10:40:00,445.69780536142105,56.056267698656065
11/06/2026 10:45:00,430.3058539861903,47.705554935408195
2026-06-11 10:50:00,492.54073229919237,50.299521601023116
2026-06-11 10:55:00,534.3597535178217,45.46055061933755
2026-06-11 11:00:00,356.3647542960839,37.835791534698316
2026-06-11 11:05:00,555.0128481217879,36.95965494173345
2026-06-11 11:10:00,419.9706718392623,2361.8815589579053
2026-06-11 11:15:00,498.20720317502014,46.07438371948688
2026-06-11 11:20:00,496.457985930849,61.554983657969196
2026-06-11 11:25:00,,56.68467289390467
11/06/2026 11:30:00,397.63402538692856,65.40339829252743
2026-06-11 11:35:00,471.43134519077364,56.901563718592236
2026-06-11 11:40:00,662.5330309075196,34.15031863040868
2026-06-11 11:45:00,363.8324969536369,35.15445859508082
2026-06-11 11:50:00,669.2313019104876,39.39817139608043
2026-06-11 11:55:00,474.0278828923468,46.47300520991783
11/06/2026 12:00:00,503.5371417088639,42.23794540349154
2026-06-11 12:05:00,391.32891886152726,56.920085126081794
2026-06-11 12:10:00,422.8730583322519,61.78503295999752
2026-06-11 12:15:00,449.70903499619806,37.91701936623264
2026-06-11 12:20:00,395.4305029122088,33.570914913681534
2026-06-11 12:25:00,479.1082042629128,66.44394114000484
2026-06-11 12:30:00 (UTC),9188.548731970637,52.314262898346904
2026-06-11 12:35:00,685.0781142435733,44.646648476538076
2026-06-11 12:40:00,383.4025814319539,65.8157184980789
ERR-2026-06-11 12:45:00,510.2690516748587,62.45195320142304
2026-06-11 12:50:00,524.7846281901825,44.08364415822494
2026-06-11 12:55:00,392.96794513481626,58.70443597506879
2026-06-11 13:00:00,568.6827495452839,61.523000024664206
2026-06-11 13:05:00,7787.86843377544,58.38556108712143
11/06/2026 13:10:00,250.7610348416933,62.68125953642324
2026-06-11 13:15:00,565.9849612104565,40.50461493006178
2026-06-11 13:20:00 (UTC),388.30591158976364,50.2611125047764
2026-06-11 13:25:00,395.2225053860901,66.45476537652675
ERR-2026-06-11 13:30:00,568.7902082892398,46.10195815566264
2026-06-11 13:35:00,465.28385175815504,43.54865652664153
2026-06-11 13:40:00,591.77721505515,51.11048729480507
2026-06-11 13:45:00,621.0166095365319,34.1696083966282
2026-06-11 13:50:00,435.5071539677702,53.26371801247504
2026-06-11 13:55:00,579.3262495955031,33.34096343365032
2026-06-11 14:00:00,424.45391986071184,62.66763434778167
2026-06-11 14:05:00,723.3115917132177,33.78848980366312
corrupted_timestamp,430.7042995468785,58.49229144899397
2026-06-11 14:15:00,602.6087440960005,42.70292121324806
2026-06-11 14:20:00,584.3790025881576,39.42277023584414
2026-06-11 14:25:00,531.6087822108934,50.26241421033496
2026-06-11 14:30:00,432.9456838583317,52.99323518443757
2026-06-11 14:35:00,484.8602508058591,50.9204218534274
2026-06-11 14:40:00,284.6411887055448,53.399333477931805
11/06/2026 14:45:00,522.442003838225,56.91019820664049
11/06/2026 14:50:00,534.9615331028385,29.889054771486805
2026-06-11 14:55:00,513.3499419061371,51.35228425019953
2026-06-11 15:00:00,202.66938287074424,36.36050814143679
11/06/2026 15:05:00,373.4363554910189,37.314772157747406
2026-06-11 15:10:00,425.19090171513375,38.996981055813734
2026-06-11 15:15:00,529.1658933189046,30.274782687260014
2026-06-11 15:20:00,528.9338905642984,49.88954950759706
2026-06-11 15:25:00,482.9776208028821,32.32831997971867
,,54.05055210395192
2026-06-11 15:35:00,397.37576246971,65.18758050139863
2026-06-11 15:40:00,561.0235005693996,65.64811284641573
2026-06-11 15:45:00,547.474210483989,39.08996743262324
2026-06-11 15:50:00,9200.336198255676,38.128166228476566
2026-06-11 15:55:00,481.7959568914344,57.81296879516823
2026-06-11 16:00:00,683.0743824831262,50.5667329813202
2026-06-11 16:05:00,549.3195688489878,49.25934540412934
2026-06-11 16:10:00,403.1664136746441,36.92116380129154
2026-06-11 16:15:00,524.8305475735984,51.20416902158542
2026-06-11 16:20:00,575.2483377074218,58.65092532004866
ERR-2026-06-11 16:25:00,441.1891401075691,
2026-06-11 16:30:00 (UTC),608.9272246931099,54.63771502201521
2026-06-11 16:35:00,538.2033705716011,51.59678129037242
2026-06-11 16:40:00,265.7521662334653,43.47237490992731
2026-06-11 16:45:00,529.9671977337927,49.489050239289845
corrupted_timestamp,459.39708455872847,39.53413022929898
2026-06-11 16:55:00,553.7179814541736,58.55851357022361
2026-06-11 17:00:00,594.4214840251814,39.703108045537505
2026-06-11 17:05:00,519.5162047141818,44.02096525291353
2026-06-11 17:10:00,666.5252233944695,59.02573060244984
,482.12931154365043,44.76600970630889
2026-06-11 17:20:00,562.4817823053875,40.64139875677973
2026-06-11 17:25:00,,51.83685840477823
2026-06-11 17:30:00,,67.95299849974256
2026-06-11 17:35:00,577.8774307977783,61.64088467247823
2026-06-11 17:40:00,440.5327012837831,56.10163102181378
2026-06-11 17:45:00,457.74315809787817,59.94196919837157
2026-06-11 17:50:00 (UTC),368.75113096636875,55.16384353535943
2026-06-11 17:55:00,,
2026-06-11 18:00:00,532.5251675854344,59.14017320565911
ERR-2026-06-11 18:05:00,617.9263158579229,53.47078717702449
,579.1140004355884,49.46746819251034
2026-06-11 18:15:00,471.5204443352567,51.86341034816369
11/06/2026 18:20:00,382.1820312665723,53.32095021258872
2026-06-11 18:25:00,543.2850402519974,53.06347788210914
2026-06-11 18:30:00,611.0753172414642,53.649964607556925
2026-06-11 18:35:00,575.5184973803944,40.130771449960974
2026-06-11 18:40:00,608.4477524857288,47.93151376390593
2026-06-11 18:45:00,-277.3738963358005,37.331542611890754
2026-06-11 18:50:00,453.3381031824355,52.62669310135335
,426.3098647768201,53.44155780884404
2026-06-11 19:00:00,494.41035333864045,63.181081306067576
2026-06-11 19:05:00,492.14092040311806,53.0033125324701
2026-06-11 19:10:00,520.6677628539117,46.29704453636529
2026-06-11 19:15:00,487.0702542964492,45.78614918036541
2026-06-11 19:20:00,486.63722702732287,56.45709865511285
11/06/2026 19:25:00,422.3305947027856,43.18914333684189
2026-06-11 19:30:00 (UTC),594.1619013551491,51.53272139851123
2026-06-11 19:35:00,507.6518062243711,59.53654177533366
2026-06-11 19:40:00,482.5556065714718,70.24826198228445
,425.25707467507954,61.55552346602878
2026-06-11 19:50:00,366.8086889608914,44.74594476277001
corrupted_timestamp,630.7964192549343,42.53651252643104
2026-06-11 20:00:00,555.4638708131807,
2026-06-11 20:05:00,337.60821574300326,47.86154159915471
11/06/2026 20:10:00,576.3142300709657,35.21100936646529
2026-06-11 20:15:00,592.2481170233109,75.92326041997384
2026-06-11 20:20:00,512.4376122300929,51.73011963828092
2026-06-11 20:25:00,659.8110895751759,62.49305049964723
2026-06-11 20:30:00,521.6719642122883,46.66534318475813
11/06/2026 20:35:00,358.317647205081,49.68641638877756
2026-06-11 20:40:00,536.5169001048321,51.51545387791049
2026-06-11 20:45:00,,47.271661676498674
2026-06-11 20:50:00,439.6703151221845,42.40727533585439
2026-06-11 20:55:00,557.3558836877426,71.97527269947975
2026-06-11 21:00:00,333.2334733809138,53.54956779097895
2026-06-11 21:05:00,599.056682744279,34.22026503241122
corrupted_timestamp,412.1878296394547,51.01704607938448
2026-06-11 21:15:00,401.5053874882968,35.61235560320161
2026-06-11 21:20:00,488.61752276925233,
2026-06-11 21:25:00,543.2972928043636,51.068059322776456
2026-06-11 21:30:00,516.392406359343,55.392690182114904
11/06/2026 21:35:00,425.7340834227622,24.768259058759696
2026-06-11 21:40:00,449.3910708808111,
2026-06-11 21:45:00,386.6957652622538,
2026-06-11 21:50:00,477.532009837013,47.7543030560747
2026-06-11 21:55:00,607.5021214510909,65.335326805541
2026-06-11 22:00:00,499.5737062356124,67.11487804852482
2026-06-11 22:05:00,585.9414254759453,43.80452887662928
2026-06-11 22:10:00,645.5401337726191,60.63200153458072
2026-06-11 22:15:00,441.19814809630327,51.58723583551441
2026-06-11 22:20:00,481.34267469446354,
2026-06-11 22:25:00,717.1192861062495,43.266598611767584
2026-06-11 22:30:00,644.4343411979945,
2026-06-11 22:35:00,332.7595474187648,44.14807028849632
2026-06-11 22:40:00,538.7148316060907,39.2638074828864
2026-06-11 22:45:00,500.05599923396954,46.9667478465309
2026-06-11 22:50:00,582.6453110858763,33.59431133031747
2026-06-11 22:55:00,425.5021232514945,40.68999144559205
2026-06-11 23:00:00,416.0391627959328,46.79871548736028
11/06/2026 23:05:00,432.39292847063905,47.469006252014424
2026-06-11 23:10:00,6915.707104775507,59.16416977917276
2026-06-11 23:15:00,581.5324166809014,58.21851746517181
2026-06-11 23:20:00,381.87988268511197,49.6444439686545
,437.7386100040681,32.62776336070014
2026-06-11 23:30:00,321.0987609498559,28.650633719432925
2026-06-11 23:35:00,600.7117823412373,44.7008661036885
11/06/2026 23:40:00,627.1030099431141,41.644975652537845
2026-06-11 23:45:00,467.29265691362133,44.08269238448874
2026-06-11 23:50:00,470.2050635186777,
ERR-2026-06-11 23:55:00,545.3221902282897,43.926957818528386
2026-06-12 00:00:00,647.4482007378256,41.345696694801575
2026-06-12 00:05:00,540.8610747563918,49.96518552292533
2026-06-12 00:10:00,430.24580575248854,44.801102250426055
2026-06-12 00:15:00,338.1177428013559,55.97045028065396
2026-06-12 00:20:00 (UTC),388.4873737336512,52.455596594917616
2026-06-12 00:25:00 (UTC),507.3219450312465,68.53642694579275
12/06/2026 00:30:00,-794.623622387769,47.081658952278865
2026-06-12 00:35:00 (UTC),519.4967705990758,69.30970903756312
2026-06-12 00:40:00,444.7075983763766,56.9790073957642
2026-06-12 00:45:00,394.18535687055885,55.30529284833033
2026-06-12 00:50:00,382.29683685469286,30.116323994348424
2026-06-12 00:55:00,656.235450937323,28.60780745572242
ERR-2026-06-12 01:00:00,588.8987749183643,33.90047269217784
2026-06-12 01:05:00,673.0517951827958,52.13565292228802
2026-06-12 01:10:00,553.9950900755102,57.542383809273346
2026-06-12 01:15:00,457.0008591385161,55.3457032167323
2026-06-12 01:20:00,632.3340922489938,50.37786676196955
2026-06-12 01:25:00,496.6931998638232,59.03356927310786
2026-06-12 01:30:00,522.0841770290352,61.94443249247095
2026-06-12 01:35:00,495.7175620924481,46.916794616296826
2026-06-12 01:40:00,205.30957807159854,
2026-06-12 01:45:00,660.4735012294854,53.840045464186666
2026-06-12 01:50:00,,
2026-06-12 01:55:00,532.982306086851,53.27590696675622
2026-06-12 02:00:00,493.82239377294394,52.640793335067414
2026-06-12 02:05:00,516.3427820386131,43.95607878207239
2026-06-12 02:10:00,440.2721064153752,52.05640167584363
2026-06-12 02:15:00,,46.60274607094782
2026-06-12 02:20:00,369.29016556008673,39.309759667676346
2026-06-12 02:25:00,518.6068432470547,52.99989602636119
ERR-2026-06-12 02:30:00,556.1573470571104,39.77512816891671
2026-06-12 02:35:00,480.1330866177097,49.56980414326332
2026-06-12 02:40:00,537.0867792471025,46.33705724309873
2026-06-12 02:45:00,-771.6143327782263,44.37644982276376
2026-06-12 02:50:00 (UTC),403.4173229104036,64.05327431020922
2026-06-12 02:55:00,523.6717121026393,66.38286544422378
2026-06-12 03:00:00,567.8549654621052,47.03146340931873
2026-06-12 03:05:00,312.5134344498289,59.97343515581139
2026-06-12 03:10:00,552.2020635110766,34.18553713063069
2026-06-12 03:15:00,445.6798499623663,38.18393497864026
2026-06-12 03:20:00,480.7193912692588,49.38905526220143
2026-06-12 03:25:00,366.0482076434963,39.33400153057545
2026-06-12 03:30:00 (UTC),414.83827598132916,53.756380652473695
2026-06-12 03:35:00,596.6125325530311,52.87535392110574
2026-06-12 03:40:00 (UTC),503.2863373980213,49.525715393596876
2026-06-12 03:45:00,461.72215982904413,73.67205448350443
2026-06-12 03:50:00,488.3511647368965,53.6801500252083
ERR-2026-06-12 03:55:00,548.9211824664301,
2026-06-12 04:00:00 (UTC),544.0494496163337,54.855502315558766
,492.49729996031994,40.99009985810845
2026-06-12 04:10:00,609.2959110896668,69.50248298860186
2026-06-12 04:15:00,9285.952467480905,35.96113674977968
2026-06-12 04:20:00,,52.85084752804076
2026-06-12 04:25:00 (UTC),505.46117829100706,57.44340184729223
12/06/2026 04:30:00,565.7321095119539,59.83644977104625
,531.4267421801184,46.88779621393989
2026-06-12 04:40:00 (UTC),606.0800071805947,57.43476594911443
2026-06-12 04:45:00,589.9561376738308,39.516975450997926
2026-06-12 04:50:00,7977.452721989696,66.70433487533387
2026-06-12 04:55:00,391.40368292582934,48.37050942613256
ERR-2026-06-12 05:00:00,429.87504555959237,45.03288080383183
2026-06-12 05:05:00,597.6138690066921,43.62191406111648
2026-06-12 05:10:00,342.36910032287545,52.974246798441065
2026-06-12 05:15:00,539.4757389107994,34.199258882826356
2026-06-12 05:20:00,536.2543091092962,58.84757025111678
12/06/2026 05:25:00,616.2648058686193,44.02894193393718
2026-06-12 05:30:00,518.0338690663888,63.044452751069855
2026-06-12 05:35:00,365.6790609416099,37.5755592352608
corrupted_timestamp,404.0645039351877,51.32046782862508
2026-06-12 05:45:00,381.8004478102175,55.538830154001744
2026-06-12 05:50:00,446.205603366686,56.62216858741709
2026-06-12 05:55:00,481.7098432576073,44.832899486125356
2026-06-12 06:00:00,383.4558473778943,37.65273785135759
2026-06-12 06:05:00,647.066199065229,45.43063209891754
2026-06-12 06:10:00,,61.6665686234439
2026-06-12 06:15:00,634.610342386248,70.9227811479352
2026-06-12 06:20:00,618.516303143934,33.77115066237103
2026-06-12 06:25:00 (UTC),589.8302549689035,
2026-06-12 06:30:00,430.623339250325,32.67582647473468
2026-06-12 06:35:00,534.2450879176902,44.51621283480941
2026-06-12 06:40:00,,43.620899541201986
2026-06-12 06:45:00,591.0907035033749,38.044634172431614
2026-06-12 06:50:00,492.6015218463731,66.63008799827479
ERR-2026-06-12 06:55:00,459.06797854133146,61.468696729868455
2026-06-12 07:00:00,377.62551533437306,52.433917800568636
ERR-2026-06-12 07:05:00,252.24938813709832,48.89753572440882
2026-06-12 07:10:00,396.1459142964244,58.9250437449136
ERR-2026-06-12 07:15:00,611.2798195612907,39.98490004991396
2026-06-12 07:20:00,459.7166571525196,52.38375018516132
corrupted_timestamp,,43.94795268951333
2026-06-12 07:30:00,565.5554358288452,73.43495575076753
2026-06-12 07:35:00,680.5668878116265,36.41833922349661
corrupted_timestamp,632.5004654945639,47.27780417235371
2026-06-12 07:45:00,402.7664996183812,37.05497499287611
2026-06-12 07:50:00,305.74294285625933,57.52106572352698
,735.9614259100103,57.49834140291314
2026-06-12 08:00:00,726.8991611659453,1090.9718368619685
12/06/2026 08:05:00,518.8453596429283,37.57764998205113
2026-06-12 08:10:00,372.95117544181784,46.14195752892166
2026-06-12 08:15:00,,43.021083566938586
2026-06-12 08:20:00,489.201631398739,50.64099710073225
2026-06-12 08:25:00,488.70188768933895,66.1976619930407
2026-06-12 08:30:00,589.4458843105128,56.61347973362755
,533.4374746873299,57.591662027599384
2026-06-12 08:40:00,381.4185088985055,49.95758841026487
2026-06-12 08:45:00,467.5258064918026,76.43563384109561
2026-06-12 08:50:00,566.1152928661346,51.1653340569831
2026-06-12 08:55:00,551.0252222405019,
2026-06-12 09:00:00,526.2016574358476,60.98634233265725
2026-06-12 09:05:00,593.3422954475864,49.488780962639176
2026-06-12 09:10:00,463.82830121827357,52.074620293821205
2026-06-12 09:15:00,517.8669775219072,44.301589999250474
2026-06-12 09:20:00,162.44208998223996,50.18001590590386
2026-06-12 09:25:00 (UTC),455.0349806157186,64.63446309757374
2026-06-12 09:30:00,576.3902908575644,61.639167682711786
2026-06-12 09:35:00,460.9605532882857,56.87553458495487
2026-06-12 09:40:00,453.3772608282888,59.10303596376952
12/06/2026 09:45:00,395.85470482251816,49.62561273833017
2026-06-12 09:50:00,600.3365892729146,59.48161853489166
2026-06-12 09:55:00,554.846327354057,48.47698178485407
2026-06-12 10:00:00,582.5414597823085,33.66586588867689
corrupted_timestamp,327.378603804211,68.32446042210869
12/06/2026 10:10:00,,47.95725260432936
2026-06-12 10:15:00,471.9888992249994,60.54285418689905
2026-06-12 10:20:00,471.9428293401447,46.37257858425359
2026-06-12 10:25:00,,23.098671581789205
2026-06-12 10:30:00,465.38957282199846,49.27186891574542
12/06/2026 10:35:00,,31.583187915619366
2026-06-12 10:40:00,308.7148646652171,57.55358022563817
12/06/2026 10:45:00,677.7294768030454,47.70802201236438
2026-06-12 10:50:00,548.3841125026462,2034.5967072296799
2026-06-12 10:55:00,495.7668104339787,52.33328725819088
2026-06-12 11:00:00,590.6834146372926,39.69906157126226
2026-06-12 11:05:00,,56.697976825318456
2026-06-12 11:10:00,433.5299094848986,34.40401865463793
2026-06-12 11:15:00,487.89245676094464,46.929041096610916
2026-06-12 11:20:00,636.5560370432178,31.360655959394094
2026-06-12 11:25:00,495.3503418873442,53.5009100810506
2026-06-12 11:30:00,545.0054671185146,
12/06/2026 11:35:00,,51.26126732287115
2026-06-12 11:40:00,548.6842068967491,40.64140286118244
2026-06-12 11:45:00,667.7239592974456,63.52404334903887
2026-06-12 11:50:00,599.5526691674114,59.0870778934961
2026-06-12 11:55:00,7912.1183221506,52.34049541480342
2026-06-12 12:00:00,567.549084726547,44.19155801548275
,557.7516954607212,46.50132681306408
corrupted_timestamp,550.6587671697275,49.84653404498402
2026-06-12 12:15:00,611.1953360860409,38.99062152944718
2026-06-12 12:20:00,610.4477703837466,58.53120528666017
,487.28414031251157,62.5933519831939
2026-06-12 12:30:00,564.1879061477769,67.09074958104792
2026-06-12 12:35:00,461.69050788402063,46.56314986534549
2026-06-12 12:40:00,407.69276036844224,63.772676715268055
12/06/2026 12:45:00,473.0506244296014,64.38909789498793
2026-06-12 12:50:00,492.37218482604175,43.67906626706096
2026-06-12 12:55:00,333.8419010822008,39.962151690006564
2026-06-12 13:00:00,586.033255941672,60.865961910661966
2026-06-12 13:05:00,223.26745773976018,44.514827877882816
2026-06-12 13:10:00,771.4816939486321,42.66090259322701
2026-06-12 13:15:00,650.1879133796319,58.16352727550927
ERR-2026-06-12 13:20:00,473.89912758276864,36.140813165087046
2026-06-12 13:25:00,500.9426360563773,45.54177160486564
2026-06-12 13:30:00,530.2971873587284,31.359531330077335
2026-06-12 13:35:00,441.0839612011058,41.592701281171394
2026-06-12 13:40:00 (UTC),519.2619147586936,
2026-06-12 13:45:00 (UTC),485.6000022298339,
2026-06-12 13:50:00,490.5727282769034,45.69914151249852
2026-06-12 13:55:00,518.1461063480639,29.45713426562904
2026-06-12 14:00:00,368.6472201646005,39.934292738648
2026-06-12 14:05:00,503.95697241336484,63.44865621364654
2026-06-12 14:10:00,516.3447746617477,52.98178506964404
2026-06-12 14:15:00,512.8849621355914,44.876354420136316
2026-06-12 14:20:00,478.41692445638455,43.44622931326969
2026-06-12 14:25:00,613.7857775969371,57.652085218651024
2026-06-12 14:30:00,,
2026-06-12 14:35:00 (UTC),522.732590682319,
2026-06-12 14:40:00,629.7297533925546,44.664322995720156
2026-06-12 14:45:00,492.06238599796876,37.632047514218435
2026-06-12 14:50:00,521.4463267467552,43.074284133011616
corrupted_timestamp,490.3615363685103,56.85083186450444
2026-06-12 15:00:00,623.7369793563599,55.84773630627407
2026-06-12 15:05:00,474.22754384137045,60.29148101232484
corrupted_timestamp,628.3354577288205,51.421749970136574
2026-06-12 15:15:00,489.6412105352935,34.90870041303652
2026-06-12 15:20:00,414.0540276551983,37.543317972438544
2026-06-12 15:25:00,567.9373170574121,54.740839560563934
2026-06-12 15:30:00 (UTC),469.5332166244344,51.017574122865376
12/06/2026 15:35:00,562.0500899099163,38.40826718761015
2026-06-12 15:40:00,227.0595615076266,46.57650343281497
2026-06-12 15:45:00,500.52052618949466,68.99778215793111
2026-06-12 15:50:00,-668.8154958696576,59.31582485971896
2026-06-12 15:55:00,393.6741313468722,64.98613538760802
2026-06-12 16:00:00,444.67589981602003,38.20774256225754
2026-06-12 16:05:00,442.62968557073486,66.70394730743115
2026-06-12 16:10:00,495.2014205149419,44.798075030588706
2026-06-12 16:15:00,363.2673538715044,65.72209289299133
2026-06-12 16:20:00,531.6273780259713,53.583027866092344
2026-06-12 16:25:00,636.6214785205788,56.28495696326183
2026-06-12 16:30:00,528.0928496947827,56.94651450202368
2026-06-12 16:35:00,580.8988609229009,50.98798780328572
2026-06-12 16:40:00 (UTC),609.4562454613796,55.834485063484706
2026-06-12 16:45:00,623.6489512184177,39.81184184511253
corrupted_timestamp,687.0138692821306,48.71062214502538
2026-06-12 16:55:00,450.079800172407,57.80695327520996
2026-06-12 17:00:00,428.1516014838884,51.088637107270294
2026-06-12 17:05:00,,
2026-06-12 17:10:00,570.82662196574,52.33753281391977
2026-06-12 17:15:00,577.5675299615689,36.35979511333136
2026-06-12 17:20:00,688.9282454250252,60.461104775328344
2026-06-12 17:25:00 (UTC),501.1369908798494,29.21071740784781
12/06/2026 17:30:00,542.6156559646184,49.75037984947658
2026-06-12 17:35:00,401.9611748516525,57.6020639254553
2026-06-12 17:40:00,713.5321123975957,50.81545329642815
2026-06-12 17:45:00,466.3455078790889,45.3092010503512
,469.178407183917,60.996212685352184
2026-06-12 17:55:00,465.3250108991757,43.11075553960829
,435.51041413556624,66.8470663146617
2026-06-12 18:05:00,427.05629511523506,47.90108337207681
2026-06-12 18:10:00,447.6295717110475,47.547081130030534
2026-06-12 18:15:00,363.4204071949056,57.281157300603525
,421.46820797367616,46.897429204462064
2026-06-12 18:25:00,694.896311144762,50.959860568180595
2026-06-12 18:30:00,573.5655143641369,55.712941924171844
2026-06-12 18:35:00,592.5904176727718,37.74624111621916
2026-06-12 18:40:00,617.7208787416914,
2026-06-12 18:45:00,683.4134564362391,33.06625162854401
2026-06-12 18:50:00,322.8577448556156,49.87001556969144
2026-06-12 18:55:00,377.0116884713459,46.43456589744981
2026-06-12 19:00:00,419.6276339105315,36.88785007232892
2026-06-12 19:05:00,453.0270203510402,66.91442406140617
2026-06-12 19:10:00,469.9430609414751,51.67375703838053
2026-06-12 19:15:00,,43.47311570346346
12/06/2026 19:20:00,521.9308913132054,51.419769976046396
12/06/2026 19:25:00,503.5295390745216,
2026-06-12 19:30:00,427.71652048217504,40.04621313863487
2026-06-12 19:35:00,282.44512230124303,56.57953559431461
2026-06-12 19:40:00,400.71312946213015,40.854563378896685
2026-06-12 19:45:00,445.0761346687425,54.82308640730902
2026-06-12 19:50:00,475.29205631922804,43.40865891994052
2026-06-12 19:55:00,387.0332540689463,48.364388704465874
2026-06-12 20:00:00,450.919353350358,51.58151253830919
,386.90126115144136,63.20059423415914
2026-06-12 20:10:00,487.4180648451667,35.260775677178515
ERR-2026-06-12 20:15:00,392.69086716373846,66.99665355407733
,415.1095343629536,30.81772911366664
2026-06-12 20:25:00,369.1315869010861,53.276537852726015
2026-06-12 20:30:00,484.6499304430216,2652.187857733624
2026-06-12 20:35:00,413.35522300476015,48.68667340343081
2026-06-12 20:40:00,590.6784266675429,50.36275376159453
2026-06-12 20:45:00,540.5850266692898,55.21826333411503
2026-06-12 20:50:00,493.0148131816357,
,420.25145026562114,48.20466802466754
2026-06-12 21:00:00,538.0520305316303,57.03266561519108
2026-06-12 21:05:00,569.0700889348637,47.70400960556056
2026-06-12 21:10:00,514.268841220163,50.93455084042425
,660.370185546693,61.57783151927934
2026-06-12 21:20:00,7600.755124984795,61.8666519301275
2026-06-12 21:25:00,591.3607217568034,60.4778013008972
2026-06-12 21:30:00,513.3565415535978,39.749744367048976
2026-06-12 21:35:00,567.5664453256977,2685.1601081777785
2026-06-12 21:40:00,420.3218767330825,54.61485852663511
2026-06-12 21:45:00,454.1601636787206,67.67612193729278
2026-06-12 21:50:00,534.936355348238,57.928565152153645
2026-06-12 21:55:00,534.2099481557382,43.72949729576526
2026-06-12 22:00:00,550.7611822943247,46.18230400495227
2026-06-12 22:05:00,610.0392892278729,24.57492022937003
2026-06-12 22:10:00,357.50288281845883,49.22850544248673
2026-06-12 22:15:00,402.5547452389704,46.3073028990069
2026-06-12 22:20:00,522.9572641074253,44.7532766388144
2026-06-12 22:25:00,427.56363681965394,42.20369325668858
2026-06-12 22:30:00,837.7768241289361,65.3708648643441
2026-06-12 22:35:00,551.5719619170136,23.1222599855886
2026-06-12 22:40:00,492.1669151069843,37.31123955137425
2026-06-12 22:45:00,448.45307269161407,73.86689239154579
corrupted_timestamp,451.98377168069555,59.84083652753956
2026-06-12 22:55:00,503.0140661315177,53.058931928914255
2026-06-12 23:00:00,511.19819326212576,49.95291408152113
2026-06-12 23:05:00,454.3300855306487,44.14824304568867
2026-06-12 23:10:00,472.6847753480098,37.235639466653254
2026-06-12 23:15:00,634.4284575234597,53.6764682153098
2026-06-12 23:20:00,638.4504962651034,57.99678589213763
12/06/2026 23:25:00,525.2033979934877,43.069853607147856
2026-06-12 23:30:00,365.8740272763262,31.83179384048161
2026-06-12 23:35:00,553.8503156639043,56.64687945672464
2026-06-12 23:40:00,655.4282441611026,57.75234669383368
2026-06-12 23:45:00,636.9781101962378,58.31919216578211
2026-06-12 23:50:00,573.4425852809667,48.414963144658934
2026-06-12 23:55:00 (UTC),642.2422955285822,28.414738265769014
2026-06-13 00:00:00,505.3384272479022,37.74851551696767
2026-06-13 00:05:00,562.8102969833704,62.85863543496569
2026-06-13 00:10:00,431.92244336748195,36.49426756090418
2026-06-13 00:15:00,529.2265456155712,56.99952878508688
2026-06-13 00:20:00,632.9534243970525,39.787565007790754
2026-06-13 00:25:00 (UTC),,38.78147449546694
2026-06-13 00:30:00,413.85565705357135,68.25878857441737
2026-06-13 00:35:00,509.7488939023697,68.62863022103795
2026-06-13 00:40:00 (UTC),477.33377962760005,51.63240719790475
2026-06-13 00:45:00,564.914772107042,45.15377568030374
2026-06-13 00:50:00,454.67404740529577,60.320470013704224
2026-06-13 00:55:00,671.8439615602714,34.203972090774
2026-06-13 01:00:00,371.03239020389447,
2026-06-13 01:05:00 (UTC),625.3734786219735,70.20502819187027
,423.5150771691897,55.80669294577903
2026-06-13 01:15:00,320.40172654159767,38.37203930362391
2026-06-13 01:20:00,523.7875156348867,65.24599773719436
2026-06-13 01:25:00,474.5392013986116,53.12740335470828
2026-06-13 01:30:00,389.0390632096969,48.596616228874225
2026-06-13 01:35:00,331.8623108284736,40.30987871417056
2026-06-13 01:40:00,499.16392127285434,38.6019184000634
2026-06-13 01:45:00,597.5836891623818,61.53384325276136
2026-06-13 01:50:00,558.4953493086444,49.23814601532877
2026-06-13 01:55:00,505.6706648839266,49.13367783807047
2026-06-13 02:00:00 (UTC),547.8847573217735,51.260815098700405
2026-06-13 02:05:00,497.2785867622143,30.475954845707257
2026-06-13 02:10:00,357.0275756969629,49.779580696118636
2026-06-13 02:15:00,357.9106014776557,49.93511557337127
2026-06-13 02:20:00,479.6831471015321,64.9515242622497
2026-06-13 02:25:00,483.93467136339257,58.276188943075454
2026-06-13 02:30:00,585.0982678506765,37.85751528006737
13/06/2026 02:35:00,575.7304223774747,46.06575729333633
,,60.462819676795874
2026-06-13 02:45:00,471.97172869228194,36.97286496087833
13/06/2026 02:50:00,361.93478298898606,66.96003638883514
2026-06-13 02:55:00,541.2071137066024,49.59470418364167
2026-06-13 03:00:00,552.5169313262169,55.36214930358551
2026-06-13 03:05:00,261.14685375223144,45.58106205005123
2026-06-13 03:10:00,416.56618134173374,45.44367359787191
corrupted_timestamp,430.8945622606104,40.7816410238433
2026-06-13 03:20:00,511.8350201123436,65.36810642341479
2026-06-13 03:25:00,419.6639567234306,55.91771373366888
2026-06-13 03:30:00 (UTC),496.18654311753596,40.335689100889326
2026-06-13 03:35:00,478.9465059647008,57.05542812256248
2026-06-13 03:40:00,484.0850528462272,59.40479120872756
2026-06-13 03:45:00,428.3605706299254,60.81463743533248
2026-06-13 03:50:00,436.10149459333223,52.8142689171865
,391.9732940219307,51.70991557647968
2026-06-13 04:00:00,538.0067440573832,40.68554388353944
2026-06-13 04:05:00,557.1102628591368,63.31645845427876
2026-06-13 04:10:00,422.9382049874661,
2026-06-13 04:15:00,652.0640096017045,59.88904282340043
2026-06-13 04:20:00,468.5398552557951,31.17136396592677
13/06/2026 04:25:00,653.018562379656,1754.1185722461912
2026-06-13 04:30:00,435.78728261683966,50.250711883155894
13/06/2026 04:35:00,7135.580423490898,58.27629643085701
2026-06-13 04:40:00,540.2197824912352,38.02055175394168
2026-06-13 04:45:00,524.8545105118988,68.13166075644848
2026-06-13 04:50:00,503.4393795307583,43.48006590831575
2026-06-13 04:55:00,435.77675215560106,61.5179392300267
13/06/2026 05:00:00,,47.95298349249655
2026-06-13 05:05:00,448.87405421304726,68.50295042509632
13/06/2026 05:10:00,469.76504336682495,2146.232103914207
corrupted_timestamp,584.1632255765076,68.84739094731226
2026-06-13 05:20:00,518.4217229530093,49.299822271636884
2026-06-13 05:25:00,560.9951387331977,38.87145888391615
2026-06-13 05:30:00,476.813149337421,52.96121413329449
ERR-2026-06-13 05:35:00,465.7982654195225,48.66772467202302
2026-06-13 05:40:00 (UTC),-734.9052701697481,43.95896194673128
ERR-2026-06-13 05:45:00,462.99633874318033,62.43149602369326
2026-06-13 05:50:00,167.88854444108614,36.46903998918334
2026-06-13 05:55:00,440.9778033694365,69.1156889538429
2026-06-13 06:00:00,491.8125822809161,48.14983894060487
2026-06-13 06:05:00,556.3673654270156,36.3791226054422
2026-06-13 06:10:00,473.1322122475043,53.89821904748504
2026-06-13 06:15:00,534.7673542245,51.82763249525597
2026-06-13 06:20:00,282.02113386097545,
2026-06-13 06:25:00,494.316314779305,
2026-06-13 06:30:00,332.04972070865966,63.140772400543824
ERR-2026-06-13 06:35:00,,55.39387564096378
2026-06-13 06:40:00,481.2834452136139,45.14320625788216
2026-06-13 06:45:00,627.6263987873555,53.982319901638476
2026-06-13 06:50:00,537.1206763470059,42.200093019096386
13/06/2026 06:55:00,501.8230997137117,1823.9833014186415
corrupted_timestamp,498.0469610532898,70.96751303974146
2026-06-13 07:05:00,428.6371106795533,61.0709640059091
ERR-2026-06-13 07:10:00,445.60165866273167,43.39441114433545
2026-06-13 07:15:00,,40.377602566379124
2026-06-13 07:20:00,361.46394815555055,50.98853451322803
2026-06-13 07:25:00 (UTC),559.3054050283022,33.90581747359985
13/06/2026 07:30:00,461.14929328811473,59.14952758908252
2026-06-13 07:35:00,582.5557074869565,56.65729838512113
2026-06-13 07:40:00,596.1093457232083,48.46568989990699
2026-06-13 07:45:00,332.691598749426,47.09951753490915
2026-06-13 07:50:00,441.8419236772782,48.894291770712194
ERR-2026-06-13 07:55:00,414.4472312059376,65.61794592651808
2026-06-13 08:00:00,318.7272034926857,45.943922314469546
2026-06-13 08:05:00,5336.781082201124,38.04042859634247
ERR-2026-06-13 08:10:00,744.125584526534,
2026-06-13 08:15:00,560.950989621244,59.89396365139951
2026-06-13 08:20:00,691.7287968605754,40.39227505341597
2026-06-13 08:25:00,582.9098440018336,61.98585180175399
13/06/2026 08:30:00,425.8156838991524,47.98470649996852
2026-06-13 08:35:00,461.8228803325957,1835.9005336549749
2026-06-13 08:40:00,558.8436180240308,
2026-06-13 08:45:00,543.7506203473037,47.28644978669925
13/06/2026 08:50:00,442.26579842916664,53.71555934332075
2026-06-13 08:55:00,349.0006829420793,43.76780299240895
2026-06-13 09:00:00,828.776118738874,62.30932580725401
2026-06-13 09:05:00,485.8850327657194,54.456609412393576
2026-06-13 09:10:00,467.426110681738,71.66388550244214
2026-06-13 09:15:00,511.3334463905302,57.105417379037654
2026-06-13 09:20:00,475.72714106889714,47.67227613884456
2026-06-13 09:25:00,512.2728907705483,41.35498055492894
2026-06-13 09:30:00,,35.82757108664899
2026-06-13 09:35:00,487.54515203135765,48.712407368357304
2026-06-13 09:40:00,383.72895606722386,49.101506092535494
2026-06-13 09:45:00,483.8356205521389,65.90984327897158
2026-06-13 09:50:00,453.55982185900893,45.887980201306384
2026-06-13 09:55:00,642.3898937246852,60.14697935043662
2026-06-13 10:00:00 (UTC),617.111906473757,48.93252408716579
2026-06-13 10:05:00,510.75250004307986,68.91844300190573
2026-06-13 10:10:00,372.12641451807434,34.34012820020034
2026-06-13 10:15:00,,63.52048614258938
2026-06-13 10:20:00,501.5123261584554,45.009947820839145
2026-06-13 10:25:00,533.632296932128,58.91564356901878
2026-06-13 10:30:00,462.5377180673945,65.71768120749972
2026-06-13 10:35:00,451.9830415792766,46.48788928424265
2026-06-13 10:40:00,440.7200766821353,39.03740725737646
2026-06-13 10:45:00,-462.6207647573872,38.06892401816232
2026-06-13 10:50:00,261.7237647926935,41.4604703168459
2026-06-13 10:55:00,389.867337123029,25.708936467144127
ERR-2026-06-13 11:00:00,437.2949154552649,47.724109723054845
2026-06-13 11:05:00 (UTC),620.7503194951921,
2026-06-13 11:10:00,418.61863580710707,52.45986462184826
2026-06-13 11:15:00 (UTC),518.0468141831207,46.21952071319641
2026-06-13 11:20:00,522.6542750930996,41.13134864368099
2026-06-13 11:25:00,629.7916505660762,44.290511026808126
2026-06-13 11:30:00,626.257740696415,52.837106873819955
2026-06-13 11:35:00,494.24970312050834,58.252551697416045
2026-06-13 11:40:00,9932.50101405705,35.046574104254
2026-06-13 11:45:00,433.616689717431,51.57376366070398
2026-06-13 11:50:00,475.8936777534219,52.65062543028993
2026-06-13 11:55:00,456.59666456764,40.56522119113436
ERR-2026-06-13 12:00:00,555.3627409358232,55.469381006327275
2026-06-13 12:05:00,542.0309817485204,59.33455748685519
2026-06-13 12:10:00 (UTC),559.1801191145016,44.2992186472632
2026-06-13 12:15:00,,41.33405462875406
corrupted_timestamp,686.2869121400176,71.55518900194977
2026-06-13 12:25:00 (UTC),8558.681541993874,58.00479808350661
2026-06-13 12:30:00,9795.619280319599,51.79778977378684
2026-06-13 12:35:00,464.8339816165785,43.25744118336511
2026-06-13 12:40:00,618.5006983583016,42.2724746889505
2026-06-13 12:45:00,8584.095225053732,55.731081394353765
2026-06-13 12:50:00,,41.77474805147574
ERR-2026-06-13 12:55:00,509.4069841191524,41.34224186187971
2026-06-13 13:00:00,433.16418360091114,48.65057185714699
2026-06-13 13:05:00,360.54715621345235,56.382744378602844
2026-06-13 13:10:00,495.9962792478901,67.63982222171205
13/06/2026 13:15:00,653.3012542249182,52.40410413494667
2026-06-13 13:20:00,469.0155098635927,41.784240590793786
2026-06-13 13:25:00,578.5126585460055,47.32268626835927
2026-06-13 13:30:00,584.3951400518931,63.04124386327998
2026-06-13 13:35:00 (UTC),471.63137790728274,62.03151223058464
2026-06-13 13:40:00,631.634483751952,62.470747516086256
2026-06-13 13:45:00,209.13392555194963,60.1367670519534
corrupted_timestamp,377.7249721261825,69.14101807513732
2026-06-13 13:55:00,408.43677036415403,52.07422363041629
2026-06-13 14:00:00,418.028497713261,57.5169583297895
2026-06-13 14:05:00,,41.93404561143918
,529.0037803053901,52.32968159057699
2026-06-13 14:15:00,539.3990572175007,52.72620002855347
2026-06-13 14:20:00,,57.88653391486066
2026-06-13 14:25:00,404.98954308543506,43.7496741666714
2026-06-13 14:30:00,378.1823933192681,34.34823420422801
2026-06-13 14:35:00 (UTC),539.6319682007863,44.192210611108834
2026-06-13 14:40:00,436.9767926353561,60.61812031451639
2026-06-13 14:45:00,342.9524954632029,47.87764695136018
13/06/2026 14:50:00,597.1344284541482,54.694070743368485
2026-06-13 14:55:00,639.5101906502298,44.01438570792087
2026-06-13 15:00:00,655.716088969866,60.406896398282655
,518.700772147472,48.942230464064274
2026-06-13 15:10:00,562.5932095972903,48.80189356139997
corrupted_timestamp,636.9868223361912,63.27528734034033
2026-06-13 15:20:00,435.8584209976566,65.76522663695894
2026-06-13 15:25:00,611.0677684054092,63.47316073811417
2026-06-13 15:30:00,527.5396234143209,46.72095137729659
2026-06-13 15:35:00,591.3711652342591,44.05194232710117
2026-06-13 15:40:00,6089.71930088118,1870.9661652594928
2026-06-13 15:45:00 (UTC),629.6256709748002,35.111370510153506
2026-06-13 15:50:00,522.3523762541537,40.671416543910446
2026-06-13 15:55:00,351.60209405325827,41.513013747313394
2026-06-13 16:00:00,7875.1254845932,37.381644000800414
2026-06-13 16:05:00,405.2469259027888,
2026-06-13 16:10:00,625.3058210243914,
2026-06-13 16:15:00,490.9757118559678,49.48982956283738
2026-06-13 16:20:00,617.6010985197706,54.40655146650898
2026-06-13 16:25:00 (UTC),613.4768614866765,53.52282820494356
,543.0142974315371,44.78341520118707
corrupted_timestamp,550.853531762713,46.51255169531071
2026-06-13 16:40:00,542.2628617192565,53.672740929322735
2026-06-13 16:45:00,298.6175243718922,51.92458149530294
2026-06-13 16:50:00,511.8330218898202,55.61766696255785
2026-06-13 16:55:00,388.3935823928105,40.37617615345842
2026-06-13 17:00:00,5596.62294856439,67.3390773692296
2026-06-13 17:05:00,385.70574536167845,56.31424453623311
13/06/2026 17:10:00,381.5048058773925,57.42795005530021
,660.4934501753902,39.390937012017744
2026-06-13 17:20:00,606.944738812419,39.159317395311334
2026-06-13 17:25:00,499.58574150558456,43.026610491114354
2026-06-13 17:30:00,518.4768650249024,57.36976133468237
2026-06-13 17:35:00 (UTC),475.2083974256991,38.428717862060545
,556.9876375979522,54.46504341992381
2026-06-13 17:45:00,432.39456334511954,64.58610840720091
2026-06-13 17:50:00,599.3740262867957,42.92981722193484
,474.6913158985889,40.635180470762734
2026-06-13 18:00:00,458.0153004168771,42.689140010361484
ERR-2026-06-13 18:05:00,502.1713018484843,48.358739340757765
2026-06-13 18:10:00,440.88531700743897,59.50204615870423
2026-06-13 18:15:00,532.8682349496482,60.11578067646023
2026-06-13 18:20:00 (UTC),446.26374106866,57.98726152126895
2026-06-13 18:25:00,546.8523602818836,30.562268436013266
2026-06-13 18:30:00,621.6006538911477,48.12578736703471
2026-06-13 18:35:00,428.06783131918263,41.17767863853239
2026-06-13 18:40:00,486.94245427048287,54.04309344233158
ERR-2026-06-13 18:45:00,546.1330713035421,59.00040815014815
2026-06-13 18:50:00,456.4142645018593,45.008586083914736
2026-06-13 18:55:00,546.4320560826665,69.21300537621016
2026-06-13 19:00:00,,40.938878202392104
2026-06-13 19:05:00,608.3261776294304,55.31989015095182
2026-06-13 19:10:00,439.4009953915088,71.4446123744
2026-06-13 19:15:00,405.7224759769525,59.18078771114436
13/06/2026 19:20:00,469.2422610436256,55.944837999597276
,403.22476604529004,48.29585299774764
2026-06-13 19:30:00,556.4498204047497,56.11476232848479
2026-06-13 19:35:00,383.8248699823589,44.47916913545831
2026-06-13 19:40:00,733.3016418252688,61.27981534494243
2026-06-13 19:45:00,629.592786157375,42.75845381046566
2026-06-13 19:50:00,501.25757696003143,47.51590989880858
,586.7394492997976,41.60585681006236
2026-06-13 20:00:00,336.31981356892084,46.56517984033139
2026-06-13 20:05:00,752.3373331399557,45.42036500030274
2026-06-13 20:10:00,,29.836049129552563
2026-06-13 20:15:00,-587.7803175694382,50.3338179974625
2026-06-13 20:20:00,314.4066712811564,45.15888632301531
2026-06-13 20:25:00,548.6287304740895,36.90493805766696
2026-06-13 20:30:00,389.3655842922891,43.15478179570266
2026-06-13 20:35:00,510.1655761566029,53.616212766242406
2026-06-13 20:40:00,445.5725567075462,32.260523176852324
2026-06-13 20:45:00,392.2256065069656,48.39318450203004
2026-06-13 20:50:00,419.5638498237383,61.45577024236947
2026-06-13 20:55:00,522.5788034085522,45.675730088792115
2026-06-13 21:00:00,371.85090271311753,2320.0580502931507
2026-06-13 21:05:00,425.1188328976423,60.75815762653568
,566.3273381264478,53.640318368764554
2026-06-13 21:15:00,760.2479874874314,49.75854552848804
2026-06-13 21:20:00,547.7588819553005,50.0673035034193
2026-06-13 21:25:00,408.27383578227125,54.89928607066819
2026-06-13 21:30:00,463.2885829927689,69.98970919948889
2026-06-13 21:35:00,503.15890061525783,55.00870743613505
2026-06-13 21:40:00,465.05750493642927,64.88471217855914
13/06/2026 21:45:00,590.3058166736932,38.40925074230958
2026-06-13 21:50:00,521.7473483014224,44.59745040294643
2026-06-13 21:55:00,590.785238490987,50.166129263031586
2026-06-13 22:00:00,468.55562097023704,63.43522811335493
2026-06-13 22:05:00,632.5500219721257,32.08463577480275
2026-06-13 22:10:00,483.3514415718454,80.17753947748737
2026-06-13 22:15:00 (UTC),402.8810130862008,49.99702813567934
2026-06-13 22:20:00,717.732038104222,61.77998446812504
2026-06-13 22:25:00,317.5022253038883,49.83953252048863
13/06/2026 22:30:00,426.12612746950725,41.84323743345703
13/06/2026 22:35:00,437.29721481696055,67.13339554274535
2026-06-13 22:40:00 (UTC),750.8306273056563,48.066838227781545
2026-06-13 22:45:00,680.6858884146511,42.750140133016444
2026-06-13 22:50:00 (UTC),649.3928143642197,53.84647162765558
2026-06-13 22:55:00,466.9341337623668,55.9607214413744
2026-06-13 23:00:00,742.6178003841775,53.34837674783874
2026-06-13 23:05:00,536.8352003840971,
2026-06-13 23:10:00,597.7263370303123,53.80708666305921
2026-06-13 23:15:00,517.9695381106206,62.33135096814813
2026-06-13 23:20:00,495.05334286767487,50.56602761418175
2026-06-13 23:25:00,474.82213260736205,43.51832885040936
2026-06-13 23:30:00,479.03600065808376,57.22436826392395
2026-06-13 23:35:00,560.8491648678079,25.355156638931774
2026-06-13 23:40:00,536.7199798775388,56.02014793413443
2026-06-13 23:45:00,496.8528629796316,65.0751119616664
2026-06-13 23:50:00,650.9523992698854,57.62116017298504
13/06/2026 23:55:00,203.32469312592696,34.11261527619449
,550.9887247921195,64.42433462576425
corrupted_timestamp,571.7738706658979,44.477185028134926
2026-06-14 00:10:00,614.696286825517,51.99354984424882
2026-06-14 00:15:00,493.5128558946639,62.90522236871201
2026-06-14 00:20:00,520.7920067383958,43.821378211096935
2026-06-14 00:25:00,598.5948383314721,51.38948601684272
2026-06-14 00:30:00,649.116640428018,
2026-06-14 00:35:00,469.9464014821232,48.137666918953784
2026-06-14 00:40:00,526.697578312756,38.33215988363027
2026-06-14 00:45:00,667.8573964348757,54.83315251402402
2026-06-14 00:50:00,287.5972924121149,35.49701347768592
2026-06-14 00:55:00 (UTC),430.99874001854147,49.10321863773858
2026-06-14 01:00:00 (UTC),646.5835978602963,44.329103876104774
2026-06-14 01:05:00,609.2537833608303,42.84255469761532
2026-06-14 01:10:00,552.2445210926694,61.00936584973232
2026-06-14 01:15:00,455.140312689088,39.25929567443331
ERR-2026-06-14 01:20:00,411.81815010145806,44.571922160899014
2026-06-14 01:25:00,440.87843807576263,51.92006458087624
2026-06-14 01:30:00,654.8008220818692,56.424767849946136
2026-06-14 01:35:00,437.1557310844654,31.938028562363414
2026-06-14 01:40:00,510.1422964239658,48.21538097345895
2026-06-14 01:45:00,424.6292355138254,57.56672619137056
2026-06-14 01:50:00,584.2774030099027,66.63820733021666
2026-06-14 01:55:00,446.1273719653559,50.318688455535636
2026-06-14 02:00:00 (UTC),490.2406109845586,35.99414361945897
ERR-2026-06-14 02:05:00,331.6617866957174,49.871426474101185
2026-06-14 02:10:00,338.663176379506,45.183839586453644
2026-06-14 02:15:00,500.76731933215063,53.40120440527759
2026-06-14 02:20:00,367.4842844802238,68.4073227557307
2026-06-14 02:25:00,710.5086639334502,38.27654893897046
2026-06-14 02:30:00,293.84768878877503,60.968983692401125
2026-06-14 02:35:00,419.9824701335896,59.03097453580813
2026-06-14 02:40:00,501.670086726755,56.543963030797
2026-06-14 02:45:00,463.4867062204215,52.61838967264731
2026-06-14 02:50:00,389.5854543336081,70.74586046783485
2026-06-14 02:55:00,404.2072160504732,62.90254383246863
2026-06-14 03:00:00,,44.160800776321295
2026-06-14 03:05:00,471.32783051799373,50.49145811423476
,695.1929089517423,39.14796811400534
2026-06-14 03:15:00,507.793729655821,63.875788172393
2026-06-14 03:20:00,618.2900489387524,50.47217934916557
ERR-2026-06-14 03:25:00,550.6976345828142,30.753517088211115
2026-06-14 03:30:00,611.386239798222,
2026-06-14 03:35:00,220.0035697406414,44.41867140965349
ERR-2026-06-14 03:40:00,469.5541978851771,41.57578281932055
2026-06-14 03:45:00,630.7135423150714,45.56847414721355
corrupted_timestamp,442.8264177250666,47.9305985533661
14/06/2026 03:55:00,676.2473164869612,62.96336971133672
2026-06-14 04:00:00,648.3890153767761,
2026-06-14 04:05:00,453.08692838725375,72.32893096686895
,449.68364809536433,67.08348680523788
2026-06-14 04:15:00,398.6394157645531,56.29570436917447
2026-06-14 04:20:00,437.04057681362025,35.98322973501191
ERR-2026-06-14 04:25:00,376.74109358310847,58.0209070513812
2026-06-14 04:30:00 (UTC),542.8811180433006,34.22267080951207
2026-06-14 04:35:00,354.39535066535666,53.31679839096164
2026-06-14 04:40:00,560.3733016190222,35.1179293147993
2026-06-14 04:45:00,562.8078696900249,69.42353777658771
2026-06-14 04:50:00,333.87955948160777,53.841827792785125
2026-06-14 04:55:00,654.981860632834,47.939779988928805
2026-06-14 05:00:00,551.3609294415222,45.487865567180215
2026-06-14 05:05:00,574.969802144487,49.64701880255373
2026-06-14 05:10:00,424.1334798457228,42.72882389570115
2026-06-14 05:15:00,562.2379118473118,46.71880851217226
14/06/2026 05:20:00,612.6393449722066,29.958422084829415
14/06/2026 05:25:00,490.13916009953226,40.791309064349996
2026-06-14 05:30:00,700.1922459248361,38.37696702517641
2026-06-14 05:35:00,7390.153878874042,2369.739058378819
2026-06-14 05:40:00,614.0785800452475,2821.5152033587506
2026-06-14 05:45:00,529.3008807258655,
2026-06-14 05:50:00,558.5521532856868,45.7912173861694
2026-06-14 05:55:00,332.8667732365228,51.13091957964594
2026-06-14 06:00:00,537.1053738215363,29.66605799595012
2026-06-14 06:05:00,426.5024898742734,59.10923456260872
2026-06-14 06:10:00,415.36016942223125,62.66612851716907
2026-06-14 06:15:00,674.4103184465978,
2026-06-14 06:20:00,478.6229751937651,41.194659745866424
2026-06-14 06:25:00,399.66981690245035,55.539012639539145
2026-06-14 06:30:00,464.08683718911254,51.754882871995775
2026-06-14 06:35:00,369.95497710780865,30.397163671517404
corrupted_timestamp,643.388446819627,62.41189587849741
14/06/2026 06:45:00,430.4319255833485,39.32574632546816
2026-06-14 06:50:00,552.9299933943669,55.75097335202449
2026-06-14 06:55:00,635.6106714210325,
2026-06-14 07:00:00,449.98473187852704,63.47622752082651
2026-06-14 07:05:00,553.2022432272786,41.363211463731574
2026-06-14 07:10:00,396.99139450955704,44.94386750745412
2026-06-14 07:15:00,744.5769569113684,56.891974594729476
2026-06-14 07:20:00,593.6380134616622,44.025420019344025
2026-06-14 07:25:00,480.7393561239194,64.23175325250625
2026-06-14 07:30:00,422.7166269111036,42.427651771805735
2026-06-14 07:35:00,488.60034471603734,
2026-06-14 07:40:00,,49.95912901498057
ERR-2026-06-14 07:45:00,,43.42754080847864
2026-06-14 07:50:00,377.4465277785098,63.17476654871791
2026-06-14 07:55:00,513.4801423290204,39.4700364581768
2026-06-14 08:00:00,498.166193336629,55.31401548241763
,488.2589699655131,25.03092714532159
2026-06-14 08:10:00,489.13833450616573,53.228267682551746
2026-06-14 08:15:00,488.39291898795165,62.22286034356464
2026-06-14 08:20:00 (UTC),587.30660663321,48.51196450193757
2026-06-14 08:25:00,560.8984446492435,52.12264712005025
2026-06-14 08:30:00,,67.05963405769536
2026-06-14 08:35:00,196.60106378547312,60.57386335207916
2026-06-14 08:40:00,529.9794874163164,27.740807583239345
14/06/2026 08:45:00,334.43606398299175,44.555103993306545
2026-06-14 08:50:00,564.6320163135825,47.13359474579842
ERR-2026-06-14 08:55:00,647.4497367570515,53.123572573019
2026-06-14 09:00:00,407.37608874114494,49.361943006704685
2026-06-14 09:05:00,473.8219277657293,44.76338408195371
2026-06-14 09:10:00,440.06442949470033,44.109028880854225
14/06/2026 09:15:00,623.54317757568,35.60803300445484
2026-06-14 09:20:00,509.5027885272073,39.91083861884383
2026-06-14 09:25:00,672.8329380566333,58.40631605899394
2026-06-14 09:30:00,541.3754202947388,39.517725036567334
2026-06-14 09:35:00,524.2450180635819,41.97735479760898
2026-06-14 09:40:00,506.8206782602836,35.420120975875975
2026-06-14 09:45:00,581.7992099257336,53.84129149415951
2026-06-14 09:50:00,326.2313801754657,59.60114354232627
2026-06-14 09:55:00,508.53439555205097,61.62975684360597
ERR-2026-06-14 10:00:00,492.99535562720354,46.107334182522514
2026-06-14 10:05:00,572.5418827157766,49.35401349710044
2026-06-14 10:10:00,481.22983941259633,50.28766215123171
2026-06-14 10:15:00,396.12655658373296,45.81443083198732
2026-06-14 10:20:00,500.7350674919699,53.29812406685908
14/06/2026 10:25:00,391.71594711316567,61.31463820797187
2026-06-14 10:30:00,7778.026117310981,59.95720729205098
2026-06-14 10:35:00 (UTC),572.7122481485493,48.323187351678726
2026-06-14 10:40:00 (UTC),557.906157269467,44.65408231160417
2026-06-14 10:45:00,546.7090943993575,38.4771060801388
,630.2928421945811,32.62800176178199
2026-06-14 10:55:00,433.4968109696075,55.44594053592356
2026-06-14 11:00:00 (UTC),356.8885857228745,49.991912672245675
2026-06-14 11:05:00,492.99702231919554,50.08442200876123
2026-06-14 11:10:00,465.2499700294089,1459.4401680857536
2026-06-14 11:15:00,415.77042832299315,65.87272521668461
2026-06-14 11:20:00,492.0150846512204,50.43086390210826
2026-06-14 11:25:00,438.83948537954154,52.08670362938635
2026-06-14 11:30:00,316.3994716643169,38.90821568873493
2026-06-14 11:35:00,455.882330920624,56.45595983083851
2026-06-14 11:40:00,386.3624833296143,52.29025082496864
2026-06-14 11:45:00,523.1648071610923,41.17363045543135
2026-06-14 11:50:00,434.3965241759345,52.495818518723866
2026-06-14 11:55:00,611.1631474141052,60.42283892278331
2026-06-14 12:00:00,660.3866067267866,70.67672506938601
2026-06-14 12:05:00,567.9381373011906,34.87269563097247
2026-06-14 12:10:00,344.89738180166796,38.555059933988545
2026-06-14 12:15:00,650.519599887904,49.0019854085967
2026-06-14 12:20:00,657.5720450373765,
2026-06-14 12:25:00,501.8790511307941,66.81064046971275
2026-06-14 12:30:00,632.2926160335533,62.28405077605432
2026-06-14 12:35:00,444.8324861953322,29.263011978106938
ERR-2026-06-14 12:40:00,313.37540651504105,45.771849924436715
2026-06-14 12:45:00,423.97155613784065,34.812651636098266
2026-06-14 12:50:00,672.9300866044756,36.94832035901581
2026-06-14 12:55:00,350.89200763885265,55.83666190191724
2026-06-14 13:00:00,499.95212819314946,51.40057545013696
2026-06-14 13:05:00,503.4143893340212,66.59787091423364
2026-06-14 13:10:00,448.7025756032188,2784.566990806997
2026-06-14 13:15:00,455.6478400162885,49.74652748009111
2026-06-14 13:20:00,507.22491342362025,44.59199395104059
2026-06-14 13:25:00,443.7837658065273,65.73697583272285
2026-06-14 13:30:00,357.79415028320693,41.020989920071514
2026-06-14 13:35:00,521.5031942943456,52.163448013379174
2026-06-14 13:40:00,5691.433968432017,36.087422645266194
2026-06-14 13:45:00,586.9572518653421,64.477497125246
,419.02645326101884,68.37161909165138
2026-06-14 13:55:00,374.87720846223243,43.02757918481201
,471.58121178452217,41.82682471299351
2026-06-14 14:05:00,656.7791509795663,52.63823327087623
2026-06-14 14:10:00,564.5598078959546,41.822094223249444
2026-06-14 14:15:00,570.3964676794234,61.46527315495463
2026-06-14 14:20:00,588.9856951785495,54.562434684535766
2026-06-14 14:25:00,542.0766562518586,62.67077528326854
2026-06-14 14:30:00,512.0608547613579,39.191111506417364
2026-06-14 14:35:00,566.2306896647968,36.24258286737552
2026-06-14 14:40:00,445.38338957819803,53.6536815956962
2026-06-14 14:45:00,358.5536988633679,66.8970393170917
2026-06-14 14:50:00,572.2996934624323,40.64235440962345
2026-06-14 14:55:00,623.7738105749225,54.61063460683797
2026-06-14 15:00:00,388.1768060643968,43.37422648829315
,582.1921482415901,60.58658424438484
2026-06-14 15:10:00,668.076571338819,41.15828365984207
2026-06-14 15:15:00,499.7753798242879,52.750386286016955
2026-06-14 15:20:00,418.19978152582536,61.2064383772712
ERR-2026-06-14 15:25:00,512.3018673526756,36.556865368630525
2026-06-14 15:30:00,444.94660317992987,56.022606327135065
2026-06-14 15:35:00 (UTC),438.32698900435986,46.42433877241228
2026-06-14 15:40:00,,58.47377263704303
2026-06-14 15:45:00,339.6270524970105,53.68969084950851
2026-06-14 15:50:00,355.6071077507773,45.82328400012659
2026-06-14 15:55:00,501.9290880373943,49.06242618507038
2026-06-14 16:00:00,497.7691461087569,2286.0402240731264
2026-06-14 16:05:00 (UTC),534.3554577039936,58.7000269406186
2026-06-14 16:10:00 (UTC),687.5225388483389,68.99814480012977
2026-06-14 16:15:00,510.4514036075821,44.56505121805621
2026-06-14 16:20:00,559.8172150334794,49.621579123326654
2026-06-14 16:25:00,402.4467064385368,65.72418088264841
14/06/2026 16:30:00,576.7937663516537,32.055874032702164
2026-06-14 16:35:00,447.3609134889322,55.03653784265166
ERR-2026-06-14 16:40:00,507.1420832581093,66.73707535342999
,489.1151374930838,1987.5182282582514
2026-06-14 16:50:00,603.2974234914032,2384.720236681798
2026-06-14 16:55:00,369.00234456250007,63.28465264941951
2026-06-14 17:00:00 (UTC),271.67613653849605,39.08773697790557
2026-06-14 17:05:00,,58.61942042878944
,546.8531256905125,53.75505360719804
2026-06-14 17:15:00,515.22693758075,61.35338111843632
2026-06-14 17:20:00,5273.478363875876,48.7250356460913
ERR-2026-06-14 17:25:00,543.7372674179668,65.35787833561314
2026-06-14 17:30:00,443.615166814014,46.150433134934126
2026-06-14 17:35:00,267.45798458603196,35.26454252121903
2026-06-14 17:40:00,476.2687765804782,34.59088558235747
2026-06-14 17:45:00,602.7959002257799,39.083169643902885
14/06/2026 17:50:00,460.79522173328854,56.76294964074307
,502.8320263677764,42.489192745695576
2026-06-14 18:00:00,542.1360254306709,49.811034686059386
2026-06-14 18:05:00,398.4707625750184,50.908383332049105
,562.3235896638818,42.25277355016287
2026-06-14 18:15:00,663.7121790001706,51.56317416622961
,482.7186648106594,59.409583731916754
2026-06-14 18:25:00,387.0935578167698,50.35751613283475
2026-06-14 18:30:00,493.3398972978026,59.18460191707525
,277.56158913911315,46.228306279125334
2026-06-14 18:40:00,7156.80493761955,52.65563023013268
2026-06-14 18:45:00,545.2274377648579,50.97145876479578
2026-06-14 18:50:00,667.5636293845562,60.73784390622393
2026-06-14 18:55:00,480.6005207433375,54.24650002458641
2026-06-14 19:00:00,540.848533814647,43.579910557506594
2026-06-14 19:05:00,413.8711897614099,54.8785987965098
2026-06-14 19:10:00,464.3572879474921,40.43718152523613
2026-06-14 19:15:00,347.4814563337802,54.03896057784026
2026-06-14 19:20:00,480.5210378716764,49.69405715586028
2026-06-14 19:25:00,469.4690846481435,51.49948117584751
14/06/2026 19:30:00,529.9199766088896,49.59956852715082
2026-06-14 19:35:00,437.6403119667361,43.9110351110264
2026-06-14 19:40:00,508.33453509750916,42.672066109884035
2026-06-14 19:45:00,466.6619944392334,60.8060663917773
2026-06-14 19:50:00,466.85006117004855,68.82179568638891
2026-06-14 19:55:00,508.036232596303,52.708009068359175
2026-06-14 20:00:00,-558.3060858272506,50.31778489093245
2026-06-14 20:05:00,576.1174039051639,37.720723535617296
14/06/2026 20:10:00,,32.40694135282609
2026-06-14 20:15:00,,2811.512877323929
2026-06-14 20:20:00,481.9192554912774,55.30645070614703
2026-06-14 20:25:00,428.5335883159007,32.24573859365336
14/06/2026 20:30:00,464.00889064333285,56.58371612635074
corrupted_timestamp,703.1158713073231,39.026837595314504
2026-06-14 20:40:00,408.7321239304133,51.596122912931975
14/06/2026 20:45:00,472.1343666120691,45.923423267931895
2026-06-14 20:50:00,461.25113367303095,39.39359853798993
2026-06-14 20:55:00,475.28283877556004,36.155420461974835
2026-06-14 21:00:00,466.8760691121605,
2026-06-14 21:05:00,7405.365763441083,39.179524015967715
2026-06-14 21:10:00,328.9824898608206,72.2393072419014
2026-06-14 21:15:00 (UTC),603.7171472532004,63.04056578817064
2026-06-14 21:20:00,563.2582799642197,51.8186384097701
2026-06-14 21:25:00,375.7128413936865,46.335996754581
2026-06-14 21:30:00,273.09227270475986,44.13373435502863
2026-06-14 21:35:00 (UTC),402.2927853858599,51.097287189266574
ERR-2026-06-14 21:40:00,475.73335385728774,44.291829887601395
2026-06-14 21:45:00,8891.681745898724,44.224460348585126
2026-06-14 21:50:00,554.3256964974273,54.86692092865411
2026-06-14 21:55:00,319.24103508185425,39.90599561966468
2026-06-14 22:00:00,431.0344495099056,25.1952029008931
14/06/2026 22:05:00,494.6787563727017,44.1505607002578
,525.3683554298096,1021.1580638083118
2026-06-14 22:15:00,368.5251139689577,33.71707000811526
2026-06-14 22:20:00,486.5009772022939,37.61618195584444
2026-06-14 22:25:00 (UTC),428.2360862389459,43.634444677531
2026-06-14 22:30:00,389.62414373976833,34.02114091891136
2026-06-14 22:35:00,525.9595646698954,65.03562402490833
2026-06-14 22:40:00,577.3877173442822,50.97815863266861
2026-06-14 22:45:00,584.104127696162,32.21488686596766
2026-06-14 22:50:00,557.4386351133876,48.71991332121568
2026-06-14 22:55:00,450.26304668597373,49.60796704604903
2026-06-14 23:00:00,571.4549761463505,47.586947023606065
2026-06-14 23:05:00,530.9054438104288,48.344694196615954
2026-06-14 23:10:00,513.3941882952013,48.70741149939094
2026-06-14 23:15:00,438.83068782982014,53.09830204356033
2026-06-14 23:20:00,450.3123872658472,53.734026501140676
2026-06-14 23:25:00,507.3886936124554,35.029928932715166
2026-06-14 23:30:00,743.9874466985501,50.60177383262667
2026-06-14 23:35:00 (UTC),530.124248009139,51.814229980063374
2026-06-14 23:40:00,438.8811497749714,43.897303675109896
2026-06-14 23:45:00,416.76105550305573,67.05984571381158
2026-06-14 23:50:00,450.8233387343797,49.16844631049503
2026-06-14 23:55:00,717.7293447549066,55.039667278948784
15/06/2026 00:00:00,460.0743354054038,45.50986461324014
2026-06-15 00:05:00,590.6870534610285,46.958505186056456
2026-06-15 00:10:00 (UTC),462.40717545286435,53.42554053378775
2026-06-15 00:15:00,526.1184541279629,36.15454783156521
2026-06-15 00:20:00,579.1745274008722,57.45000740264612
2026-06-15 00:25:00,442.8097150190076,37.68832657948007
2026-06-15 00:30:00,435.88883458472304,58.812742604430696
2026-06-15 00:35:00,665.8869694455329,47.316231024370346
2026-06-15 00:40:00,598.4592894895796,70.60717528920964
2026-06-15 00:45:00,579.0672318690728,59.82893922635611
2026-06-15 00:50:00,7682.957520690843,2626.2743708227667
2026-06-15 00:55:00,,2021.7971008679567
2026-06-15 01:00:00,701.7775813175065,60.095739899687594
2026-06-15 01:05:00,504.39083018771566,57.60071421744463
2026-06-15 01:10:00,557.726236720092,30.632125237044704
2026-06-15 01:15:00,354.9087071405987,41.29128513805402
2026-06-15 01:20:00,417.5039313408759,40.697023162939836
corrupted_timestamp,379.91810001649594,42.22239409008002
2026-06-15 01:30:00,627.4063583516149,47.43133640519635
2026-06-15 01:35:00,244.74598479792502,
2026-06-15 01:40:00,459.76899772472774,61.74828510517726
2026-06-15 01:45:00,200.62933973393774,56.05957345827284
2026-06-15 01:50:00,416.871210451811,62.40875817944952
,,39.43677916128766
2026-06-15 02:00:00,638.4871093794044,44.962812046656936
,539.6627939221457,47.39639160584372
2026-06-15 02:10:00,416.68584766710336,43.326156534454235
2026-06-15 02:15:00,606.5963719731826,38.77410416937094
2026-06-15 02:20:00,501.7832254529757,53.901604280505495
corrupted_timestamp,503.7566858707252,42.967921245483424
2026-06-15 02:30:00,379.7328492228008,58.06811794219528
2026-06-15 02:35:00,9932.68898841854,
2026-06-15 02:40:00,-766.4733767304897,58.6364170384037
ERR-2026-06-15 02:45:00,504.64612731541894,52.148721801676466
ERR-2026-06-15 02:50:00,507.78857269806747,52.15128232497153
2026-06-15 02:55:00,654.4092663524045,52.438761829340145
2026-06-15 03:00:00,538.5055167937834,49.18752040526044
2026-06-15 03:05:00,229.24343063278923,
2026-06-15 03:10:00,526.264198787169,47.29843583754626
2026-06-15 03:15:00,354.9983643832467,52.9901303785822
2026-06-15 03:20:00,403.40290753884636,55.51696685629631
2026-06-15 03:25:00,418.783052827367,45.47486300372378
2026-06-15 03:30:00,433.66616764876983,63.88237124047729
2026-06-15 03:35:00,362.48506079596973,46.33835149993859
2026-06-15 03:40:00,520.3482003452287,42.9770374408122
2026-06-15 03:45:00,358.91977149090405,48.486147612542005
2026-06-15 03:50:00,535.6667607249847,42.342143366165125
2026-06-15 03:55:00,723.697107706163,54.66285981629761
2026-06-15 04:00:00,367.06409410659364,48.58685722882345
2026-06-15 04:05:00,471.5489695660778,57.33641518268149
2026-06-15 04:10:00,247.654263748753,49.39187219829597
2026-06-15 04:15:00,469.90647070298667,49.06379881778216
corrupted_timestamp,564.2717152631484,45.91933802736194
15/06/2026 04:25:00,7119.746994712401,58.268260006072026
ERR-2026-06-15 04:30:00,507.7363730284097,47.56720140470213
2026-06-15 04:35:00,588.9263424758976,52.64522174476178
2026-06-15 04:40:00,754.6054535942792,60.46095415031149
,671.23046874376,49.12105641950066
2026-06-15 04:50:00,447.7479070590363,
2026-06-15 04:55:00,,47.69669215269693
2026-06-15 05:00:00,459.3848583426196,51.90048732394075
2026-06-15 05:05:00,405.3017234382652,58.06948496767972
2026-06-15 05:10:00,545.1347547864633,57.772946753422694
2026-06-15 05:15:00,381.88064605705017,54.912660425801484
,492.7177567409658,62.099036880126135
15/06/2026 05:25:00,583.801405453631,50.82664220997129
2026-06-15 05:30:00,489.9304127182823,64.04636806639223
,405.36861772522036,60.49896850919115
2026-06-15 05:40:00,617.4814057585692,43.46302577792395
2026-06-15 05:45:00,312.1019055246173,57.87414255266505
2026-06-15 05:50:00,467.2204944122537,31.434663421219724
2026-06-15 05:55:00 (UTC),495.83399766186653,
2026-06-15 06:00:00,,49.28705003636906
2026-06-15 06:05:00,518.0496056078081,42.22987754212542
2026-06-15 06:10:00,561.0439819809493,32.52491411743747
15/06/2026 06:15:00,496.4592560954649,48.648178493768484
2026-06-15 06:20:00,463.1941717856319,62.1538103769036
2026-06-15 06:25:00,459.24106553403044,52.4273577985294
2026-06-15 06:30:00,438.84841979616454,46.03893938674048
2026-06-15 06:35:00,578.7543324326865,48.10023820016564
15/06/2026 06:40:00,435.3471520523485,63.299417051596976
15/06/2026 06:45:00,584.6771109008245,56.988401761373154
2026-06-15 06:50:00,501.8999082259871,49.58377184774443
2026-06-15 06:55:00,447.87451931438704,59.345065430271
2026-06-15 07:00:00,561.8407215744135,57.934382122589234
2026-06-15 07:05:00,427.25460752768817,41.10964313329747
ERR-2026-06-15 07:10:00,563.8184040728213,46.538254405514884
2026-06-15 07:15:00,521.2726121191785,64.193898967592
2026-06-15 07:20:00,440.3675310908079,56.761818505773846
2026-06-15 07:25:00,552.8634815334559,67.72481903240106
2026-06-15 07:30:00,554.6589725688639,55.99116790703737
2026-06-15 07:35:00,615.7519605809957,42.90046355745333
2026-06-15 07:40:00,596.6147012409295,49.79098934132924
2026-06-15 07:45:00,549.1274020726282,57.87364611803635
2026-06-15 07:50:00,387.24090487912366,49.9116869126535
2026-06-15 07:55:00,744.8586988174056,50.60601450198293
2026-06-15 08:00:00,359.638378892819,70.35033803828748
,594.926317428231,47.62867492768046
2026-06-15 08:10:00,543.1283816886298,53.219319678623506
corrupted_timestamp,382.5857627518885,52.60431907944444
2026-06-15 08:20:00,487.5699061121501,59.131336652861584
2026-06-15 08:25:00,492.124711375536,52.60696179228218
2026-06-15 08:30:00,630.5582715810524,51.29469403295942
,428.66890997197885,70.15494552273324
2026-06-15 08:40:00,473.8054993575646,48.97641132498826
2026-06-15 08:45:00,266.3930394978737,57.33202524761742
2026-06-15 08:50:00,673.4762793123577,37.129397113033335
2026-06-15 08:55:00,392.9531756979929,50.02219471810057
2026-06-15 09:00:00,8617.326806134344,49.03717890488035
ERR-2026-06-15 09:05:00,489.8592170278136,49.27913952542981
15/06/2026 09:10:00,490.199903321666,32.79340012340761
2026-06-15 09:15:00,580.9861984870874,46.45504929040032
2026-06-15 09:20:00,667.1262460303635,41.31498332163143
2026-06-15 09:25:00,,60.864529344369984
ERR-2026-06-15 09:30:00,565.5078017630526,41.34950813786402
2026-06-15 09:35:00,532.8891536727041,56.281338487478244
2026-06-15 09:40:00,601.7531423930626,56.75400243116584
2026-06-15 09:45:00,453.7083620513673,44.0432224994307
ERR-2026-06-15 09:50:00,607.5390554416414,41.49600282150027
,611.0499865647384,47.17633542875009
2026-06-15 10:00:00,608.2537008682909,46.01903416013449
2026-06-15 10:05:00,433.9852132663524,40.16682946913134
2026-06-15 10:10:00,-849.4899861381921,47.04191260653314
,523.9466988780434,
2026-06-15 10:20:00,362.91579551709947,38.090950117371875
2026-06-15 10:25:00,659.4920208086014,48.04767258468376
2026-06-15 10:30:00,498.77234664978243,44.74942889673436
2026-06-15 10:35:00,528.3927887604722,50.93351912029515
2026-06-15 10:40:00,442.2995560272797,68.84604718664556
15/06/2026 10:45:00,367.3122440632977,34.846707786055006
2026-06-15 10:50:00,439.5970114525229,48.93892051898182
2026-06-15 10:55:00,521.9204187633588,52.79505589211302
2026-06-15 11:00:00,567.3428812753693,44.90139549706693
2026-06-15 11:05:00,,53.67925409642731
2026-06-15 11:10:00,534.672401624195,35.40604670028796
15/06/2026 11:15:00,466.29736253186235,46.4990333332095
2026-06-15 11:20:00,549.6248566245429,23.31890259616955
15/06/2026 11:25:00,648.2832866385907,47.57193526530406
2026-06-15 11:30:00 (UTC),570.4789442438987,37.67710942456867
2026-06-15 11:35:00,580.9541888252941,53.13151445416382
2026-06-15 11:40:00,529.4016399306631,64.14075795442187
2026-06-15 11:45:00,,52.757493656003916
2026-06-15 11:50:00,395.53334693687566,49.25726959655149
2026-06-15 11:55:00,545.4875800663843,44.798879463716915
2026-06-15 12:00:00,498.90609480399144,47.200595811848686
2026-06-15 12:05:00,543.9842886472828,47.35040656468981
2026-06-15 12:10:00,667.6423417844073,50.1613364883579
2026-06-15 12:15:00,572.6035999229334,54.76973169252579
2026-06-15 12:20:00,,42.319728608105166
2026-06-15 12:25:00,509.468138947073,61.47401947908554
2026-06-15 12:30:00,419.278432251556,47.85190011923637
2026-06-15 12:35:00,494.2133840785659,50.14313821320216
ERR-2026-06-15 12:40:00,419.5248186280862,62.86030938116497
2026-06-15 12:45:00,655.8294956772448,28.714336293044866
ERR-2026-06-15 12:50:00,579.0391076535469,1882.9889767450668
2026-06-15 12:55:00,552.051249662828,53.89478321885349
2026-06-15 13:00:00,623.5943202228103,50.08468043721051
2026-06-15 13:05:00,297.99435854767745,64.85845368676914
2026-06-15 13:10:00,558.813795134266,38.7489385180153
2026-06-15 13:15:00,368.9354215695628,54.85606530467738
2026-06-15 13:20:00,499.2744301534339,46.40249723799818
2026-06-15 13:25:00,468.82924075327855,59.48134583317371
2026-06-15 13:30:00,566.1736612096947,28.146560784791372
2026-06-15 13:35:00 (UTC),522.8187288960955,47.35396922511096
,634.5117173611789,57.28145978036128
2026-06-15 13:45:00,439.8102839067386,42.05580996519831
2026-06-15 13:50:00,570.9114389633284,49.454195183654186
2026-06-15 13:55:00,516.2223216898832,50.498097463646474
2026-06-15 14:00:00,336.47097299284474,53.3632017039781
2026-06-15 14:05:00 (UTC),408.13835414769676,39.10728668220288
ERR-2026-06-15 14:10:00,485.0121966477832,45.15271504634599
2026-06-15 14:15:00,611.2292449891728,54.946751982119046
ERR-2026-06-15 14:20:00,546.3723057557114,57.44206724582309
2026-06-15 14:25:00,383.2499176119286,51.724699321886675
2026-06-15 14:30:00,485.968377195284,
2026-06-15 14:35:00,701.780644879303,50.938871530077904
15/06/2026 14:40:00,511.1223334840858,58.42689669470932
15/06/2026 14:45:00,467.26744249276044,52.01572593712187
ERR-2026-06-15 14:50:00,549.173964075622,38.19463610091404
2026-06-15 14:55:00,576.339307958197,38.760359013770156
2026-06-15 15:00:00,454.3831652519941,
2026-06-15 15:05:00,550.2574774371437,33.4104514452617
2026-06-15 15:10:00,467.1110503329191,57.92370824127347
2026-06-15 15:15:00,571.9327601829439,1256.7705766909207
,516.9693157971284,38.438109749111376
2026-06-15 15:25:00,548.1967827052893,66.8793374005911
2026-06-15 15:30:00,424.08164538324957,44.88731633717183
2026-06-15 15:35:00,417.8713615927141,52.833980424874234
2026-06-15 15:40:00,594.5497304659394,55.98711440015069
2026-06-15 15:45:00,492.06036186145064,64.5173597876901
2026-06-15 15:50:00,528.5034742099361,44.07106332204505
2026-06-15 15:55:00,469.36045729134804,51.77162605835195
2026-06-15 16:00:00,589.8726774013644,48.80668209250467
2026-06-15 16:05:00,439.21900199703424,73.98319095081007
2026-06-15 16:10:00,486.4398760099117,29.777010881545337
2026-06-15 16:15:00,578.5992812703132,48.39512816146102
2026-06-15 16:20:00,617.2967699164266,49.82572354001611
2026-06-15 16:25:00 (UTC),447.62407089733165,
2026-06-15 16:30:00,695.9683981955883,35.55291065016224
2026-06-15 16:35:00,531.3241693693616,31.456315630309227
2026-06-15 16:40:00,395.70717381912624,34.590889654239
2026-06-15 16:45:00,536.9052048589969,58.6245957068326
,,49.830746399378675
2026-06-15 16:55:00,543.4068487183176,32.4075717919812
15/06/2026 17:00:00,7847.600489750255,64.31823830485541
2026-06-15 17:05:00,507.42736901901446,1523.7204503026883
2026-06-15 17:10:00,408.8406623413854,2846.7140685957015
2026-06-15 17:15:00,599.006123071636,54.2708327478504
2026-06-15 17:20:00,384.3872632848968,50.88890640901502
2026-06-15 17:25:00,-908.1359617352173,43.72889062316192
2026-06-15 17:30:00,536.7360349147486,31.69695730806074
2026-06-15 17:35:00,6051.129423212698,
2026-06-15 17:40:00,,49.45700236137103
2026-06-15 17:45:00,570.0972322703966,55.754910291451694
2026-06-15 17:50:00,607.3340176863545,47.68007826348753
ERR-2026-06-15 17:55:00,581.4684437294069,49.05085931739681
2026-06-15 18:00:00,468.87917108263184,50.44072924164974
2026-06-15 18:05:00,390.89532828059254,51.06023043866563
2026-06-15 18:10:00,279.2452434328645,44.13130907843528
15/06/2026 18:15:00,473.71595005376065,54.12981860905265
2026-06-15 18:20:00,617.8087368562175,38.87745736058855
2026-06-15 18:25:00,387.5834015238066,53.065106531567636
2026-06-15 18:30:00 (UTC),570.0209847518765,34.816725148072635
2026-06-15 18:35:00,404.9847469948128,38.06054300966518
2026-06-15 18:40:00,,42.82523872932807
2026-06-15 18:45:00,570.7791614155018,51.94533832396063
2026-06-15 18:50:00,434.05045631615724,52.358304122725784
2026-06-15 18:55:00,517.0484680696914,41.49330786280896
ERR-2026-06-15 19:00:00,458.49086632746713,35.81349945945976
2026-06-15 19:05:00,,62.060095318603366
2026-06-15 19:10:00,523.5317168484637,50.667203017335076
2026-06-15 19:15:00,505.65076744292674,48.62784036459924
2026-06-15 19:20:00,655.8349960141977,53.64067511157832
2026-06-15 19:25:00,566.2306142368302,40.46048663099628
2026-06-15 19:30:00,430.9648133873711,60.70920815994527
15/06/2026 19:35:00,491.4136099202238,55.76029258573651
2026-06-15 19:40:00,492.4101214920339,47.16644699911481
2026-06-15 19:45:00,508.0319572625212,49.37798035064477
2026-06-15 19:50:00,752.4509276607495,47.602622323846624
2026-06-15 19:55:00,537.0851892710997,63.33231624944611
2026-06-15 20:00:00 (UTC),296.40974298952244,
2026-06-15 20:05:00,445.7201028283035,55.423880434006286
2026-06-15 20:10:00,306.7627912504191,50.69170594545706
2026-06-15 20:15:00,467.02017429541604,49.997654819371036
2026-06-15 20:20:00,301.26897702735715,68.79101529316085
2026-06-15 20:25:00,412.8409528931572,46.37337886894593
ERR-2026-06-15 20:30:00,347.927847036588,52.19324620129253
2026-06-15 20:35:00,538.4160177967477,70.6136855714278
2026-06-15 20:40:00 (UTC),,63.27014797226322
2026-06-15 20:45:00,530.2962307498731,53.79295958302645
corrupted_timestamp,489.5448611431474,34.90248155064395
15/06/2026 20:55:00,360.57022497955825,71.68798148009807
2026-06-15 21:00:00,551.3521369254736,47.59543275091436
2026-06-15 21:05:00,692.2224560269453,50.839065212910015
2026-06-15 21:10:00,540.9212578606547,60.31814686183291
2026-06-15 21:15:00,457.4075400682434,47.93977632906619
2026-06-15 21:20:00,357.1932823894555,52.12683263053716
2026-06-15 21:25:00,409.19330292400343,50.64484069071085
2026-06-15 21:30:00,545.3039656572059,46.36405856007182
15/06/2026 21:35:00,,53.51327505070334
2026-06-15 21:40:00,526.0866174721976,43.659352429578696
2026-06-15 21:45:00,579.9887289705983,38.63597338223619
2026-06-15 21:50:00,570.7678244027243,55.408319243616205
2026-06-15 21:55:00,550.6534391385918,62.51721722882107
ERR-2026-06-15 22:00:00,434.1526404738744,42.57470494730456
2026-06-15 22:05:00 (UTC),,44.73327513549017
2026-06-15 22:10:00,415.16221961178616,50.04835749315257
2026-06-15 22:15:00,501.7428952958102,50.05926294698485
15/06/2026 22:20:00,533.0863531066911,30.27828601865826
2026-06-15 22:25:00,667.8783807386855,45.7601666911027
2026-06-15 22:30:00,369.0268025632368,67.95233739249042
2026-06-15 22:35:00,548.1507630991306,63.9744290710868
2026-06-15 22:40:00,648.1236591623594,67.0429721731958
15/06/2026 22:45:00,575.8847765838797,
2026-06-15 22:50:00,583.2945442825041,
2026-06-15 22:55:00,558.7694901867812,52.56401667687023
2026-06-15 23:00:00,629.8334489775417,55.98409770438123
2026-06-15 23:05:00,391.2521831887632,46.707910564941926
2026-06-15 23:10:00,361.4073334029754,32.75516181319915
2026-06-15 23:15:00,499.3665859534744,59.05459807699127
ERR-2026-06-15 23:20:00,283.883789642829,45.51448736845071
2026-06-15 23:25:00,623.0645804178012,56.26395049693628
2026-06-15 23:30:00,622.0715195495442,34.18924098827337
2026-06-15 23:35:00 (UTC),456.6649444915474,43.58368858496773
2026-06-15 23:40:00,462.92294033394904,53.87932593158946
,492.7652524849329,56.310375731823285
2026-06-15 23:50:00,505.20206504396197,57.48560697322896
2026-06-15 23:55:00,512.7173919194286,49.31127777371607
2026-06-16 00:00:00,555.8232106878303,51.92840822240436
2026-06-16 00:05:00,482.7373646991522,53.896881822345335
2026-06-16 00:10:00,594.3193303477794,53.19681426868642
2026-06-16 00:15:00,544.5947777125303,55.71180551104015
2026-06-16 00:20:00,439.3036554127365,38.48776305335709
2026-06-16 00:25:00,633.5112667804098,68.63243663019836
,7399.647618726051,48.15783318882342
2026-06-16 00:35:00,490.7834189178524,
16/06/2026 00:40:00,596.6917401075468,47.08961099642859
2026-06-16 00:45:00,427.6926895087855,52.31753069157926
2026-06-16 00:50:00,530.9555646767152,35.57642913050094
ERR-2026-06-16 00:55:00,554.3339596999048,45.12716352196539
2026-06-16 01:00:00,413.9476132018761,30.918921432340746
2026-06-16 01:05:00,492.7522280405965,45.320521816357484
2026-06-16 01:10:00,484.349616979079,51.578257867542675
16/06/2026 01:15:00,444.82621481677074,55.694923276795876
2026-06-16 01:20:00,730.1674852050775,49.407608406505204
2026-06-16 01:25:00,423.68936465545244,52.85986099832425
2026-06-16 01:30:00,600.4930294067883,33.14066953676871
corrupted_timestamp,460.7198983118858,51.55921442330951
2026-06-16 01:40:00,,62.57062585829766
,510.2814243155069,54.63809512876498
2026-06-16 01:50:00,564.9093384387501,42.53577394046055
2026-06-16 01:55:00,,51.69049363266389
2026-06-16 02:00:00,656.2265110655069,63.64860385839445
2026-06-16 02:05:00,794.5246289935101,55.69529040015539
2026-06-16 02:10:00,525.0514203755597,55.96765158466612
2026-06-16 02:15:00,433.6907826174612,42.13796020731667
2026-06-16 02:20:00,545.2874326794891,46.37603610170363
2026-06-16 02:25:00,473.37870495935084,49.313571694679275
2026-06-16 02:30:00,592.5966129852229,68.06908089776654
2026-06-16 02:35:00,370.2835703634278,40.87444425248913
2026-06-16 02:40:00,736.8334542400437,52.59633050482257
2026-06-16 02:45:00,585.6048094775513,56.73205647836425
2026-06-16 02:50:00,331.59959822038354,57.417729714305786
2026-06-16 02:55:00,429.0971097685028,47.515572540941676
2026-06-16 03:00:00,581.6081044113939,46.73892807471399
2026-06-16 03:05:00,617.6344056171455,69.27591393260701
2026-06-16 03:10:00,372.77623727680367,47.3187010345164
2026-06-16 03:15:00 (UTC),571.3025850432949,45.81715687207572
16/06/2026 03:20:00,305.26601273380766,59.291577239022565
2026-06-16 03:25:00,491.0664134528954,51.28381100197303
2026-06-16 03:30:00,611.2046842103207,36.99200736805301
2026-06-16 03:35:00,444.8484269897019,
2026-06-16 03:40:00,349.3077700861986,2007.7724118309711
2026-06-16 03:45:00,514.6214796377559,45.91494128112655
16/06/2026 03:50:00,439.5281133364522,76.60225839898347
2026-06-16 03:55:00,562.9558366065836,47.65351228369767
2026-06-16 04:00:00 (UTC),411.46735677819396,50.67340376826875
2026-06-16 04:05:00 (UTC),422.73631103468995,59.13199614909081
corrupted_timestamp,297.89976791237564,40.679209420984435
2026-06-16 04:15:00,516.9944711051482,55.583283953441
16/06/2026 04:20:00,483.9095061723401,1086.6521409027698
2026-06-16 04:25:00,381.1615329259929,63.265168978320716
2026-06-16 04:30:00,519.3798713767092,56.59426478777791
2026-06-16 04:35:00,602.7070300644139,38.95029731093936
2026-06-16 04:40:00,478.443205658105,54.36267301569436
2026-06-16 04:45:00,526.8166949821974,36.54952127868841
ERR-2026-06-16 04:50:00,527.3311249585164,62.30031144583982
2026-06-16 04:55:00,379.56701728210396,60.741650400035525
16/06/2026 05:00:00,705.6585820707596,52.24718744555922
16/06/2026 05:05:00,452.9150169877716,51.840465787187
2026-06-16 05:10:00,565.611620186027,49.924167537777215
2026-06-16 05:15:00,576.921527722905,49.73458113788239
2026-06-16 05:20:00,486.0404872884248,
2026-06-16 05:25:00,560.6795025059635,1049.3189811504487
2026-06-16 05:30:00,524.5819221816389,71.91802206214945
,358.2360242772594,51.73064961302261
16/06/2026 05:40:00,466.77272987499117,62.41527066842181
,438.7449097645938,33.450745591527976
2026-06-16 05:50:00 (UTC),453.82549586538727,44.227559715794996
2026-06-16 05:55:00,369.5996822163362,2510.2586815066843
2026-06-16 06:00:00,8463.161183215343,53.226965628614856
,660.1992654613413,50.28435250620336
2026-06-16 06:10:00,597.8002975998409,60.596357241268706
2026-06-16 06:15:00,627.0529224147143,71.20343040970604
2026-06-16 06:20:00,465.53651629918437,38.4427162093446
16/06/2026 06:25:00,436.3743165013964,60.00893651355186
2026-06-16 06:30:00 (UTC),422.14129531882884,45.576509049486546
ERR-2026-06-16 06:35:00,564.4064922957223,58.5482532977108
ERR-2026-06-16 06:40:00,522.706305314415,45.45953992395022
2026-06-16 06:45:00,492.27782884015744,55.293750220437836
2026-06-16 06:50:00,629.5148544195342,56.2026651904537
2026-06-16 06:55:00,540.4941353815343,43.03490639376936
2026-06-16 07:00:00,416.13423624794154,45.24816808459204
2026-06-16 07:05:00,431.9091170864305,
2026-06-16 07:10:00,568.1993299254145,
ERR-2026-06-16 07:15:00,604.1732852654598,54.53732070404762
2026-06-16 07:20:00,555.1680232255969,64.72769428881915
2026-06-16 07:25:00,689.6888747872081,37.407927026676354
16/06/2026 07:30:00,663.5007165731419,56.58183840778505
,544.1035834850763,53.430850411618856
2026-06-16 07:40:00,416.1419340518498,43.10757086883953
2026-06-16 07:45:00,369.00124882682326,70.4090040134915
2026-06-16 07:50:00,9281.71313353704,
2026-06-16 07:55:00,575.3213446416157,62.38546610028283
2026-06-16 08:00:00,682.6647079311938,50.40509747664801
,541.74470344108,34.87556102251819
2026-06-16 08:10:00,616.8722794231237,51.71239974628565
2026-06-16 08:15:00 (UTC),475.46925138121975,48.74812529844766
16/06/2026 08:20:00,562.276912522755,60.21854882906065
2026-06-16 08:25:00,582.3356829477173,44.086456486015635
2026-06-16 08:30:00,302.0405724147472,63.34355271212085
2026-06-16 08:35:00,458.65611976234896,43.78838591482449
2026-06-16 08:40:00,594.970038427787,57.057937451091256
2026-06-16 08:45:00,527.4468335636565,42.531438512621556
2026-06-16 08:50:00,380.3484951849067,49.61812540383973
16/06/2026 08:55:00,,36.672571572411314
2026-06-16 09:00:00 (UTC),463.42192546979936,50.72763236746813
2026-06-16 09:05:00,492.8414307106121,39.922687215316586
2026-06-16 09:10:00,411.6077050171655,55.54960126253921
2026-06-16 09:15:00,514.3084937027994,56.96481309841434
2026-06-16 09:20:00,550.6386747232895,49.88621922266968
2026-06-16 09:25:00,567.0687170726233,43.46494876913268
16/06/2026 09:30:00,264.4081075067678,54.05075260302431
2026-06-16 09:35:00,368.571490219188,
2026-06-16 09:40:00,469.53773516452645,
2026-06-16 09:45:00,557.2173131037464,45.705146316403486
2026-06-16 09:50:00,548.9234013550035,37.39845398687935
2026-06-16 09:55:00,547.1869947876676,52.178358013207735
2026-06-16 10:00:00,,60.599993420345385
2026-06-16 10:05:00,467.2366562690039,64.29988328562979
2026-06-16 10:10:00,427.16707315782594,52.37312476588861
2026-06-16 10:15:00,576.8194128105848,35.988782466655536
2026-06-16 10:20:00,407.9511212260422,45.29969137725861
2026-06-16 10:25:00,585.003639518957,2432.499507823067
2026-06-16 10:30:00 (UTC),520.7853238137646,58.22112164426151
2026-06-16 10:35:00,495.49555215448464,39.662815740665295
2026-06-16 10:40:00,434.32896002235333,69.76658133167405
2026-06-16 10:45:00,364.44581388358733,39.176562901610254
2026-06-16 10:50:00,435.23472436219544,46.10648747449648
2026-06-16 10:55:00,466.99931313751136,55.03081731817046
2026-06-16 11:00:00,263.0975688418748,49.205586640941185
2026-06-16 11:05:00,480.2644844665336,46.749657249656146
2026-06-16 11:10:00,592.4357368026006,50.13530658450043
16/06/2026 11:15:00,556.7217905433872,60.254109266309136
2026-06-16 11:20:00,450.37941242584924,69.23045817820869
ERR-2026-06-16 11:25:00,504.69362984152275,53.03500260225366
2026-06-16 11:30:00,444.3835430578,43.71353874134901
2026-06-16 11:35:00,514.8760733335696,51.05145972465299
2026-06-16 11:40:00,654.0107823744031,69.74454610878722
2026-06-16 11:45:00,596.8498802624877,58.12155230959851
2026-06-16 11:50:00,552.0794305692752,63.39531004282675
ERR-2026-06-16 11:55:00,450.7115087616282,58.30640622621203
2026-06-16 12:00:00,574.9938392944839,59.40659233698258
2026-06-16 12:05:00,331.3123048626947,50.4683859646268
ERR-2026-06-16 12:10:00,474.76465180091094,64.40807477890044
2026-06-16 12:15:00 (UTC),558.371141982395,21.685782395173433
2026-06-16 12:20:00,574.0421214047751,55.6903583040837
2026-06-16 12:25:00,566.9884490215741,54.78653293977528
2026-06-16 12:30:00,529.4830689209695,41.31824755405737
2026-06-16 12:35:00,480.4275020916117,53.447390745657124
corrupted_timestamp,553.7975969826489,55.94662224618287
2026-06-16 12:45:00,404.71389594136997,32.68353627840145
2026-06-16 12:50:00,415.532273670675,53.64738814704589
2026-06-16 12:55:00,506.1734676460297,62.99822444338112
2026-06-16 13:00:00,517.3197642708748,66.82911523395046
2026-06-16 13:05:00,317.43848214353534,56.284254248000664
2026-06-16 13:10:00,,
2026-06-16 13:15:00,577.2728377919393,59.772721016330735
2026-06-16 13:20:00 (UTC),492.27147625337045,41.63271468428676
2026-06-16 13:25:00,737.4466283283992,57.962817097176796
2026-06-16 13:30:00,431.70648936848136,49.65700981386877
2026-06-16 13:35:00,463.891283661313,61.9195465323394
corrupted_timestamp,460.49330938727906,45.36448699083562
2026-06-16 13:45:00,492.38123887089824,67.30172055771641
,467.12751870337087,62.25623143619753
2026-06-16 13:55:00,359.3189455395128,53.79443490206395
2026-06-16 14:00:00,445.3451703763525,52.97471746845783
2026-06-16 14:05:00,490.2379304225924,67.16960861779424
2026-06-16 14:10:00,622.8572082061997,71.67853017256674
2026-06-16 14:15:00,720.2243273372914,46.726579064401434
2026-06-16 14:20:00,633.5473897850654,47.138934557609204
2026-06-16 14:25:00,422.4620970327394,63.222082155022626
2026-06-16 14:30:00,430.41903893738345,26.62811414545986
2026-06-16 14:35:00,484.0671422490649,24.664569337890562
2026-06-16 14:40:00,678.4558888853586,
ERR-2026-06-16 14:45:00,483.45759478181066,53.47897929066249
2026-06-16 14:50:00,367.2492509462569,39.355306465704054
2026-06-16 14:55:00,449.8822863046965,37.92962403827207
2026-06-16 15:00:00,575.7056001819417,45.65858013681991
2026-06-16 15:05:00,568.9940276896086,64.12573278343407
2026-06-16 15:10:00,479.9783333508344,46.57230942005797
,568.341467356003,61.58170019776566
2026-06-16 15:20:00,272.6827797453168,51.55502266829041
2026-06-16 15:25:00,510.38292350326975,66.01103195075976
2026-06-16 15:30:00,586.068542136863,48.12955765273359
,416.71367248454646,54.722707451579005
2026-06-16 15:40:00,416.3661463503712,52.77869465993311
2026-06-16 15:45:00,313.3551847236524,
2026-06-16 15:50:00 (UTC),658.9895594810694,58.58574272402231
2026-06-16 15:55:00,427.9846022978433,57.481928656348664
16/06/2026 16:00:00,524.1043277862112,52.917987306440374
2026-06-16 16:05:00,560.3917041483375,31.42148683841956
2026-06-16 16:10:00,651.2067949141453,38.85780059527692
2026-06-16 16:15:00,484.6102226014365,41.34821184151001
2026-06-16 16:20:00,446.0570206221581,52.97084770991046
2026-06-16 16:25:00,517.3067648570553,50.21464668600064
2026-06-16 16:30:00 (UTC),628.4080276542287,43.12897718359329
,482.98274685992163,42.384522179741374
2026-06-16 16:40:00,404.51309184159237,57.53263097678002
2026-06-16 16:45:00,345.92421916846376,43.36681680584057
2026-06-16 16:50:00,377.8702615394775,25.90413609858189
2026-06-16 16:55:00,586.4391497406665,
2026-06-16 17:00:00,9224.640417664961,45.178140818022
2026-06-16 17:05:00,439.24790900792897,58.185824872952885
2026-06-16 17:10:00,428.4032776816058,
2026-06-16 17:15:00,,48.24427527849211
2026-06-16 17:20:00,476.0544906234416,53.36610366846325
2026-06-16 17:25:00 (UTC),472.68678562807474,28.61359184766662
2026-06-16 17:30:00,634.932392781074,44.52382763973043
2026-06-16 17:35:00 (UTC),653.8016281861633,42.79880923572333
2026-06-16 17:40:00,338.99783270910035,45.723455538377664
2026-06-16 17:45:00,532.7592731142958,45.31599945259328
2026-06-16 17:50:00,422.3137901378608,50.45408467981998
2026-06-16 17:55:00,475.17488861389063,52.319455902901026
2026-06-16 18:00:00,530.9278385126695,56.73141999161545
2026-06-16 18:05:00,478.72800830690807,55.537293548150664
16/06/2026 18:10:00,523.0459880627633,62.34455538264485
16/06/2026 18:15:00,567.2970206031918,
2026-06-16 18:20:00 (UTC),529.457680054032,64.350801634176
2026-06-16 18:25:00,435.31636958323764,62.70890587031114
corrupted_timestamp,437.08003930296763,1902.402443615551
2026-06-16 18:35:00,356.02947033819646,47.38798025986044
2026-06-16 18:40:00,414.60797024792817,
2026-06-16 18:45:00,696.2068361898528,62.223491706259026
,420.79964259047557,
2026-06-16 18:55:00,380.66211875561805,58.35066355944139
2026-06-16 19:00:00,531.9927861844774,31.713732474406285
2026-06-16 19:05:00,488.963524070814,29.680446064537662
2026-06-16 19:10:00,480.44067631507744,63.64264550015814
,640.904596641209,55.76687071934537
2026-06-16 19:20:00 (UTC),554.9126675558365,62.691160417549106
2026-06-16 19:25:00,447.0007068296525,35.50096412293247
2026-06-16 19:30:00,457.552408240822,52.559560608252426
2026-06-16 19:35:00,449.7413486094315,35.98050173776433
2026-06-16 19:40:00,,59.821723627975445
2026-06-16 19:45:00,469.18523705468624,1261.1047414036966
2026-06-16 19:50:00,,49.688221541391925
2026-06-16 19:55:00,495.16803212656555,59.650288636784104
2026-06-16 20:00:00,346.2973998872071,49.98496825091539
2026-06-16 20:05:00,718.4230601754901,49.65481505087617
2026-06-16 20:10:00,403.4332086152769,
,483.81352346422693,64.40518699642715
2026-06-16 20:20:00,525.8202734701136,52.04365052450096
2026-06-16 20:25:00,471.134183932077,56.19774246735811
2026-06-16 20:30:00,470.99695985338076,37.29530328729463
2026-06-16 20:35:00,542.1827286160877,
ERR-2026-06-16 20:40:00,652.6215958796279,52.511927023133886
2026-06-16 20:45:00,576.7509081817298,68.03121976276125
2026-06-16 20:50:00,647.8513878573542,60.825141858066864
2026-06-16 20:55:00,395.33808919064984,26.34446407315703
2026-06-16 21:00:00,531.7362633255361,58.54449177246918
2026-06-16 21:05:00,515.5246052058279,59.91098019386527
2026-06-16 21:10:00,535.1091291676735,57.02803368492275
2026-06-16 21:15:00,637.6231970635572,52.75201236538241
2026-06-16 21:20:00,-668.2374018265026,48.696234715543355
corrupted_timestamp,459.4496633445912,
2026-06-16 21:30:00,553.3980797418664,64.6059729768541
2026-06-16 21:35:00,322.1797272434153,65.32026252098102
2026-06-16 21:40:00,7807.746333190557,48.77820071518566
2026-06-16 21:45:00,486.5802310714547,42.72427784543789
2026-06-16 21:50:00,407.9641383693075,63.227752484251134
2026-06-16 21:55:00,605.7059011356578,59.77335900324898
2026-06-16 22:00:00,393.77596826567157,52.598989010423104
2026-06-16 22:05:00,486.41269516362036,40.83896781485859
2026-06-16 22:10:00,529.3157225322968,33.67817741397537
ERR-2026-06-16 22:15:00,635.3451561476119,58.024131299733014
2026-06-16 22:20:00,498.9443565119147,2338.398062813014
2026-06-16 22:25:00,593.615359412821,44.63643120401728
2026-06-16 22:30:00,570.0595397277127,54.71467580909342
corrupted_timestamp,512.3457556169143,
2026-06-16 22:40:00,391.0486591726544,45.45505191725958
2026-06-16 22:45:00,356.5419139095651,43.21739848982961
2026-06-16 22:50:00,510.65054014191867,57.09196339093863
2026-06-16 22:55:00,445.73031260973863,40.597274792737814
2026-06-16 23:00:00,,35.27278336493589
2026-06-16 23:05:00,574.5856518098577,2830.6793245806766
2026-06-16 23:10:00,481.538900556295,64.40163284345294
2026-06-16 23:15:00,384.22870760587307,44.19571344950401
2026-06-16 23:20:00 (UTC),551.0735549607274,54.919282624544685
2026-06-16 23:25:00,398.20505538648496,46.91154443170974
2026-06-16 23:30:00,424.1536077069135,48.028153741514444
2026-06-16 23:35:00,402.0584261784845,63.74216541692078
2026-06-16 23:40:00,5638.892073552433,51.26553686085209
2026-06-16 23:45:00,617.0192334070562,66.67163034141116
2026-06-16 23:50:00,499.49591297764715,69.38971663773799
2026-06-16 23:55:00 (UTC),455.6781307572304,65.8418189486991
2026-06-17 00:00:00,347.43850699547556,44.80155655852055
2026-06-17 00:05:00,555.2124584729843,51.76013694048123
2026-06-17 00:10:00,421.95953940713724,
17/06/2026 00:15:00,511.75176191580965,57.96292616442744
2026-06-17 00:20:00,464.5781384083359,61.64025512126854
ERR-2026-06-17 00:25:00,583.8177219599438,62.499909607026694
2026-06-17 00:30:00,484.2763607971448,63.03505141246493
2026-06-17 00:35:00,,40.18955027051034
2026-06-17 00:40:00,548.574714745546,49.48646099454923
2026-06-17 00:45:00,710.6940182263186,43.586074287050906
2026-06-17 00:50:00,588.8446930358555,48.88236813737464
2026-06-17 00:55:00,491.13938936513904,52.165785575558466
2026-06-17 01:00:00,500.31979906152884,51.07900671843748
2026-06-17 01:05:00,447.51405396755655,44.14570390899069
ERR-2026-06-17 01:10:00,405.0004296480305,37.375453421398696
2026-06-17 01:15:00,444.7249212933678,34.7959395776609
2026-06-17 01:20:00,,68.31875485521931
2026-06-17 01:25:00,565.3368383795886,62.42309960979955
2026-06-17 01:30:00,392.8805142131014,53.44042616507938
2026-06-17 01:35:00,633.3210561380045,21.435656165881326
2026-06-17 01:40:00,575.204638361883,41.80661020240588
2026-06-17 01:45:00,502.05017293676684,55.0178045878036
ERR-2026-06-17 01:50:00,500.03186114650686,58.476472422544774
2026-06-17 01:55:00,444.27186903854465,46.90138090523474
2026-06-17 02:00:00,527.0084411347764,55.56522202767513
2026-06-17 02:05:00,608.8092463208588,49.06586985806436
ERR-2026-06-17 02:10:00,429.68435377441864,61.36207435083005
2026-06-17 02:15:00,346.66079110812694,49.63259439289899
2026-06-17 02:20:00,570.3218254856744,49.29322378222097
2026-06-17 02:25:00,532.43659742438,45.01212677323979
2026-06-17 02:30:00,387.98011985588204,57.55840847874839
2026-06-17 02:35:00,,54.16338981395252
2026-06-17 02:40:00,414.08957259498595,38.433638080586995
2026-06-17 02:45:00,7782.197870361861,53.88094992721606
2026-06-17 02:50:00,467.6317245958812,51.86855797781862
ERR-2026-06-17 02:55:00,473.34526957192526,59.63572103458428
2026-06-17 03:00:00,434.920634493154,49.10171637382804
2026-06-17 03:05:00,424.18361805000717,40.260595773516336
2026-06-17 03:10:00,477.12156560806187,45.4835524354031
2026-06-17 03:15:00,516.7691534859562,68.34298448207097
2026-06-17 03:20:00,468.3703463635155,47.87354548081536
2026-06-17 03:25:00 (UTC),615.8667023341302,60.333021644758375
17/06/2026 03:30:00,550.8087714420786,
2026-06-17 03:35:00,340.91541431413043,53.95950052568907
2026-06-17 03:40:00,552.3727765413853,34.66641169101533
2026-06-17 03:45:00,560.5543982585583,50.70190293919782
2026-06-17 03:50:00,456.5265031875809,42.59572618136008
2026-06-17 03:55:00 (UTC),350.4802412696845,40.75505175660708
2026-06-17 04:00:00,500.8066759411136,
2026-06-17 04:05:00,499.2291348517756,47.86167604333915
2026-06-17 04:10:00 (UTC),387.8353763466805,30.994971718730227
2026-06-17 04:15:00,354.87807837400646,35.60760851523602
2026-06-17 04:20:00,491.24464535465603,50.936289713269
2026-06-17 04:25:00,476.6922807949178,32.52880715552159
2026-06-17 04:30:00,5009.560058284784,34.783739047662166
2026-06-17 04:35:00,491.6589265253439,67.86662516218561
2026-06-17 04:40:00,389.7223626179681,65.71232888356568
2026-06-17 04:45:00,456.51793871338856,41.675182746352085
ERR-2026-06-17 04:50:00,553.3325030614347,53.290793645861065
2026-06-17 04:55:00,465.0029919648711,41.759878152032734
2026-06-17 05:00:00,332.8027528207448,42.18263209048941
2026-06-17 05:05:00,452.73077222764283,18.6437772777832
2026-06-17 05:10:00,392.98415364931395,65.28745493939398
2026-06-17 05:15:00,526.7136296461731,55.54567348312655
2026-06-17 05:20:00,531.8837403380426,57.424134552540636
ERR-2026-06-17 05:25:00,334.1225374913969,55.32347201994454
2026-06-17 05:30:00,575.9012970582189,48.0085965527288
2026-06-17 05:35:00,388.7813698721442,1821.2721241137428
,655.9182290482352,49.65407492335701
2026-06-17 05:45:00,495.1223735499383,64.6568383769653
2026-06-17 05:50:00,375.3606501460838,50.23065221082052
2026-06-17 05:55:00,385.8013929307318,69.4109631242255
2026-06-17 06:00:00,534.8095291787345,42.230692814685376
2026-06-17 06:05:00,460.8700110101622,35.09970478443764
2026-06-17 06:10:00,490.33460903818593,40.78057405640033
2026-06-17 06:15:00,661.2780232697039,48.400815012967804
2026-06-17 06:20:00,430.0755935770925,63.887905156920496
2026-06-17 06:25:00,505.99628576957065,45.15296124903162
ERR-2026-06-17 06:30:00,641.9844487373053,35.419364882174925
,527.05134754664,50.13038795664283
2026-06-17 06:40:00,339.33972646419943,62.21798597064405
2026-06-17 06:45:00,550.5389011732137,49.95546018543302
2026-06-17 06:50:00,383.6997142216556,52.01725021354885
2026-06-17 06:55:00,5138.141496781507,49.7295698228209
2026-06-17 07:00:00,417.71323950020223,47.89437181856144
2026-06-17 07:05:00,796.9509507745665,74.00190121207334
2026-06-17 07:10:00,646.7375988327678,63.13631046237738
2026-06-17 07:15:00,420.3387430372021,68.73910957280465
2026-06-17 07:20:00,502.0013805001611,78.8472084689185
2026-06-17 07:25:00,575.3644281633464,62.864453916707156
ERR-2026-06-17 07:30:00,-364.11073168353096,45.29301162164958
2026-06-17 07:35:00,544.2336259976197,58.82954809853826
2026-06-17 07:40:00,625.215903696611,69.1120126656619
17/06/2026 07:45:00,487.70310533656306,55.33740864681604
2026-06-17 07:50:00,463.3282331423967,46.548956498381145
2026-06-17 07:55:00,465.3136012075389,63.737209622841334
2026-06-17 08:00:00,585.8373231972128,37.26314195943165
2026-06-17 08:05:00,536.5181040302646,51.41453397094742
2026-06-17 08:10:00,529.1283665690256,57.58852874871248
2026-06-17 08:15:00 (UTC),579.5234249257182,48.923193309058895
2026-06-17 08:20:00,294.8947592146145,56.25502425046325
2026-06-17 08:25:00,531.006882387515,56.525091553665206
2026-06-17 08:30:00,521.8568888873716,
2026-06-17 08:35:00,666.8808081300705,48.11521843347547
2026-06-17 08:40:00,347.14120177363327,45.97082852234361
2026-06-17 08:45:00,655.7186632376759,48.8461551094715
2026-06-17 08:50:00,507.54091289246657,36.28306767705551
2026-06-17 08:55:00,548.8989530660045,63.761760396023234
2026-06-17 09:00:00,667.5918787609377,55.411515135505596
2026-06-17 09:05:00,556.0761268005573,51.68586552348317
2026-06-17 09:10:00,540.036828946256,43.225896374696454
2026-06-17 09:15:00,524.2291185802319,51.28883135963615
2026-06-17 09:20:00,451.6521865005623,51.087505138492205
17/06/2026 09:25:00,497.15108754896073,45.64460805865986
corrupted_timestamp,428.4487233877251,60.500924547564686
2026-06-17 09:35:00,495.5433100574518,38.69518363034401
corrupted_timestamp,266.40693029449034,40.89444432194469
,542.9039567567548,61.11550398420246
2026-06-17 09:50:00,487.8262746216374,65.04122738695666
2026-06-17 09:55:00,466.3796263333236,52.78997290026977
2026-06-17 10:00:00,521.9758083940143,40.12778706567972
2026-06-17 10:05:00 (UTC),356.6436077034559,63.22280550494501
ERR-2026-06-17 10:10:00,692.9269996621283,52.11527272933446
17/06/2026 10:15:00,489.72325385124003,51.23148781649203
2026-06-17 10:20:00,485.41555670278103,65.44775885488835
2026-06-17 10:25:00,403.4603789867078,58.34796261090131
2026-06-17 10:30:00,502.3946382449261,46.317299398173745
ERR-2026-06-17 10:35:00,638.6959890273281,34.29532927948918
2026-06-17 10:40:00,603.5916209432035,46.84245942938895
2026-06-17 10:45:00,585.4437751140556,54.738558503001144
2026-06-17 10:50:00,554.6398951667271,56.3750824584593
2026-06-17 10:55:00,464.14574724373904,37.739815902556046
2026-06-17 11:00:00,354.9836832963298,43.50644577474899
ERR-2026-06-17 11:05:00,479.8961228133365,20.45336632891763
,476.4128535466323,53.463999609169214
2026-06-17 11:15:00,604.8794439671241,32.85908326802203
2026-06-17 11:20:00,530.939044245982,45.41603264420339
17/06/2026 11:25:00,661.2311527903548,41.02348605434359
2026-06-17 11:30:00 (UTC),619.7488540038174,56.72916030660993
,454.3504390495904,53.83887818546562
2026-06-17 11:40:00,320.48708033801313,42.66291332764115
2026-06-17 11:45:00,6173.703753415028,51.54245034924181
2026-06-17 11:50:00,635.9385223230744,56.75495285454273
2026-06-17 11:55:00,363.3788409097774,53.03678707419792
2026-06-17 12:00:00,650.92400198275,16.244411568572843
2026-06-17 12:05:00,538.2117170592518,73.08533249040454
2026-06-17 12:10:00,516.0685498125653,55.377378943889816
2026-06-17 12:15:00,661.4783254247327,
,634.4685173230615,42.77483258752859
2026-06-17 12:25:00,565.1330951995204,40.66129155408958
2026-06-17 12:30:00,547.3217065811983,44.697580852530756
2026-06-17 12:35:00,561.6394290530359,70.0014566610668
2026-06-17 12:40:00,,46.821195093292935
2026-06-17 12:45:00,494.4898550267679,49.363289796804175
2026-06-17 12:50:00,409.7682845405457,68.56323257268986
2026-06-17 12:55:00,466.69602242610813,46.390829206980825
2026-06-17 13:00:00,463.3366121331067,50.156813938673835
2026-06-17 13:05:00,436.4694630378335,36.74308837573811
2026-06-17 13:10:00,513.6746502648463,69.45043858226637
17/06/2026 13:15:00,,42.407490159818664
2026-06-17 13:20:00,550.2234720351973,48.27592950851551
2026-06-17 13:25:00,337.7679386706235,16.575955253560252
,488.66452058927,48.293887173468875
2026-06-17 13:35:00,513.1551640177496,49.228176529603004
2026-06-17 13:40:00,468.93707601631195,
2026-06-17 13:45:00,6921.418893614809,
2026-06-17 13:50:00,,55.45333475360358
2026-06-17 13:55:00,535.6477104669492,30.997873173002453
,564.760598256707,33.43242901545239
2026-06-17 14:05:00,549.3537294203767,
2026-06-17 14:10:00,603.8727059442183,62.115637538848475
2026-06-17 14:15:00,520.1529605782501,49.52090411305787
17/06/2026 14:20:00,547.8681180650937,52.979112774785094
2026-06-17 14:25:00 (UTC),515.6090738456852,43.28612353634316
2026-06-17 14:30:00,568.7550719592494,43.26514232870105
2026-06-17 14:35:00,342.2770363867878,58.812491026944855
2026-06-17 14:40:00,410.64190320219893,62.322569131326105
2026-06-17 14:45:00,658.6899657033091,61.10664099944154
2026-06-17 14:50:00,253.95641779037948,56.16560367328895
2026-06-17 14:55:00,485.9822070174656,53.27824416892597
2026-06-17 15:00:00,617.2274959608068,35.65097705139728
2026-06-17 15:05:00,490.67393344582354,44.31919577627732
ERR-2026-06-17 15:10:00,459.49889285493026,42.86236036463798
2026-06-17 15:15:00,512.94216768153,50.71539079452961
17/06/2026 15:20:00,,57.784077882486564
2026-06-17 15:25:00,503.08494927569393,46.62659798678612
2026-06-17 15:30:00,431.66189634798707,25.068117596223907
2026-06-17 15:35:00,610.8674419955724,62.62154223661355
2026-06-17 15:40:00 (UTC),642.3264921065661,41.02608673168821
2026-06-17 15:45:00,486.66096778883775,41.576412497060296
ERR-2026-06-17 15:50:00,361.35105793087564,56.44848567658292
2026-06-17 15:55:00,447.6156829686605,44.8411910077688
ERR-2026-06-17 16:00:00,481.60113398970356,50.238851344744155
17/06/2026 16:05:00,550.5538876903208,53.32910873364158
2026-06-17 16:10:00,399.1986776829322,51.49806936679628
2026-06-17 16:15:00 (UTC),423.0837681357849,47.4926661932607
2026-06-17 16:20:00,551.0676137858808,51.24224428464029
2026-06-17 16:25:00,593.8908832039558,73.24870136805009
17/06/2026 16:30:00,437.8405954829316,
2026-06-17 16:35:00,366.67829460490043,59.604201587468346
2026-06-17 16:40:00,828.4118201287883,54.804948147479834
2026-06-17 16:45:00,578.3304237088713,66.91476429212027
2026-06-17 16:50:00 (UTC),473.2996238232968,59.672416227947714
2026-06-17 16:55:00,586.903127553084,63.937038851680256
,487.55433702855777,64.29049386521284
2026-06-17 17:05:00,586.7156889100186,57.69921000237066
2026-06-17 17:10:00,515.9393197776222,1258.6397343496951
2026-06-17 17:15:00,509.1271898167573,47.667401536884284
2026-06-17 17:20:00,488.6418131769211,
2026-06-17 17:25:00,355.261866653691,50.29615397056041
2026-06-17 17:30:00,693.809489939314,39.672151516562266
2026-06-17 17:35:00 (UTC),405.8466079732257,
2026-06-17 17:40:00,363.99764236894055,48.82327720104142
2026-06-17 17:45:00,478.7140117243633,40.61025379546409
2026-06-17 17:50:00,403.8528186489493,41.19366083448976
2026-06-17 17:55:00,494.8287209439729,51.04176423479554
2026-06-17 18:00:00,568.7763848561768,51.65325734783037
2026-06-17 18:05:00 (UTC),599.5302900529223,1116.6748185937151
2026-06-17 18:10:00,581.4730721621681,
2026-06-17 18:15:00 (UTC),469.436794521432,60.02557305896158
2026-06-17 18:20:00,504.95918276615856,24.490809352374928
2026-06-17 18:25:00,540.7879050897491,47.57187632311073
2026-06-17 18:30:00,324.22125760579274,50.31548636253724
2026-06-17 18:35:00,557.058470011986,56.61373484112749
2026-06-17 18:40:00,354.27007124161685,47.91314579051499
2026-06-17 18:45:00 (UTC),704.034659890649,46.1264063913743
2026-06-17 18:50:00,459.54849153583046,56.11045090187827
17/06/2026 18:55:00,481.5124822805409,49.48849927460786
2026-06-17 19:00:00,423.02929007621447,67.67728010702055
2026-06-17 19:05:00,,56.216409628847906
,727.409356914324,58.142210070791464
2026-06-17 19:15:00,594.0369688623298,50.75420971322633
2026-06-17 19:20:00,345.0797554852162,68.80207142101071
2026-06-17 19:25:00,650.4212900685229,44.40065067125759
2026-06-17 19:30:00,619.3242275141431,38.50877497204807
,471.87875377117115,
2026-06-17 19:40:00 (UTC),530.6696942029838,47.37401073405241
2026-06-17 19:45:00,498.50559205789256,48.61674315159444
2026-06-17 19:50:00,9555.353943248498,1494.828439934024
ERR-2026-06-17 19:55:00,420.37098110079097,42.08991178656523
2026-06-17 20:00:00,514.6010609775727,49.38755824826925
ERR-2026-06-17 20:05:00,457.1854669007195,33.67011384735802
2026-06-17 20:10:00,356.69595953821454,68.92997197890716
2026-06-17 20:15:00,719.1638255054987,26.7617526772494
2026-06-17 20:20:00,381.8433420897588,
2026-06-17 20:25:00,522.0129187487776,36.58767573748503
2026-06-17 20:30:00,325.9299393619665,36.079583943544485
2026-06-17 20:35:00 (UTC),460.0929460756907,41.16502391481459
ERR-2026-06-17 20:40:00,542.1968821433458,38.97351173080028
2026-06-17 20:45:00,417.5266020497637,52.69368979036942
2026-06-17 20:50:00,558.6801850735656,
2026-06-17 20:55:00,473.09589081119174,60.40372867773165
2026-06-17 21:00:00,616.0082512398614,63.32775947141842
2026-06-17 21:05:00,636.1760913340223,66.54175123377259
17/06/2026 21:10:00,441.3255239269988,34.69704942387439
2026-06-17 21:15:00,507.6732859392957,42.17786452686458
2026-06-17 21:20:00,518.3454226472232,45.18449853085519
2026-06-17 21:25:00,561.9349295434698,44.350764318020694
2026-06-17 21:30:00,501.4381996244266,58.01846745791007
ERR-2026-06-17 21:35:00,519.0210959342842,53.17979654863444
2026-06-17 21:40:00,475.659352520488,40.72099452427665
2026-06-17 21:45:00,511.52398669720185,47.17669415288619
2026-06-17 21:50:00,629.7940193535132,49.66860419805426
ERR-2026-06-17 21:55:00,,48.28412699536579
2026-06-17 22:00:00 (UTC),570.1255639443369,42.63752714697195
2026-06-17 22:05:00,572.3070324135579,38.903745647570204
2026-06-17 22:10:00,484.61912221189647,57.51438324938509
2026-06-17 22:15:00,531.882704357953,38.17411166223175
2026-06-17 22:20:00,391.48263216642556,57.077921877788626
2026-06-17 22:25:00,626.8807656316957,52.37783808339032
2026-06-17 22:30:00,221.70395676567796,41.44051528451451
2026-06-17 22:35:00,491.28516076645747,55.102729631740935
corrupted_timestamp,614.0895977150274,42.83879976005531
2026-06-17 22:45:00,363.61320663706584,55.65276567953852
2026-06-17 22:50:00,539.9779917616851,42.12758236401744
2026-06-17 22:55:00 (UTC),431.9233553420973,51.0908178730316
ERR-2026-06-17 23:00:00,463.1196734811131,49.511040939826295
2026-06-17 23:05:00,594.5940960639438,43.812147915322896
2026-06-17 23:10:00,519.8056925885151,46.850656249423885
2026-06-17 23:15:00,296.56441321156376,43.56529920044536
,402.3574460268402,61.70866589933893
2026-06-17 23:25:00,597.533573488876,42.996074281931946
2026-06-17 23:30:00,544.8942718192998,49.28776394971463
17/06/2026 23:35:00,674.8135572524284,29.092082920824307
2026-06-17 23:40:00,668.2647594013297,
2026-06-17 23:45:00,465.7754869853208,56.34812694843836
2026-06-17 23:50:00,750.3237805069489,
17/06/2026 23:55:00,502.4479669851911,54.36422001491519
ERR-2026-06-18 00:00:00,403.73314655909746,49.71186046785859
2026-06-18 00:05:00,436.6360134089423,52.51743062646635
18/06/2026 00:10:00,6316.714587726227,64.43494791383104
2026-06-18 00:15:00,660.7019008249281,40.75682432399459
,659.4761989043864,62.263353651631775
2026-06-18 00:25:00,398.4492561186679,41.18330122369395
ERR-2026-06-18 00:30:00,477.2115711618094,53.02692183434607
2026-06-18 00:35:00,509.56075441125773,41.43497296906793
2026-06-18 00:40:00,-871.3119656504158,58.47673392862007
2026-06-18 00:45:00 (UTC),324.48979687288386,37.1182017181331
2026-06-18 00:50:00,478.9642396223088,
corrupted_timestamp,467.89205705407534,48.87671606147808
2026-06-18 01:00:00,461.1588759011225,42.12164934322377
2026-06-18 01:05:00,522.2716062600964,42.89656688494361
2026-06-18 01:10:00,642.9519658525992,1948.116002872303
2026-06-18 01:15:00,469.6907280308274,37.48889286935238
2026-06-18 01:20:00,517.0442998721363,51.28008762084187
2026-06-18 01:25:00 (UTC),6692.227768312262,53.68154940408045
2026-06-18 01:30:00 (UTC),,34.255280238905755
2026-06-18 01:35:00,438.5576475552158,52.44184565626881
2026-06-18 01:40:00,509.63771231140356,
2026-06-18 01:45:00,554.7539820169053,54.36750128153729
2026-06-18 01:50:00,387.16486624892224,51.15741186997374
2026-06-18 01:55:00,626.3539010796508,53.517030810931026
2026-06-18 02:00:00,643.1588905214111,53.483871837943354
2026-06-18 02:05:00,6558.536099969799,52.45386875206027
2026-06-18 02:10:00,,53.7240362997897
2026-06-18 02:15:00,564.2278256671032,65.4113169297396
,445.43858436712475,63.09655884157164
2026-06-18 02:25:00,548.1613845688095,48.86281713913805
2026-06-18 02:30:00,516.3255626292165,43.7609196953707
2026-06-18 02:35:00,353.2081822361199,62.70458782370373
2026-06-18 02:40:00,545.9161315978558,72.88340511174255
2026-06-18 02:45:00,389.9857583728964,49.71723791900659
2026-06-18 02:50:00,593.9202851662047,54.99695984511459
2026-06-18 02:55:00,432.8788924866111,46.74304318933066
2026-06-18 03:00:00,483.8714566338855,55.310621721283745
2026-06-18 03:05:00,637.2278913446576,30.17639259616497
2026-06-18 03:10:00,549.6381646528845,44.7559150797761
2026-06-18 03:15:00,392.05260804254544,57.236050015069935
2026-06-18 03:20:00,398.50834292009165,41.25024935623214
2026-06-18 03:25:00,440.0697211376274,55.54558146530178
2026-06-18 03:30:00,539.4644083356666,55.20113309645534
2026-06-18 03:35:00,535.8299814932768,55.79139051436833
2026-06-18 03:40:00,415.68976953371305,44.926471333273874
2026-06-18 03:45:00,383.2790514385641,57.652460574578754
2026-06-18 03:50:00,528.1583405085835,
2026-06-18 03:55:00,481.8139934209838,45.09244839989426
2026-06-18 04:00:00,715.7215887447737,43.30111343687325
2026-06-18 04:05:00,503.6603656563079,48.29684157492006
2026-06-18 04:10:00,681.4252827700275,
2026-06-18 04:15:00,382.96164018956597,39.69859303200371
2026-06-18 04:20:00,342.67870604382927,45.4560210591038
2026-06-18 04:25:00,387.9914867474465,64.55745301833038
2026-06-18 04:30:00,618.9129781453466,61.35965250216016
18/06/2026 04:35:00,675.6101589693534,40.09214904270074
2026-06-18 04:40:00,421.7820546047366,68.65906978421022
2026-06-18 04:45:00,453.94339702404426,45.70074983486236
2026-06-18 04:50:00,383.10190897875003,53.35459463855246
2026-06-18 04:55:00,318.8360152881613,50.41671853941823
2026-06-18 05:00:00,571.841169777663,59.18633110868012
2026-06-18 05:05:00,522.3020302962163,38.566017199441674
2026-06-18 05:10:00 (UTC),501.04879826738755,44.72887005150622
2026-06-18 05:15:00,359.994346283662,
2026-06-18 05:20:00,663.9956681828661,39.43623066275425
corrupted_timestamp,449.6643261950527,42.570514707104635
2026-06-18 05:30:00,553.3626424816475,41.6410015517107
2026-06-18 05:35:00,354.5438594755276,56.41343148704215
2026-06-18 05:40:00,480.9474810379963,46.12624990849519
corrupted_timestamp,529.1374456238584,47.46178203489136
2026-06-18 05:50:00,532.7075218053308,31.648528082038432
2026-06-18 05:55:00,8938.595377373333,59.88245743279825
2026-06-18 06:00:00,549.4522492048773,32.874904089486535
2026-06-18 06:05:00,386.9479543967039,50.95473770939178
2026-06-18 06:10:00,519.737260543966,63.286679568642896
2026-06-18 06:15:00,511.37576834802775,65.37322766084488
2026-06-18 06:20:00,523.1672684195061,36.16577267638238
2026-06-18 06:25:00,507.23452173191816,48.208598355260776
2026-06-18 06:30:00,,57.70059895107949
2026-06-18 06:35:00,368.22002478910264,45.94983195183006
ERR-2026-06-18 06:40:00,278.57318141154485,60.80821755956142
corrupted_timestamp,581.7534509845298,29.623366520720626
,582.7657509735199,51.52108532407937
,584.355029122212,54.488467408836556
2026-06-18 07:00:00,530.6789962461452,2668.6236056997286
2026-06-18 07:05:00,286.68807822818894,58.008136678321875
2026-06-18 07:10:00,,39.75550744186548
2026-06-18 07:15:00,517.0415417593111,66.23487120716466
2026-06-18 07:20:00,513.5518002791796,46.77136499174493
2026-06-18 07:25:00 (UTC),477.72517868479787,48.405322042896316
2026-06-18 07:30:00,536.8917202908247,39.66375101036747
2026-06-18 07:35:00,501.16517076852455,46.499113265087416
2026-06-18 07:40:00,512.0770465551361,42.93079009347225
2026-06-18 07:45:00,9363.318251434324,53.01943513760109
2026-06-18 07:50:00,598.2010986121591,52.587079139480146
2026-06-18 07:55:00,456.9228391319616,49.117931982792086
2026-06-18 08:00:00,366.93509169793737,51.69901442177225
2026-06-18 08:05:00,422.90009871812714,
18/06/2026 08:10:00,465.153380863802,39.66939821689094
2026-06-18 08:15:00,599.4002788368847,62.05507372379711
ERR-2026-06-18 08:20:00,495.7732001565207,42.542668785354905
2026-06-18 08:25:00,481.3851781034351,52.97241141244083
2026-06-18 08:30:00,375.13365752373727,26.969235584410825
2026-06-18 08:35:00,578.5482589829576,54.2571911448269
2026-06-18 08:40:00,434.8047845976614,61.62355368776518
2026-06-18 08:45:00,489.9972141058664,51.209047038001074
2026-06-18 08:50:00,648.0183076881865,51.700442775873896
2026-06-18 08:55:00,550.8763331049305,65.68205304812314
2026-06-18 09:00:00,337.17459522848253,52.8395762842369
18/06/2026 09:05:00,323.0489763647528,43.15684977827696
2026-06-18 09:10:00,493.5689549880754,45.610848107295254
2026-06-18 09:15:00,378.7259385125195,43.92170297784846
2026-06-18 09:20:00 (UTC),564.8546747632997,59.748173392532095
2026-06-18 09:25:00,-934.9765636350761,62.88946362109017
2026-06-18 09:30:00 (UTC),516.5384769023863,60.67290851023859
2026-06-18 09:35:00,429.3256818357647,42.7155882165815
2026-06-18 09:40:00,674.1383655286705,50.72206474904536
2026-06-18 09:45:00,784.2593728010459,57.008773684448066
2026-06-18 09:50:00 (UTC),472.14152762432855,38.32458091599541
corrupted_timestamp,535.3039248415001,
,509.7417343064313,58.513861003160955
2026-06-18 10:05:00,474.03131365589314,56.00116423328012
2026-06-18 10:10:00,416.79295322672033,58.214888586623154
2026-06-18 10:15:00,391.5032012519523,49.17481997861959
2026-06-18 10:20:00,386.44027344744757,41.643455980028264
2026-06-18 10:25:00,540.5240025549145,61.703398028775865
2026-06-18 10:30:00,448.03255217963647,50.45769511065696
2026-06-18 10:35:00,242.17071498594697,44.78086110478649
2026-06-18 10:40:00,544.4858220598322,51.285151031405476
2026-06-18 10:45:00,496.1738717535844,51.21382260666259
2026-06-18 10:50:00,634.6673001401145,45.3684971909186
18/06/2026 10:55:00,537.3122397091009,55.44113652988341
2026-06-18 11:00:00,352.13264036897027,69.16125458273416
ERR-2026-06-18 11:05:00,277.0323359270019,37.56795825120511
2026-06-18 11:10:00,428.05276156620624,37.80639551142046
2026-06-18 11:15:00,437.4892579306347,62.35134720991689
2026-06-18 11:20:00,594.3159201000167,57.88355372824208
2026-06-18 11:25:00,499.1129067710427,66.7079879957686
2026-06-18 11:30:00 (UTC),613.3688498098509,68.90274508769132
2026-06-18 11:35:00,367.5166944297365,57.74263475852072
2026-06-18 11:40:00,596.5264384380448,38.53707326176016
2026-06-18 11:45:00,572.0989153430919,53.55691616116485
2026-06-18 11:50:00,298.17658885688036,46.52285212912012
2026-06-18 11:55:00,632.2617841260773,55.01830820787865
2026-06-18 12:00:00,509.3458491766353,
2026-06-18 12:05:00,539.2044503868506,55.51779961569784
2026-06-18 12:10:00 (UTC),413.5103887571577,57.350345214134634
2026-06-18 12:15:00,627.5247012921973,52.990162411521915
2026-06-18 12:20:00,381.414767076113,54.37971566301217
2026-06-18 12:25:00,583.2092018373946,
2026-06-18 12:30:00,582.0607475908671,42.63960493554337
2026-06-18 12:35:00,402.5832571827778,53.25354984665204
2026-06-18 12:40:00,698.3373599422574,49.39647510664564
2026-06-18 12:45:00,523.1528480217519,61.39572594511718
2026-06-18 12:50:00 (UTC),565.3892610271024,58.082637693592474
2026-06-18 12:55:00,-774.6697722108855,44.482958388425175
2026-06-18 13:00:00 (UTC),711.7730003008564,57.23563204061391
18/06/2026 13:05:00,,64.0219236583443
2026-06-18 13:10:00,602.488643276593,54.241229253903875
2026-06-18 13:15:00,400.52282820683047,46.94010674219946
2026-06-18 13:20:00,438.10111971523173,39.35026093693059
2026-06-18 13:25:00,578.8754043885447,30.33814904352312
2026-06-18 13:30:00,602.7552713675157,61.187367310317995
2026-06-18 13:35:00,372.8715750885898,36.499305813882366
2026-06-18 13:40:00,609.0472169056994,39.849234512528454
2026-06-18 13:45:00,604.4980495133194,51.04114628486072
2026-06-18 13:50:00,406.20465911551076,53.13422816998438
2026-06-18 13:55:00,659.8647593591111,64.7144172008451
2026-06-18 14:00:00,354.3142371751962,53.68843823828401
,437.5227417222385,47.31783144048605
2026-06-18 14:10:00,547.9002624091988,47.330026710395316
2026-06-18 14:15:00,414.64337152973934,34.83859945593059
2026-06-18 14:20:00,526.3819085679341,64.41101052718247
,524.1076078803295,58.867610495137974
2026-06-18 14:30:00,481.2925730077279,52.7666065813869
2026-06-18 14:35:00,583.2400538590559,64.32849226145535
2026-06-18 14:40:00,,60.75125861666688
18/06/2026 14:45:00,523.1541068813806,55.395045198155394
2026-06-18 14:50:00,614.6471877487902,49.66589099275034
2026-06-18 14:55:00,579.068621002584,50.37857807161108
2026-06-18 15:00:00,578.6017290814209,35.21657022338511
2026-06-18 15:05:00,385.082039778322,60.73191910805038
2026-06-18 15:10:00,552.4792575501322,48.03552373653898
2026-06-18 15:15:00,5763.762804426278,60.65938342165326
18/06/2026 15:20:00,371.8585020221974,57.33390082402468
ERR-2026-06-18 15:25:00,492.8293653715032,51.01646799469682
2026-06-18 15:30:00,409.570481334841,58.41125947687328
2026-06-18 15:35:00,579.0617718839977,42.20355132841585
2026-06-18 15:40:00 (UTC),581.4535459695325,35.258639747096176
2026-06-18 15:45:00,309.7373763568558,48.48425884102098
2026-06-18 15:50:00,417.169746042311,54.38197111828489
18/06/2026 15:55:00,354.0213328082001,58.59526987662288
2026-06-18 16:00:00,453.73707234071094,
ERR-2026-06-18 16:05:00,545.5175669868825,40.98702104031234
,475.77119018216115,63.043200208212795
18/06/2026 16:15:00,441.02407593328644,46.422041915602975
2026-06-18 16:20:00,630.017652681314,53.874127358638454
ERR-2026-06-18 16:25:00,,55.0417916376437
,623.6871893518224,50.69284557299423
2026-06-18 16:35:00,445.57117068445143,30.574055409263046
2026-06-18 16:40:00,492.18909898872107,43.28122773721468
2026-06-18 16:45:00,447.2636662279891,54.66619064521096
2026-06-18 16:50:00,654.2888105539118,65.73570577050647
,376.90215031947406,56.78328076569661
2026-06-18 17:00:00,-439.3170584647129,54.86344515716927
2026-06-18 17:05:00,552.7438651859997,30.11310336892874
2026-06-18 17:10:00,338.89972321148326,60.56914018599217
2026-06-18 17:15:00,408.0101829553846,59.237666411331894
2026-06-18 17:20:00,485.18214665017706,55.696996707580375
ERR-2026-06-18 17:25:00,411.33349653156256,52.69886027796389
2026-06-18 17:30:00,418.440822878085,55.05479522558061
18/06/2026 17:35:00,465.01373369235625,62.280032609094704
2026-06-18 17:40:00,564.9581331646173,49.47234106798033
2026-06-18 17:45:00,465.72822231218555,53.76767597980134
2026-06-18 17:50:00,607.8426194472946,46.93397798676875
2026-06-18 17:55:00,,50.15747591469695
2026-06-18 18:00:00,374.80777395265477,51.145718601671206
2026-06-18 18:05:00,692.6345405721133,56.13023728730793
2026-06-18 18:10:00,5578.077790083524,45.02611134560189
2026-06-18 18:15:00,368.908799292784,48.807408457635304
2026-06-18 18:20:00,325.79460582281695,
2026-06-18 18:25:00,607.5103453808939,48.70993572932212
2026-06-18 18:30:00,,51.56359287994104
2026-06-18 18:35:00,474.62902649336013,38.09575237222292
2026-06-18 18:40:00,484.07982884133605,55.50473446591098
2026-06-18 18:45:00,601.2942884669781,43.912436539832804
18/06/2026 18:50:00,482.04701660240795,36.20261360344029
2026-06-18 18:55:00,734.4053778832626,52.8913055635731
2026-06-18 19:00:00,513.3760574054229,53.37602101284867
2026-06-18 19:05:00,606.1784766958322,54.35329149655128
2026-06-18 19:10:00,580.5239857904406,54.50170998648481
2026-06-18 19:15:00,496.35526797419624,54.228603671548456
2026-06-18 19:20:00,441.3029013979537,64.68412615159221
2026-06-18 19:25:00,533.1963928566554,58.35475467583601
2026-06-18 19:30:00,551.0098731207273,59.38543991339452
2026-06-18 19:35:00,442.7413951873473,55.73052339422273
18/06/2026 19:40:00,516.6338865950656,58.65790785375511
,623.6204978259595,45.70285712631083
2026-06-18 19:50:00,706.9947739069679,56.48633357130165
2026-06-18 19:55:00,585.4369320349422,61.62533902449679
2026-06-18 20:00:00,686.2759686380282,47.89868902270995
18/06/2026 20:05:00,437.0625788793544,63.74949643835296
2026-06-18 20:10:00,570.1882252059294,46.63981374831037
2026-06-18 20:15:00,633.8519508581272,54.739442035466986
2026-06-18 20:20:00,410.36666670280044,39.8745983193009
ERR-2026-06-18 20:25:00,451.4409887954991,58.02103621639489
2026-06-18 20:30:00,673.790476183525,62.25126892021497
2026-06-18 20:35:00,402.49011442130603,49.74696785472395
2026-06-18 20:40:00,,36.68958377093816
2026-06-18 20:45:00,652.7981573639511,50.36741087964416
2026-06-18 20:50:00,619.6763224980439,41.151220870828155
2026-06-18 20:55:00,543.2120243983769,50.9203959737303
2026-06-18 21:00:00,495.42892453541725,58.35656382182528
ERR-2026-06-18 21:05:00,456.1475494395018,54.72349701873331
2026-06-18 21:10:00,528.1948873809051,34.47862390274017
corrupted_timestamp,657.9806957401549,46.74661366335641
2026-06-18 21:20:00,523.8566126142076,52.06234634855501
2026-06-18 21:25:00,716.6959267246966,63.854446193549705
2026-06-18 21:30:00,410.2058014359769,48.52296277072465
2026-06-18 21:35:00,498.03192456717306,54.978233452554974
2026-06-18 21:40:00 (UTC),462.69413323360845,51.76082990177098
2026-06-18 21:45:00,391.48584568376674,44.130094314875784
2026-06-18 21:50:00,8845.114372391257,45.46222826657947
2026-06-18 21:55:00,,48.087412845490064
2026-06-18 22:00:00,552.423017995203,62.720664383681424
,717.0452178944556,42.22484042277877
2026-06-18 22:10:00,546.446746972356,48.201230130027206
2026-06-18 22:15:00,615.0136803679616,44.00528761240123
ERR-2026-06-18 22:20:00,,63.051138677031496
2026-06-18 22:25:00,667.8055600452595,53.83677248639336
corrupted_timestamp,739.8449285588069,63.706530495182776
ERR-2026-06-18 22:35:00,553.1085130975949,23.34001643771166
corrupted_timestamp,400.73409845484184,
2026-06-18 22:45:00,-144.28676999463607,41.00164461294097
2026-06-18 22:50:00,528.1934303205162,44.1024415059181
2026-06-18 22:55:00,545.6498035250646,48.1056030577299
,569.8425134384372,49.81276102904104
,546.019768123004,49.83142745709915
2026-06-18 23:10:00,500.6984916255939,42.89375810275837
2026-06-18 23:15:00,436.38015587978714,48.95197510857632
2026-06-18 23:20:00,540.113826126423,49.04821380901133
18/06/2026 23:25:00,685.4987357480657,33.473366029539946
2026-06-18 23:30:00,601.9928605427755,53.443199508590695
2026-06-18 23:35:00,553.4703949636198,50.13533560687098
2026-06-18 23:40:00,602.9566923822752,51.92223554583019
2026-06-18 23:45:00,462.89359710991477,45.026389619922654
ERR-2026-06-18 23:50:00,449.17348539166795,50.25398092089795
2026-06-18 23:55:00,425.2214895634018,28.31220855853228
2026-06-19 00:00:00,487.4713377230562,44.61154821982865
2026-06-19 00:05:00,457.799410329092,45.512256286466965
2026-06-19 00:10:00,620.8274740652139,49.499406452902086
2026-06-19 00:15:00,452.4676582317811,49.70058743096014
2026-06-19 00:20:00,419.72782837750833,59.538641244034636
2026-06-19 00:25:00,-468.4858417806453,38.87992229448693
2026-06-19 00:30:00,454.86247689186564,57.20737886077977
2026-06-19 00:35:00,515.3528457250351,70.03419661981567
2026-06-19 00:40:00,545.1322824743412,45.12052291849242
2026-06-19 00:45:00,386.3306881079185,57.329411944159034
corrupted_timestamp,623.5483769503069,64.33072859227867
2026-06-19 00:55:00,563.7119040411228,64.06102679948914
2026-06-19 01:00:00,655.8384011880781,47.08637479105325
19/06/2026 01:05:00,432.07780627819,60.82295246389297
2026-06-19 01:10:00,509.912579247616,58.59863946165604
2026-06-19 01:15:00,503.93557549941954,62.05824829804986
2026-06-19 01:20:00,526.3888494350022,
2026-06-19 01:25:00,354.5385251422839,61.69879400234109
2026-06-19 01:30:00,511.08363786922223,47.73511015415616
2026-06-19 01:35:00,357.3536088576255,45.41157693652592
2026-06-19 01:40:00,535.8334071196921,28.199591463444303
2026-06-19 01:45:00,287.135087548148,45.773215665512154
2026-06-19 01:50:00,314.84131657094133,46.898987145103696
2026-06-19 01:55:00,581.8548716439998,31.965084819513393
2026-06-19 02:00:00,445.31615448052173,50.447208612103736
2026-06-19 02:05:00 (UTC),401.2141926367759,60.72536663539884
2026-06-19 02:10:00,-793.2740384752948,40.87294086389146
corrupted_timestamp,,68.7244027357434
2026-06-19 02:20:00,587.2090195533783,53.71048005869334
2026-06-19 02:25:00,483.37579276791695,58.4435905771058
2026-06-19 02:30:00,-749.0507039817958,49.51103432657276
2026-06-19 02:35:00,439.5486139440205,41.10317800957634
2026-06-19 02:40:00,674.4495549359888,55.42550419466736
2026-06-19 02:45:00,493.8633959900087,57.59841591025102
2026-06-19 02:50:00,334.5489605087254,48.284011807071344
19/06/2026 02:55:00,548.2848745748108,52.55390013952392
2026-06-19 03:00:00,531.4762561455163,49.937445048732926
2026-06-19 03:05:00,394.867818576077,43.49756142725681
2026-06-19 03:10:00 (UTC),407.7780722865285,53.28233974214244
2026-06-19 03:15:00,497.53023569150076,42.94581652078095
2026-06-19 03:20:00,-158.82651386035866,57.63906115115755
19/06/2026 03:25:00,252.93367171205992,73.18636145585691
2026-06-19 03:30:00,605.3121452523803,60.99402136397429
2026-06-19 03:35:00,450.5502026185022,48.149310755260714
2026-06-19 03:40:00 (UTC),366.8252515601824,53.49543175748851
2026-06-19 03:45:00,594.106655145193,61.33349498663249
2026-06-19 03:50:00,497.6382020581544,49.03465240073633
2026-06-19 03:55:00,621.6165776782254,55.584137625391676
2026-06-19 04:00:00,543.7952262979755,57.17958150344185
2026-06-19 04:05:00,499.8485497051954,52.62090997898819
2026-06-19 04:10:00,484.72700550198437,51.90134094393309
,548.2712760556137,60.512101496849425
2026-06-19 04:20:00,458.646874119067,67.32762486059379
2026-06-19 04:25:00,414.74274112535005,49.10917625278942
,560.9909122654644,62.40350492691566
2026-06-19 04:35:00,485.5512158555571,35.127115215988425
2026-06-19 04:40:00,503.3567648069006,
2026-06-19 04:45:00,5348.557120770627,28.18673698180055
2026-06-19 04:50:00,,42.26389949949648
2026-06-19 04:55:00,501.5033925541791,39.642022190686106
2026-06-19 05:00:00,440.0350488549068,66.37357793533457
2026-06-19 05:05:00,543.073993398185,47.17340794264443
2026-06-19 05:10:00,7191.964048216711,49.51469103798925
2026-06-19 05:15:00,590.0775131790558,47.79737273619431
2026-06-19 05:20:00,442.08711629931236,35.53776875242825
2026-06-19 05:25:00,454.2183030409814,52.8687600058702
2026-06-19 05:30:00,579.213739914547,50.762473518052346
2026-06-19 05:35:00,525.2213003362864,41.87850678369735
2026-06-19 05:40:00,409.37818738073054,63.79771168380874
19/06/2026 05:45:00,,
2026-06-19 05:50:00,330.1549431599749,37.423226707987055
2026-06-19 05:55:00,578.4284753263752,43.13235603939972
19/06/2026 06:00:00,,54.69839922351605
2026-06-19 06:05:00,,45.35010984335853
2026-06-19 06:10:00,345.5400273094377,47.82390154773486
2026-06-19 06:15:00,615.2250651872748,39.823853608617014
corrupted_timestamp,491.8365639988756,39.92293912444199
2026-06-19 06:25:00,463.3397430161256,44.799439955387925
2026-06-19 06:30:00,518.5396656467761,51.3090855044451
19/06/2026 06:35:00,563.1900339157813,51.98000904303878
2026-06-19 06:40:00,409.55994976691306,41.83240437339833
2026-06-19 06:45:00,418.4212274831428,38.511845568655325
2026-06-19 06:50:00,564.9604865112885,37.57961552422152
2026-06-19 06:55:00,329.26570463504004,59.88884946228592
2026-06-19 07:00:00,441.57709068079146,1063.8256717438658
2026-06-19 07:05:00,804.0686954159441,54.30180107606084
2026-06-19 07:10:00 (UTC),403.1987035410719,24.33033543874164
ERR-2026-06-19 07:15:00,614.7802791759752,55.682536465533936
2026-06-19 07:20:00,441.4049231286188,61.85520635546716
2026-06-19 07:25:00,550.9045144797144,43.507656526871166
2026-06-19 07:30:00,565.4355690596217,58.797384946186405
2026-06-19 07:35:00,612.8956735182948,60.71491057993555
2026-06-19 07:40:00 (UTC),479.97461731872244,62.89107962414437
2026-06-19 07:45:00,698.8884638754853,44.14097672140473
2026-06-19 07:50:00,441.06634354148196,50.75101384287472
2026-06-19 07:55:00,523.422041359956,51.81893659776984
2026-06-19 08:00:00,524.5276932217607,63.185152979461776
2026-06-19 08:05:00,387.8031880050585,45.9040836085657
2026-06-19 08:10:00 (UTC),6191.147466887958,59.4186437663459
2026-06-19 08:15:00,516.1513499238407,52.725813841827346
2026-06-19 08:20:00,456.78789568705804,59.59979267471163
2026-06-19 08:25:00,744.0923965456535,57.581904631446164
2026-06-19 08:30:00,416.13763264004695,43.44377386709595
19/06/2026 08:35:00,617.9424468140428,52.69070187101458
19/06/2026 08:40:00,585.6459813148787,43.09520344400991
2026-06-19 08:45:00,498.61378654957286,49.768297130850215
2026-06-19 08:50:00,413.4790946147753,67.48083924471499
2026-06-19 08:55:00 (UTC),423.174467960823,45.76353748566686
,448.203270078349,43.88987346796065
,321.42587180537373,48.152223898896175
2026-06-19 09:10:00,399.65345742007094,
ERR-2026-06-19 09:15:00,351.7523484636357,56.67792956611538
2026-06-19 09:20:00,634.5875003177716,53.60222739288561
2026-06-19 09:25:00,561.8462392388219,42.03025222968152
2026-06-19 09:30:00,578.5974098865461,47.5161212488305
,558.8831951541947,64.0760456577817
2026-06-19 09:40:00,516.6967623334164,34.827827364490716
,646.0680332129137,52.586327066235306
2026-06-19 09:50:00,438.9237344268263,47.80876523313135
2026-06-19 09:55:00,,54.683209453991715
2026-06-19 10:00:00,574.7058827824123,51.35146284331646
2026-06-19 10:05:00,,34.98760740767434
2026-06-19 10:10:00,809.6588896142549,55.8850235027833
2026-06-19 10:15:00,502.8565762777586,40.24415813078082
2026-06-19 10:20:00,514.1989450575593,38.187145094277724
2026-06-19 10:25:00,625.6878031674921,2078.1598394345183
2026-06-19 10:30:00,591.4955333010224,45.888992129115735
2026-06-19 10:35:00,503.8078019396459,42.01793697946668
2026-06-19 10:40:00,513.0129438098043,46.113796479214585
2026-06-19 10:45:00,349.5851469052021,42.667092425911264
2026-06-19 10:50:00,,65.46756643590707
2026-06-19 10:55:00,551.721021615896,53.13803094390187
2026-06-19 11:00:00,,48.41630360789175
2026-06-19 11:05:00,622.1165750004087,57.5875985857604
ERR-2026-06-19 11:10:00,487.94989417766755,48.11224748508027
2026-06-19 11:15:00,361.27134865691335,47.402699158275844
2026-06-19 11:20:00,,59.3329901202222
2026-06-19 11:25:00,643.6089346182016,43.059657068857604
2026-06-19 11:30:00,589.8244572856229,39.773465745782175
2026-06-19 11:35:00,483.63663291425087,56.55927559603783
19/06/2026 11:40:00,604.4386051876579,51.6381262899129
2026-06-19 11:45:00,6859.275040986187,51.54503379567442
19/06/2026 11:50:00,511.5152314440476,
2026-06-19 11:55:00 (UTC),368.8263307754876,55.957160035376994
2026-06-19 12:00:00,441.3714950447848,36.29762321671566
2026-06-19 12:05:00,562.5476000304051,30.629196001436178
2026-06-19 12:10:00,339.5195689101937,1663.1508619920774
2026-06-19 12:15:00,516.9403074912069,2083.764746391169
19/06/2026 12:20:00,538.0336650315883,62.44598174946759
2026-06-19 12:25:00,653.5121739812652,55.479623989767234
2026-06-19 12:30:00,631.0194856054301,40.77414579372075
2026-06-19 12:35:00,586.4584791751771,40.85391199812376
2026-06-19 12:40:00,283.73209894854705,62.1047124965581
2026-06-19 12:45:00,592.1053128047926,59.054609966304824
2026-06-19 12:50:00,570.5513386060246,55.49719993588451
,525.5944377078347,59.205668320673084
2026-06-19 13:00:00,326.97778738545145,51.68743447243267
2026-06-19 13:05:00,422.322609081294,47.91819863134743
19/06/2026 13:10:00,383.31772304659336,48.39992098179791
2026-06-19 13:15:00 (UTC),298.49915604929095,56.373858367075485
2026-06-19 13:20:00,499.70848485852053,52.37132754437364
2026-06-19 13:25:00,420.217787855722,30.34536248055562
,762.5305580268912,
2026-06-19 13:35:00,483.122806056209,55.85863057220158
2026-06-19 13:40:00,629.375315586596,53.25880005503548
2026-06-19 13:45:00,343.09009753067755,64.09186350411113
2026-06-19 13:50:00,446.99104139951305,41.92432084819912
2026-06-19 13:55:00,509.68978760343145,39.338776424135396
2026-06-19 14:00:00,5211.509305362863,55.00950246790978
2026-06-19 14:05:00,457.7799315195256,42.43220184503283
2026-06-19 14:10:00,478.20490937564614,66.66509386698237
2026-06-19 14:15:00,476.6092014555106,43.067967890431795
2026-06-19 14:20:00 (UTC),685.5118573035346,
2026-06-19 14:25:00,537.822628543151,45.97162194371346
2026-06-19 14:30:00,547.9510562941304,47.027639887276855
2026-06-19 14:35:00,553.9654774345071,46.31369218821238
2026-06-19 14:40:00,561.2626377337112,47.36873924500867
2026-06-19 14:45:00,491.71130161251347,46.37696458828872
2026-06-19 14:50:00,467.92536285211537,34.44190311935348
2026-06-19 14:55:00,516.6816059518277,55.04639202727365
2026-06-19 15:00:00,615.6803948913473,45.64263625713384
2026-06-19 15:05:00,612.6238188436383,48.4699509162424
2026-06-19 15:10:00,475.96015243115886,37.85906453336405
2026-06-19 15:15:00,576.7843694668111,34.755004188133505
2026-06-19 15:20:00,480.54153369603324,49.05975146377224
2026-06-19 15:25:00 (UTC),503.38705494352445,65.54742938652244
2026-06-19 15:30:00,452.6476618445803,1654.0506766278868
2026-06-19 15:35:00,481.83548610937663,40.91364954338671
2026-06-19 15:40:00,634.133006954968,42.59961115493462
2026-06-19 15:45:00,509.24211473392364,51.70183867012786
2026-06-19 15:50:00,513.5282508552318,23.339557798019488
2026-06-19 15:55:00,355.27822207420417,44.139178894326285
2026-06-19 16:00:00,469.075609236727,52.2260722720709
2026-06-19 16:05:00,475.8685096255271,47.7016444280875
2026-06-19 16:10:00,417.0856514556595,31.007169520850905
2026-06-19 16:15:00,502.16654117035637,31.71272401053055
2026-06-19 16:20:00,457.08177097723456,35.68886189270815
2026-06-19 16:25:00,507.9995855243582,49.225275338307526
2026-06-19 16:30:00,512.1503009818935,41.640630792979294
,404.42456421773556,65.5716945263293
2026-06-19 16:40:00,460.12982175168105,36.635064859559876
2026-06-19 16:45:00,507.73742827608334,62.27970943055365
2026-06-19 16:50:00,618.4299431156726,37.96994805140283
2026-06-19 16:55:00,525.671917279574,75.15928289614419
2026-06-19 17:00:00,-532.9828819499404,56.62202745404093
2026-06-19 17:05:00,539.9004759243852,27.829096199372707
ERR-2026-06-19 17:10:00,670.7548889321761,62.169336386008254
2026-06-19 17:15:00,591.6706472589019,45.37906465170996
2026-06-19 17:20:00,554.752653043562,59.27913726320895
2026-06-19 17:25:00,,49.890379627900444
2026-06-19 17:30:00,643.9954041428631,46.44888176202136
2026-06-19 17:35:00,607.562679401766,47.46219252756147
19/06/2026 17:40:00,556.6760381117658,38.28653143158244
2026-06-19 17:45:00,606.8642219590085,45.59245381613024
2026-06-19 17:50:00,391.8348903735939,37.07714740157456
2026-06-19 17:55:00,349.77347476597186,45.27937801497282
2026-06-19 18:00:00,515.709865064383,51.95062899475797
2026-06-19 18:05:00,506.86807096505385,60.57740051879807
2026-06-19 18:10:00,445.60899464867424,64.86552021333489
2026-06-19 18:15:00,582.5852669827709,49.87545632963616
2026-06-19 18:20:00,313.7136413548764,38.74080924718086
2026-06-19 18:25:00,446.5227743942196,49.48294836404305
2026-06-19 18:30:00,,48.381794269156686
2026-06-19 18:35:00,336.36982149005405,63.177214471096164
2026-06-19 18:40:00,649.4731007269304,58.75441667283237
2026-06-19 18:45:00,364.07987313366766,52.326463567740845
2026-06-19 18:50:00,441.1659942692314,65.20703940689394
2026-06-19 18:55:00,590.7979757805134,44.93826241966966
2026-06-19 19:00:00,564.6045343428732,56.26879299733889
19/06/2026 19:05:00,389.1825303515253,44.951129382370524
,568.2489209260636,
2026-06-19 19:15:00,528.9784478658222,29.318325979048574
2026-06-19 19:20:00,733.3035562111468,51.0090011225589
2026-06-19 19:25:00,540.3940416068305,51.29166832901144
2026-06-19 19:30:00,485.8758178931468,48.630050060419016
2026-06-19 19:35:00,414.3498042880577,54.54062311448944
2026-06-19 19:40:00 (UTC),425.57566330444286,59.99534453651336
2026-06-19 19:45:00,417.42309045318416,49.82428320390959
2026-06-19 19:50:00,637.1098813911922,56.034412799091264
2026-06-19 19:55:00,501.7969915016471,53.73643810570314
2026-06-19 20:00:00,556.524712397473,60.76379094973433
2026-06-19 20:05:00,651.4247599980887,55.331480612532246
2026-06-19 20:10:00,264.1535857792535,68.22556032871336
2026-06-19 20:15:00,627.8873764700375,52.649594993492535
2026-06-19 20:20:00,505.53969117833344,40.62672372271609
2026-06-19 20:25:00,543.5048371640445,62.61793665314341
2026-06-19 20:30:00,,56.41438356870249
19/06/2026 20:35:00,424.4875601551482,54.752961531392415
2026-06-19 20:40:00,548.8845889812987,34.57094083569543
19/06/2026 20:45:00,-176.57628237203028,64.8882340655251
2026-06-19 20:50:00,600.3313312814902,60.01573243290491
2026-06-19 20:55:00,626.5522921418541,53.140356648928304
corrupted_timestamp,480.799872973858,21.5308064911053
2026-06-19 21:05:00,439.97957754143715,46.61738547065856
,,69.12629226098366
2026-06-19 21:15:00,451.17262753033117,54.77011466571145
2026-06-19 21:20:00,294.72175668294744,37.90015740711131
corrupted_timestamp,427.5080657108398,
ERR-2026-06-19 21:30:00,443.9646843940157,
2026-06-19 21:35:00,482.4641825605159,61.29223666184021
19/06/2026 21:40:00,513.1750109747292,34.91036717190407
2026-06-19 21:45:00 (UTC),-325.9398569973489,60.571031713916106
2026-06-19 21:50:00,,57.89696719845486
2026-06-19 21:55:00,,72.42267449818158
2026-06-19 22:00:00,303.66413567344796,55.32900842418477
ERR-2026-06-19 22:05:00,442.46913915982066,37.6074057778184
2026-06-19 22:10:00,402.7549362312995,49.51963223015519
2026-06-19 22:15:00,546.6066748278604,40.08547693837942
corrupted_timestamp,590.9287396693694,53.88904654565825
2026-06-19 22:25:00,593.8571067059939,67.42903723717014
2026-06-19 22:30:00,575.695273612782,41.419498693594754
corrupted_timestamp,7332.491587713466,59.31561154110829
2026-06-19 22:40:00,447.80444345241034,43.80875305264571
2026-06-19 22:45:00,425.28972463329336,34.492228542768096
2026-06-19 22:50:00,349.2501083398249,65.98676027639351
2026-06-19 22:55:00,599.1853700507858,52.327034520529885
2026-06-19 23:00:00,,54.914357661724
2026-06-19 23:05:00,375.3659706379126,58.617069780326446
19/06/2026 23:10:00,417.35086242897654,32.99247806146094
2026-06-19 23:15:00,,
2026-06-19 23:20:00,504.3024485015127,33.57336575500969
2026-06-19 23:25:00,606.7467851070686,44.766351883934306
2026-06-19 23:30:00,465.20104504044167,61.49277225309553
2026-06-19 23:35:00,274.74664852163505,54.49525341163158
2026-06-19 23:40:00,481.08196648410797,43.828991716631485
2026-06-19 23:45:00,484.38060999028045,50.24714364423055
2026-06-19 23:50:00,477.5079769064478,48.54554806528115
2026-06-19 23:55:00,437.25388335242985,53.1091080876448
20/06/2026 00:00:00,6181.5059784256455,43.74631767128106
2026-06-20 00:05:00,506.6141115149002,48.77443591104737
,497.51696858733527,51.51269399458088
2026-06-20 00:15:00,,54.25792765127133
2026-06-20 00:20:00,457.01671768521464,52.19437262303519
2026-06-20 00:25:00,451.3414330299347,33.61912230323018
2026-06-20 00:30:00,638.01232895854,37.40041399827364
2026-06-20 00:35:00,555.9355409715436,56.239877698663975
2026-06-20 00:40:00,,47.457215916544186
2026-06-20 00:45:00,622.6104585334068,45.555330708757154
2026-06-20 00:50:00,552.59441806248,47.48691568837756
2026-06-20 00:55:00,,47.47351629124048
2026-06-20 01:00:00,342.06548379297396,32.32503675273596
2026-06-20 01:05:00,520.4153871996027,67.29297670059134
2026-06-20 01:10:00,481.72815381856725,48.873133034896604
2026-06-20 01:15:00,667.7684090899809,50.14544895671505
2026-06-20 01:20:00,,50.787663387881835
2026-06-20 01:25:00,436.955480920682,59.62232943378667
2026-06-20 01:30:00 (UTC),537.2794158529206,56.836391920754004
2026-06-20 01:35:00,516.768133344924,49.251509168112264
2026-06-20 01:40:00,545.4331433152229,41.273685240056984
2026-06-20 01:45:00,398.11575306253485,
2026-06-20 01:50:00,536.0016465238225,50.56035275427096
2026-06-20 01:55:00,477.18486507117655,55.94923630196654
2026-06-20 02:00:00,528.24497640556,39.1541202599023
2026-06-20 02:05:00,427.561483487783,56.49088441988127
2026-06-20 02:10:00,441.4936828603401,35.748606125259144
2026-06-20 02:15:00,617.3842020366702,46.026755372509285
2026-06-20 02:20:00,394.8452441659839,51.32904426217315
20/06/2026 02:25:00,402.22455989579515,67.37305906735247
2026-06-20 02:30:00,494.8418742784422,56.58363330663805
2026-06-20 02:35:00,422.81096248140454,64.3740971152866
2026-06-20 02:40:00,411.4971367737201,54.60011538261731
2026-06-20 02:45:00 (UTC),510.5075971208295,38.900429500625435
2026-06-20 02:50:00,349.49341430962954,38.95730084041119
2026-06-20 02:55:00,399.2037765086362,57.61387429434548
2026-06-20 03:00:00,705.4095582923643,39.98248365716972
2026-06-20 03:05:00,545.9475058969009,34.56114720517668
ERR-2026-06-20 03:10:00,425.34366477300887,40.240104894122965
2026-06-20 03:15:00,541.8215078266197,52.681848481792706
2026-06-20 03:20:00,556.733047698663,42.06237643877494
2026-06-20 03:25:00,599.4414420090238,62.551573545761386
ERR-2026-06-20 03:30:00,487.284397054327,54.270156844843584
2026-06-20 03:35:00,,51.89171405116286
2026-06-20 03:40:00,296.1553475117827,53.87814930043519
2026-06-20 03:45:00,394.3691869524247,56.03763904020023
ERR-2026-06-20 03:50:00,516.3871401736455,56.182687654642024
2026-06-20 03:55:00,532.9633532807792,1729.6612460740694
2026-06-20 04:00:00,,62.60653546760476
2026-06-20 04:05:00,525.9419991263159,56.28088027832284
2026-06-20 04:10:00,437.61597513127396,
2026-06-20 04:15:00,472.30409057728343,57.72659461735479
2026-06-20 04:20:00,602.477380066501,36.675245614223016
,590.89374968886,58.5511020359058
2026-06-20 04:30:00,400.2939672636737,52.88028520926564
20/06/2026 04:35:00,394.27485379798964,
2026-06-20 04:40:00,458.8826604446684,69.9787919288456
2026-06-20 04:45:00,497.3253698827075,36.92906664975797
2026-06-20 04:50:00,434.2101511425259,55.740177992464055
ERR-2026-06-20 04:55:00,604.0642442799668,64.14336840198145
2026-06-20 05:00:00,534.7389841708555,23.857581112718268
2026-06-20 05:05:00,540.6085109874429,52.326200916515546
2026-06-20 05:10:00 (UTC),373.3461171055028,58.862316040771915
ERR-2026-06-20 05:15:00,616.729071738378,61.16100819131859
ERR-2026-06-20 05:20:00,217.9831177759309,1941.3171698359877
2026-06-20 05:25:00,583.405545184937,59.259292140714294
2026-06-20 05:30:00,593.4311737670771,46.640204270385425
2026-06-20 05:35:00,456.75988127220387,54.59309318737573
ERR-2026-06-20 05:40:00,627.2910217247423,70.11434224552121
2026-06-20 05:45:00,493.6902447045654,62.63600948736405
2026-06-20 05:50:00,506.2431703327443,
2026-06-20 05:55:00,533.9528787404216,60.6536164416037
2026-06-20 06:00:00,818.6574911811056,63.56290501581589
20/06/2026 06:05:00,634.4433908083004,41.202887966474094
ERR-2026-06-20 06:10:00,570.1131200712919,49.78950540261992
,408.7195513398805,47.14046270430926
2026-06-20 06:20:00,514.3589825479493,59.24490787550113
ERR-2026-06-20 06:25:00,418.68759061536133,45.90278969156687
2026-06-20 06:30:00,582.2110847282813,43.708228857575406
2026-06-20 06:35:00,514.0466975734856,60.91558883169839
2026-06-20 06:40:00,387.54783203861047,37.948372969589556
2026-06-20 06:45:00,508.1124583418503,51.855290888805946
2026-06-20 06:50:00,415.05825302836945,42.70990137208115
2026-06-20 06:55:00,515.1216221337547,60.90869389474334
ERR-2026-06-20 07:00:00,414.0922683634743,43.885446346390054
2026-06-20 07:05:00,502.74876333608125,50.36709806759104
2026-06-20 07:10:00,575.0469861935095,1211.9721509053754
2026-06-20 07:15:00,494.6948008074894,50.01805715459114
2026-06-20 07:20:00,460.9111732827611,48.23349110285921
2026-06-20 07:25:00,520.3276221057463,50.71575416990312
2026-06-20 07:30:00,569.7182620792853,63.019439523367055
2026-06-20 07:35:00,,55.98155428858061
2026-06-20 07:40:00,526.0656154705202,53.95643067439495
,631.7540819017399,42.612840425237756
2026-06-20 07:50:00,557.3656963276716,71.37049099809542
2026-06-20 07:55:00,505.7754146667228,31.61681512032265
2026-06-20 08:00:00,563.9737506698895,38.036031867030445
2026-06-20 08:05:00,545.2496456102682,
2026-06-20 08:10:00,575.3601109159814,51.90134478364372
20/06/2026 08:15:00,297.6068389017056,50.43488893685336
2026-06-20 08:20:00,344.6543866336735,42.45551196870601
2026-06-20 08:25:00,600.4829149483237,51.76163439377838
2026-06-20 08:30:00,349.47208238385593,61.58187154617732
ERR-2026-06-20 08:35:00,540.1538635719205,50.556479430515346
2026-06-20 08:40:00,464.7950343967708,37.40814851650214
2026-06-20 08:45:00,400.3810754404003,48.960803535982855
2026-06-20 08:50:00,534.9649757147473,41.82313920688571
2026-06-20 08:55:00,520.103350371657,36.02073454177359
,711.0342652096377,50.38697818211872
2026-06-20 09:05:00,437.5188795464111,40.95380749600041
2026-06-20 09:10:00,644.0110120069173,46.69195007044656
2026-06-20 09:15:00,535.2422914384315,54.22274888992352
2026-06-20 09:20:00,,53.207349210312536
20/06/2026 09:25:00,579.9246457517245,62.04985579243003
2026-06-20 09:30:00,556.5738504453951,32.79306378153713
2026-06-20 09:35:00,503.5843294858049,47.95550695969454
2026-06-20 09:40:00,526.6295356440623,60.11917442756218
2026-06-20 09:45:00,440.30129689544685,33.20512671007331
2026-06-20 09:50:00,417.42128747454933,48.29324121377964
2026-06-20 09:55:00,575.9442173822583,
20/06/2026 10:00:00,477.6060575686726,39.03351879103451
2026-06-20 10:05:00,491.9917001750907,43.23992483361516
2026-06-20 10:10:00,527.9821595944277,38.10725816338142
2026-06-20 10:15:00,526.5288344783808,2722.382253658934
2026-06-20 10:20:00,357.06735290259354,25.00359047694858
2026-06-20 10:25:00,628.6252086454858,42.346291489018256
2026-06-20 10:30:00,512.1182151900679,42.802254356810685
2026-06-20 10:35:00,479.7346737177851,59.076102005735535
2026-06-20 10:40:00,543.0846005169747,34.3807796631514
2026-06-20 10:45:00,523.6542193614863,62.96519133871848
ERR-2026-06-20 10:50:00,576.7062689489702,57.471791072354335
2026-06-20 10:55:00,553.7983672150941,60.450760567588645
,571.7846228996267,45.73141318420902
2026-06-20 11:05:00,635.0993905727516,45.80104866076058
2026-06-20 11:10:00,588.3624548970972,42.130713894158944
2026-06-20 11:15:00,483.95137796714374,
2026-06-20 11:20:00,387.7098843923167,46.48360930608413
2026-06-20 11:25:00,666.7797933004515,41.92420222183016
20/06/2026 11:30:00,476.22766266528873,46.45872636186555
2026-06-20 11:35:00,452.6892586639478,53.71134308162465
2026-06-20 11:40:00,326.32731822355606,37.36551059842927
2026-06-20 11:45:00,533.8473105312112,40.48763442238827
2026-06-20 11:50:00,514.888660395377,63.499138826025
2026-06-20 11:55:00,348.48850637505194,40.93182387598526
2026-06-20 12:00:00,545.3274042133175,64.47494188895286
2026-06-20 12:05:00,450.1808079298561,44.72841622487608
2026-06-20 12:10:00,769.0315007288693,36.44363988269748
2026-06-20 12:15:00 (UTC),443.0638807909132,63.70298269364239
ERR-2026-06-20 12:20:00,456.4806667802207,67.45283228436321
2026-06-20 12:25:00,412.5223775745632,44.19224769981075
2026-06-20 12:30:00,627.7876521041972,60.92724332030757
2026-06-20 12:35:00,462.72242055352467,51.03106013480752
,427.50858462345036,51.577280137960834
2026-06-20 12:45:00,570.6955009920542,53.13839508523037
2026-06-20 12:50:00,361.96470645868146,50.20199340338349
2026-06-20 12:55:00,562.5110546248948,51.023616112923854
2026-06-20 13:00:00,678.1399716600857,50.060735678806886
20/06/2026 13:05:00,556.6607832835089,44.23982563597277
2026-06-20 13:10:00,563.7898316259925,42.92198521909856
2026-06-20 13:15:00,587.0060216907484,38.50781850522088
2026-06-20 13:20:00 (UTC),670.9708028675518,31.147014314696527
2026-06-20 13:25:00 (UTC),620.9893960019104,49.086558187420216
2026-06-20 13:30:00 (UTC),543.9669722273023,41.5712599287683
20/06/2026 13:35:00,7737.668842546604,33.62329327924633
2026-06-20 13:40:00,411.4065074534889,41.77784850639936
2026-06-20 13:45:00,577.6293590747322,44.68748767320564
,399.44440288162525,44.504467865628634
,463.29775813683733,63.92708752082753
2026-06-20 14:00:00,191.74378248567626,44.04813805076762
2026-06-20 14:05:00,540.1429659367462,64.45607020780493
2026-06-20 14:10:00,435.61279888916476,42.48859617613517
2026-06-20 14:15:00,611.1145215204463,54.821747775513685
2026-06-20 14:20:00,539.0192610605403,
2026-06-20 14:25:00,612.4095894701625,67.15576297154342
,391.6403455327462,62.25541929539655
2026-06-20 14:35:00,603.8386037159632,57.486491360125584
2026-06-20 14:40:00,710.5856344363327,69.77558971569403
2026-06-20 14:45:00,576.4158299931894,58.700691391490096
2026-06-20 14:50:00,579.0349008692289,
2026-06-20 14:55:00,516.9597676394935,36.448580171987636
corrupted_timestamp,447.5331219434636,26.43804826183946
2026-06-20 15:05:00,576.1192372701508,37.05573433369017
ERR-2026-06-20 15:10:00,349.39170895979316,33.13557502082372
ERR-2026-06-20 15:15:00,458.22448750791835,42.00071158641839
2026-06-20 15:20:00,322.8943197662818,60.94283899158129
2026-06-20 15:25:00,429.6343622684917,39.333385667111685
2026-06-20 15:30:00,564.2045091893561,45.37565345688796
2026-06-20 15:35:00,550.5393376220463,50.56863588855205
2026-06-20 15:40:00 (UTC),505.0913695535473,50.92170081584014
ERR-2026-06-20 15:45:00,-189.8209882798326,44.06545076873898
2026-06-20 15:50:00,311.41353821357905,61.88405553435486
2026-06-20 15:55:00,462.7437719429085,50.243916196349275
2026-06-20 16:00:00,,51.707909941851455
2026-06-20 16:05:00,434.09403094854594,1642.9914900779834
2026-06-20 16:10:00,559.9578627813753,67.3702837592938
2026-06-20 16:15:00,413.949267349469,50.19112259301688
20/06/2026 16:20:00,439.5319149872589,55.464856490640926
2026-06-20 16:25:00,291.2930754290484,40.78076792084688
2026-06-20 16:30:00,470.58768196238304,29.110146059567192
2026-06-20 16:35:00,391.21624522863806,56.81615366902594
2026-06-20 16:40:00,507.92029286896434,39.42767432657633
2026-06-20 16:45:00,404.8891953257535,55.64377173610038
2026-06-20 16:50:00,,71.47711363627374
,485.5314239257657,31.239402495828855
2026-06-20 17:00:00,667.2041773042321,27.208464829542947
2026-06-20 17:05:00 (UTC),549.7217980453194,40.81556397667447
2026-06-20 17:10:00,316.0362127437697,58.101390742688054
2026-06-20 17:15:00 (UTC),373.5111155897292,62.50303295915825
2026-06-20 17:20:00,505.52080089923334,58.08685185387279
2026-06-20 17:25:00,407.0152051607349,52.8785282469322
2026-06-20 17:30:00,203.16315697641477,50.16845547790498
corrupted_timestamp,634.9546313833744,51.23701311649204
ERR-2026-06-20 17:40:00,572.0224016905407,61.83972527087293
2026-06-20 17:45:00,552.0976873491771,43.55817339850319
2026-06-20 17:50:00,439.26769545290847,50.416449615175495
2026-06-20 17:55:00,542.767677100993,38.45412249439175
ERR-2026-06-20 18:00:00,429.56396757791185,53.592052509274026
2026-06-20 18:05:00,520.4857300217691,50.18209225476243
2026-06-20 18:10:00,407.94167741635226,75.86418290153128
2026-06-20 18:15:00 (UTC),651.6288450556015,35.22148201314471
2026-06-20 18:20:00,342.97633459181554,59.3745039482738
2026-06-20 18:25:00,623.2283829510832,44.87689920408812
2026-06-20 18:30:00,503.891582801733,58.244160863228366
2026-06-20 18:35:00,451.05330046580093,57.48849342112624
2026-06-20 18:40:00,516.7002921695738,47.1061144330432
2026-06-20 18:45:00,573.3348007178181,39.684617780437904
2026-06-20 18:50:00,636.6746736694397,39.43440398143942
2026-06-20 18:55:00,531.3143023133532,51.05142200620677
2026-06-20 19:00:00,410.93039147377226,42.77044200524278
2026-06-20 19:05:00,505.56301237657885,47.69783731986484
2026-06-20 19:10:00,681.6793236662372,
2026-06-20 19:15:00,634.7678085512624,55.07884901462535
2026-06-20 19:20:00,590.8763478124358,41.07362732985045
2026-06-20 19:25:00,579.5687020122386,45.83522522819602
2026-06-20 19:30:00,569.9450090606542,1626.97951918224
ERR-2026-06-20 19:35:00,615.875483450987,51.48286549629014
2026-06-20 19:40:00,,57.555538546056816
2026-06-20 19:45:00,364.4913934224994,40.44733345633612
2026-06-20 19:50:00 (UTC),506.90035007370614,52.769227915113284
2026-06-20 19:55:00,418.2418413222309,54.31212161992056
2026-06-20 20:00:00,394.49792446228156,40.34422683987904
2026-06-20 20:05:00,427.9721423412068,50.610016276682316
2026-06-20 20:10:00,748.5313924533687,45.791540702731695
2026-06-20 20:15:00,-731.2274933014317,52.72034704963673
2026-06-20 20:20:00 (UTC),536.1907836360988,36.76921443029998
2026-06-20 20:25:00,377.76371929957463,39.504719905193596
20/06/2026 20:30:00,315.624704120737,36.06895163607748
ERR-2026-06-20 20:35:00,418.0947356881194,38.49560782012402
ERR-2026-06-20 20:40:00,643.8195585208748,43.74395804821739
2026-06-20 20:45:00,533.4275466076521,55.12982440269478
2026-06-20 20:50:00,559.8595091444392,50.92101807851459
ERR-2026-06-20 20:55:00,573.8566039202061,50.88910356863284
ERR-2026-06-20 21:00:00,440.8650620201722,40.23797175954154
2026-06-20 21:05:00,638.7965583973368,49.77508672747939
2026-06-20 21:10:00 (UTC),436.71924007778176,62.56535174933983
20/06/2026 21:15:00,640.6232359262553,
2026-06-20 21:20:00 (UTC),544.230215613534,58.10766129464547
2026-06-20 21:25:00,321.0954845753678,44.94629040104937
2026-06-20 21:30:00,425.1990513399465,45.2066285071055
2026-06-20 21:35:00,321.50614671278953,55.21428681098627
2026-06-20 21:40:00,616.3282132794209,40.61685303273811
2026-06-20 21:45:00,497.5264579197599,48.79315858988452
2026-06-20 21:50:00,277.165756005022,51.86944147338161
2026-06-20 21:55:00,537.5746881719658,46.09580620027555
2026-06-20 22:00:00,446.283573761168,41.55167597257781
2026-06-20 22:05:00,351.6194144966677,43.49769191612909
,667.7965836968697,36.22175531331594
2026-06-20 22:15:00,510.7285866096579,52.77369974472328
2026-06-20 22:20:00,470.65685976866877,58.34398360644529
2026-06-20 22:25:00,460.0575219013983,44.9501336557369
2026-06-20 22:30:00,348.67205308422274,77.37567959965028
2026-06-20 22:35:00,369.54511004158906,42.4149133025543
2026-06-20 22:40:00 (UTC),628.4916784875084,
2026-06-20 22:45:00,452.6117130214281,57.69714448456392
2026-06-20 22:50:00,502.2067700936864,56.20948847225159
2026-06-20 22:55:00,295.56695237989254,56.69903010266596
2026-06-20 23:00:00,368.19079642044943,60.71361689600548
2026-06-20 23:05:00,560.9812519874753,40.68214775351339
2026-06-20 23:10:00,537.7711760113833,53.72968172125054
2026-06-20 23:15:00,675.3375198724316,36.00713785793131
ERR-2026-06-20 23:20:00,634.2956331631226,60.65578030444382
2026-06-20 23:25:00,476.9289027515177,59.95537834928117
2026-06-20 23:30:00,547.2953564713271,60.43442106541812
2026-06-20 23:35:00,468.3396557096926,49.47289451224447
2026-06-20 23:40:00,705.4809818638648,60.27153226500257
2026-06-20 23:45:00,614.90146960524,51.67865871551516
2026-06-20 23:50:00,516.9685090857752,63.83155119126645
2026-06-20 23:55:00,520.0394784876352,46.91191803772852
2026-06-21 00:00:00,644.4850287259808,46.770549736097365
2026-06-21 00:05:00,557.9577847113848,54.27643082854472
2026-06-21 00:10:00,655.8628017070087,37.37948929709977
2026-06-21 00:15:00 (UTC),280.6352073741126,47.63372811342125
2026-06-21 00:20:00,546.1228261498799,49.49071140875831
2026-06-21 00:25:00,448.4565135318615,36.63428502821419
2026-06-21 00:30:00,675.6377987627992,50.9882671681189
21/06/2026 00:35:00,654.6398687189829,54.947047765190916
2026-06-21 00:40:00,503.2835809101307,58.363457203028474
2026-06-21 00:45:00,653.5630978811032,35.02029679108122
2026-06-21 00:50:00,678.3114519992506,60.13234234412708
2026-06-21 00:55:00,507.44066719261474,29.234591240333664
2026-06-21 01:00:00,747.1933772431858,40.93208688568819
2026-06-21 01:05:00,496.86588473302777,70.41638216633552
,478.54790496640913,51.53943447581665
2026-06-21 01:15:00,586.5872588584343,39.54738568734858
2026-06-21 01:20:00,464.6209268857686,36.37626218073156
ERR-2026-06-21 01:25:00,508.5339775794894,37.336603972324646
2026-06-21 01:30:00,640.943442405091,40.5282982563011
2026-06-21 01:35:00,501.92188522172705,59.74309560908786
2026-06-21 01:40:00,330.4982207024692,55.479038937499666
2026-06-21 01:45:00,536.7319387849196,60.6741618805642
2026-06-21 01:50:00,430.3706420947605,1291.103551052083
ERR-2026-06-21 01:55:00,5065.009499065206,30.06955105060786
,569.6189715826246,56.390240760527725
2026-06-21 02:05:00,647.1400348166522,49.35937422859741
2026-06-21 02:10:00,590.7532300792697,
2026-06-21 02:15:00,609.0244283658064,59.956924470168985
2026-06-21 02:20:00,433.09032398622867,62.98610019780856
corrupted_timestamp,580.3986495890503,67.23733652146915
2026-06-21 02:30:00,696.845128936029,39.68873472372711
2026-06-21 02:35:00,431.1350091363233,62.292618669057696
2026-06-21 02:40:00,679.9738291727098,53.89647191480248
2026-06-21 02:45:00,445.06499087986697,43.77353578686743
2026-06-21 02:50:00,414.8028754950026,62.09711814821345
2026-06-21 02:55:00,529.6200443354838,41.14998779569818
ERR-2026-06-21 03:00:00,,43.72247158838352
2026-06-21 03:05:00,591.1750123972265,59.03328703895345
2026-06-21 03:10:00,,43.847194673671204
2026-06-21 03:15:00 (UTC),543.454009725429,54.0634223137352
2026-06-21 03:20:00,431.4445428516495,
ERR-2026-06-21 03:25:00,351.10777439294236,51.7375500510973
2026-06-21 03:30:00,407.12636844672153,
2026-06-21 03:35:00,-862.7371450304126,40.41439515353839
2026-06-21 03:40:00,552.1595160352507,52.07474731634003
21/06/2026 03:45:00,615.2213663068669,44.74097431136944
2026-06-21 03:50:00,352.6793370124733,40.43694601562169
2026-06-21 03:55:00,535.1961074208056,38.86108417518807
2026-06-21 04:00:00,382.33018142290933,38.97310649199484
2026-06-21 04:05:00,562.9085409014,1023.5167988010063
2026-06-21 04:10:00 (UTC),437.7269418996252,55.742018860917696
2026-06-21 04:15:00,394.86709819767214,36.361746088151335
2026-06-21 04:20:00,579.9664515347574,50.8351093316801
2026-06-21 04:25:00,441.3077394554905,53.7475770141877
21/06/2026 04:30:00,468.4036048647302,60.00507817662656
21/06/2026 04:35:00,278.0010912443623,44.54997484329981
ERR-2026-06-21 04:40:00,594.6551361423474,51.62677446891509
2026-06-21 04:45:00,,38.44694538036597
2026-06-21 04:50:00,500.5457844281314,36.97883673288754
2026-06-21 04:55:00,8325.356293436858,53.62442454626628
2026-06-21 05:00:00,620.9369178334763,70.68619204374812
2026-06-21 05:05:00,433.37366136392086,56.60339298513332
2026-06-21 05:10:00,454.6646549899412,37.8454454315433
2026-06-21 05:15:00,731.2044056359531,38.72123235691099
2026-06-21 05:20:00 (UTC),429.636355589077,56.159239068757245
2026-06-21 05:25:00,574.22099624265,57.20774465179602
2026-06-21 05:30:00,,50.547563113233814
21/06/2026 05:35:00,539.0172192880085,47.89350728355804
2026-06-21 05:40:00,528.200054255451,55.22254783392864
2026-06-21 05:45:00,537.6388561889199,39.68613522046588
2026-06-21 05:50:00,5064.597673166464,60.27440758667738
2026-06-21 05:55:00,494.8081641223939,53.53711623370521
2026-06-21 06:00:00,651.1283124110743,
2026-06-21 06:05:00,368.7339439200722,
2026-06-21 06:10:00,602.1458104015377,84.70366830407929
2026-06-21 06:15:00,6747.469549282048,47.06492505148961
2026-06-21 06:20:00,569.8399121329401,55.63021644905317
2026-06-21 06:25:00,611.6979427640129,58.34349144265548
2026-06-21 06:30:00,490.7400604731607,51.92310571150151
2026-06-21 06:35:00,313.10259241731234,
2026-06-21 06:40:00,,42.72014509937338
ERR-2026-06-21 06:45:00,400.88057823754457,48.25352150678915
21/06/2026 06:50:00,426.8140790141936,48.57228253906834
,,62.750005440764966
2026-06-21 07:00:00,452.26551415561653,66.0012417355783
2026-06-21 07:05:00,440.33763060165506,68.11197237404882
corrupted_timestamp,262.2430170072897,46.49078118511772
2026-06-21 07:15:00,570.0221911282289,60.49566211457569
2026-06-21 07:20:00,722.0321858004882,52.792037528074125
2026-06-21 07:25:00,560.6237193496289,39.21380987870465
2026-06-21 07:30:00 (UTC),479.7076043465772,35.159266832374904
2026-06-21 07:35:00,494.5253604323784,46.772899039291524
2026-06-21 07:40:00,457.9014131986824,48.57960364181272
2026-06-21 07:45:00,,41.05826727940274
2026-06-21 07:50:00,496.2991905926766,62.3652301591533
2026-06-21 07:55:00,415.89515696017054,64.8777163771119
ERR-2026-06-21 08:00:00,668.2888388947831,48.131236720315094
,351.2845764290229,65.3053855042474
,571.8331543194246,54.25739807557588
2026-06-21 08:15:00,489.8802372682468,30.378730068546577
2026-06-21 08:20:00,690.0831815065744,29.68728916136678
2026-06-21 08:25:00,534.0864599248222,53.41042243768736
,464.0094462816752,48.457237496401326
2026-06-21 08:35:00,475.22928015655026,40.68029805508061
2026-06-21 08:40:00,503.9906694519761,54.36677535176043
2026-06-21 08:45:00,385.72093050035994,71.88601557446796
2026-06-21 08:50:00,423.31304748820884,50.712403294492916
2026-06-21 08:55:00,321.50560308081424,45.76052852707883
2026-06-21 09:00:00,407.7023101625906,42.992552025315035
2026-06-21 09:05:00,509.39064816604497,38.15331100171331
corrupted_timestamp,530.0175049284521,58.145983420885756
2026-06-21 09:15:00,302.0670305003598,45.7329978699343
2026-06-21 09:20:00,486.27882969557993,48.62636918107907
2026-06-21 09:25:00,556.3409950822132,45.911484428392185
2026-06-21 09:30:00,7361.436709374297,66.04334201246988
2026-06-21 09:35:00,436.62113542221994,35.79957133253811
2026-06-21 09:40:00,458.7838854951786,56.85645302479491
2026-06-21 09:45:00,445.9236645022778,58.70257927822584
2026-06-21 09:50:00,,42.619359835858454
2026-06-21 09:55:00,517.3823525244849,56.061229339211955
corrupted_timestamp,730.7688227735451,48.30227292495015
2026-06-21 10:05:00,425.6300083094817,58.14218713301109
2026-06-21 10:10:00,468.1857367338573,40.30778120060815
2026-06-21 10:15:00,494.83020606247686,52.69492971559239
2026-06-21 10:20:00,431.2645565641707,50.72574609886562
2026-06-21 10:25:00,609.8235803523427,55.42110300078619
2026-06-21 10:30:00,262.9114626693562,26.182409952714618
2026-06-21 10:35:00,446.8940829621324,42.81435276249236
2026-06-21 10:40:00,-601.2264860888946,
2026-06-21 10:45:00,470.5905691611366,67.51343267567137
2026-06-21 10:50:00,417.91610411497084,60.47702012269493
2026-06-21 10:55:00,544.0756754438764,54.03790994400188
2026-06-21 11:00:00,590.6343235397152,41.52455458832314
2026-06-21 11:05:00 (UTC),521.0635445215058,52.98459305259034
2026-06-21 11:10:00,419.8779640187117,55.855362769592645
2026-06-21 11:15:00,545.6203319151743,1622.6998095774884
2026-06-21 11:20:00,6614.713504677484,41.14812103983251
2026-06-21 11:25:00,574.5186881893828,46.21267370142082
2026-06-21 11:30:00,,70.10497563269635
2026-06-21 11:35:00,239.44232443114674,48.01371757052065
2026-06-21 11:40:00,511.1067473195633,54.90520497086941
2026-06-21 11:45:00,326.42660630523727,39.40722392128571
ERR-2026-06-21 11:50:00,9490.019451527753,46.57640707150069
2026-06-21 11:55:00,453.18754662038094,53.250510838344475
21/06/2026 12:00:00,574.6373241825372,46.19503287294787
2026-06-21 12:05:00,496.46831404051045,51.81359972608932
2026-06-21 12:10:00,,52.5546735136746
2026-06-21 12:15:00,407.7946952822573,50.70971312450379
2026-06-21 12:20:00,658.5679173100759,42.50427900105989
2026-06-21 12:25:00 (UTC),595.5938060178311,58.28260336374669
2026-06-21 12:30:00,694.3584087377563,51.81287654605573
2026-06-21 12:35:00,505.5453335157699,43.34378010143425
2026-06-21 12:40:00,528.7919621246,41.94613910095063
2026-06-21 12:45:00,473.2808434344712,39.695978562897494
2026-06-21 12:50:00,471.2917796884991,62.04890012338101
21/06/2026 12:55:00,395.81130675226314,42.867157582669996
2026-06-21 13:00:00,508.40101909243515,40.90052913889295
2026-06-21 13:05:00,421.0753405113803,40.109804414607886
2026-06-21 13:10:00,544.1908922164203,30.10885670464806
2026-06-21 13:15:00,517.001021898021,72.03751798496748
ERR-2026-06-21 13:20:00,528.7682043675723,50.889321714462824
2026-06-21 13:25:00,667.5129939690225,41.143803807454546
2026-06-21 13:30:00 (UTC),496.22820502344086,46.559557376818596
2026-06-21 13:35:00,575.6727002853428,37.43370588154323
2026-06-21 13:40:00,705.1509464085582,51.84417121241914
2026-06-21 13:45:00,630.6617069295048,48.48581065135407
2026-06-21 13:50:00,615.3169698454844,61.13599783752981
2026-06-21 13:55:00,469.33117844795,43.0092845315728
2026-06-21 14:00:00,522.9643055567797,53.61453729044331
2026-06-21 14:05:00,368.1723707970058,50.185501379088905
21/06/2026 14:10:00,549.8914400964414,41.431337765469124
2026-06-21 14:15:00,527.4460177613842,53.596591019916204
2026-06-21 14:20:00,502.3385125156181,49.19738911598387
2026-06-21 14:25:00,,59.955541770856634
2026-06-21 14:30:00,379.22251775756035,54.02222763229553
2026-06-21 14:35:00,663.4862851160347,45.20645728549864
2026-06-21 14:40:00,590.1764687940283,58.88958141704675
corrupted_timestamp,492.9366020348026,52.894085241448764
2026-06-21 14:50:00,485.1270412182606,44.797469245153835
2026-06-21 14:55:00,548.0611215248595,59.46639177470256
2026-06-21 15:00:00,652.085123206378,58.673906286602126
2026-06-21 15:05:00,510.16077186900105,40.960450968840625
,514.4030901979227,42.72353157746102
2026-06-21 15:15:00,501.81184776258715,51.2402406456108
2026-06-21 15:20:00,678.2024112701472,46.4631713067577
2026-06-21 15:25:00,463.1116897062976,46.77038950767138
2026-06-21 15:30:00,5065.866093585979,42.0553800145283
,646.3435654260994,51.72220453800731
2026-06-21 15:40:00,514.7010833612864,
2026-06-21 15:45:00,613.7058860045522,35.681185349814484
ERR-2026-06-21 15:50:00,408.8719943097042,
2026-06-21 15:55:00 (UTC),479.47074783714856,
2026-06-21 16:00:00,648.4434038440229,52.76966082844279
2026-06-21 16:05:00,432.36602842364545,55.71574358535113
,484.87009602302925,57.234390643737896
2026-06-21 16:15:00,525.6685230891478,46.297664698743
2026-06-21 16:20:00,9519.006640240013,55.352353472373665
2026-06-21 16:25:00,458.6189881378103,34.99637057695463
2026-06-21 16:30:00,511.26366818256406,63.321011394119964
2026-06-21 16:35:00,504.6681734161961,43.05257771142077
2026-06-21 16:40:00,628.0352020837136,36.52674889908623
2026-06-21 16:45:00,654.1457194832253,43.11082535114254
2026-06-21 16:50:00,414.39151279990887,64.4643166364391
2026-06-21 16:55:00,511.12685191674893,56.34984405634528
2026-06-21 17:00:00,567.4248308424766,67.90425623364041
2026-06-21 17:05:00,651.6347465799197,53.01017130352459
2026-06-21 17:10:00,7328.035584803742,
21/06/2026 17:15:00,529.0913401592331,46.4181267701899
2026-06-21 17:20:00,566.6542531982631,36.927708832928076
2026-06-21 17:25:00,567.376883433626,53.65915164351632
2026-06-21 17:30:00,407.22857077156317,50.74427116610737
corrupted_timestamp,519.2798792506269,55.0033894228041
2026-06-21 17:40:00,645.9160994188692,58.32267356245209
2026-06-21 17:45:00,479.26432313059956,54.0228778116002
2026-06-21 17:50:00,512.9446642547445,49.05053844757976
2026-06-21 17:55:00,475.7483550473978,49.5094967050457
,268.6140504393125,2506.205446117174
ERR-2026-06-21 18:05:00,502.0590177234679,35.36647688563782
2026-06-21 18:10:00,530.1791930652872,42.97993945017651
2026-06-21 18:15:00,448.7506609119098,70.9886018064988
2026-06-21 18:20:00,384.5363051115272,45.22908090769473
,411.9393540218351,56.77563780310863
2026-06-21 18:30:00,576.4187616135564,46.06129572970271
,697.2524773046905,47.955449064037445
ERR-2026-06-21 18:40:00,638.2433340905433,28.282102220700544
,365.5653995169448,56.23728642064855
2026-06-21 18:50:00,585.4627310550703,44.63043441403317
2026-06-21 18:55:00,433.683762419071,29.684834844128687
2026-06-21 19:00:00,441.7732937491223,35.95688205283083
2026-06-21 19:05:00,453.8024402028716,51.091456848121226
,570.6066949855431,43.126855056169916
2026-06-21 19:15:00,595.9253376449038,41.87396990637096
2026-06-21 19:20:00,490.1968928720212,45.67774685597824
2026-06-21 19:25:00,8852.495822269546,18.664695300611985
21/06/2026 19:30:00,546.4263743235794,33.85166206361413
2026-06-21 19:35:00,556.7994539524242,56.40214749703747
2026-06-21 19:40:00,617.6225706758529,
2026-06-21 19:45:00,371.5628024490801,55.59938674173108
2026-06-21 19:50:00,502.002733980403,56.078789627347774
ERR-2026-06-21 19:55:00,393.19756241088226,54.37510592515302
2026-06-21 20:00:00,494.9057720936597,64.38401618545636
2026-06-21 20:05:00 (UTC),,56.01325521964173
2026-06-21 20:10:00,495.32505460972976,50.36713014791986
2026-06-21 20:15:00,420.02571118894684,65.40090543284202
2026-06-21 20:20:00 (UTC),351.27102067925716,55.34810747705616
2026-06-21 20:25:00,290.5562473285097,55.73838212401958
2026-06-21 20:30:00,486.881984573516,44.98805592164046
21/06/2026 20:35:00,456.89988941670606,50.31787805819209
2026-06-21 20:40:00,432.4062335196173,38.59630272165765
2026-06-21 20:45:00,632.2548462831661,34.855609941244566
2026-06-21 20:50:00,414.0561813204689,32.817956510459595
2026-06-21 20:55:00,641.6834082138803,47.79231710658072
2026-06-21 21:00:00,662.3843744269257,63.68417399582974
2026-06-21 21:05:00,-788.8195879323262,54.34699554222888
2026-06-21 21:10:00,509.23814589989695,58.67378603795382
2026-06-21 21:15:00,460.03035091640095,41.34059150384147
ERR-2026-06-21 21:20:00,208.81960552827343,53.02347796230708
2026-06-21 21:25:00,355.5358746931586,70.32938592746133
2026-06-21 21:30:00,577.4936107108474,57.98816051925772
21/06/2026 21:35:00,701.9199252711264,46.25940964402577
2026-06-21 21:40:00,590.2678142699249,33.065611814878935
2026-06-21 21:45:00,532.3632472512977,36.86668780362318
2026-06-21 21:50:00,497.86676183689127,56.56622138249175
21/06/2026 21:55:00,668.2662914648114,52.208428250807856
21/06/2026 22:00:00,714.823920195764,
2026-06-21 22:05:00,441.3157320475814,50.64693624487105
2026-06-21 22:10:00,300.0013439689709,1533.1792062716631
ERR-2026-06-21 22:15:00,290.18125367287985,47.723601385674655
2026-06-21 22:20:00,632.1880992159802,50.42554489545614
ERR-2026-06-21 22:25:00,495.29414592256137,46.14955330065628
2026-06-21 22:30:00,518.3241910458719,49.96809734087211
2026-06-21 22:35:00,320.9349007043287,53.72904775520815
2026-06-21 22:40:00,,29.73661740200366
2026-06-21 22:45:00,470.4519186099218,
2026-06-21 22:50:00,520.783838336407,62.620481059040046
2026-06-21 22:55:00,460.1407961086241,66.12527393776949
2026-06-21 23:00:00,396.26738016986576,37.23554823075025
2026-06-21 23:05:00,421.5433007397477,37.25308497356389
ERR-2026-06-21 23:10:00,620.8323285947233,57.63534256560401
2026-06-21 23:15:00,524.4784619603499,70.26955557613968
2026-06-21 23:20:00,561.2156806955552,
ERR-2026-06-21 23:25:00,410.11261891226707,51.08824078218787
2026-06-21 23:30:00,-881.6673435582438,42.91284048882153
2026-06-21 23:35:00 (UTC),447.6895693115504,60.12760809318411
2026-06-21 23:40:00,413.3429445574503,46.97226664983642
2026-06-21 23:45:00,534.9012268628079,65.69877366936787
ERR-2026-06-21 23:50:00,828.5723713681841,53.60644592713203
2026-06-21 23:55:00,569.5166017618255,52.590344486572654
2026-06-22 00:00:00,773.5960159383488,41.77749198492436
2026-06-22 00:05:00,556.8769695339448,42.13282394925443
2026-06-22 00:10:00,5459.2865700102675,43.82065934865495
2026-06-22 00:15:00,534.7916078120884,49.07164974403683
2026-06-22 00:20:00,678.0638599477709,61.05224545300264
2026-06-22 00:25:00,682.9562596321239,58.218813397067336
2026-06-22 00:30:00,442.4662631956921,45.301486572447224
2026-06-22 00:35:00,525.3183695699299,29.0795192138552
2026-06-22 00:40:00,357.0733120328855,42.75116137478557
2026-06-22 00:45:00,582.4668624691429,51.53606240652274
2026-06-22 00:50:00,655.3354699055894,52.316407217864565
2026-06-22 00:55:00,503.9799454116016,68.33035607258537
2026-06-22 01:00:00,,64.30645057868486
2026-06-22 01:05:00,536.0130951277563,57.94240086701251
2026-06-22 01:10:00,541.7459031363167,
2026-06-22 01:15:00,508.11438318496204,52.81749733138405
2026-06-22 01:20:00,517.8715124335953,55.13186314139252
2026-06-22 01:25:00,482.6185149530629,63.178272648752554
2026-06-22 01:30:00,599.5954928226406,40.10922780901716
2026-06-22 01:35:00,573.6227445165127,58.9113326149048
ERR-2026-06-22 01:40:00,401.6896852855851,55.95643757282337
2026-06-22 01:45:00,398.9409396841405,44.91155880997231
2026-06-22 01:50:00,474.5625582973438,63.03719653700884
2026-06-22 01:55:00,573.683712410518,31.03410880541722
2026-06-22 02:00:00 (UTC),514.8057413890815,71.72963926678247
2026-06-22 02:05:00,435.6849589877345,63.1641755559872
2026-06-22 02:10:00,526.151859672583,48.05918746026282
,466.9189480477728,45.7701476015322
2026-06-22 02:20:00,588.0486460224131,49.655921130740865
2026-06-22 02:25:00,533.3058435067047,42.48123898249583
2026-06-22 02:30:00,468.4721812547856,47.73726407520877
2026-06-22 02:35:00,523.1518772046461,58.20981587421966
2026-06-22 02:40:00,,42.91774418173363
2026-06-22 02:45:00,443.03699234536225,59.40233691479957
2026-06-22 02:50:00,,47.52991261617993
2026-06-22 02:55:00,492.9539659534004,60.932193485865795
2026-06-22 03:00:00,542.69836838621,63.62813413130268
2026-06-22 03:05:00,434.543505840427,40.0085050099005
2026-06-22 03:10:00,511.0335433159376,28.901053091914125
corrupted_timestamp,610.78232824168,51.65456906210764
2026-06-22 03:20:00,406.29930187538923,52.56487373011601
,367.0594896674918,37.76824535410064
2026-06-22 03:30:00,370.8544435513036,66.67909113835924
2026-06-22 03:35:00,,46.37876029378705
2026-06-22 03:40:00,559.5323287892664,56.39600761602389
2026-06-22 03:45:00,359.4140314134535,42.67192931143784
corrupted_timestamp,470.2104655256469,35.070054555835036
2026-06-22 03:55:00,561.8289303310708,61.676996400572435
22/06/2026 04:00:00,,40.74050164297229
2026-06-22 04:05:00,461.4441020037515,57.85742859110202
2026-06-22 04:10:00 (UTC),519.0923731755106,41.724641398241054
2026-06-22 04:15:00,510.71453297375683,47.80054856050847
2026-06-22 04:20:00,477.5759044451814,48.409258261487
2026-06-22 04:25:00,478.916528134542,49.73877151381045
2026-06-22 04:30:00,5845.366410823607,43.57500195291567
2026-06-22 04:35:00,580.93109039313,57.19758162636362
ERR-2026-06-22 04:40:00,748.0650917512143,59.4269283364676
2026-06-22 04:45:00 (UTC),450.30368670794985,62.21391993728214
2026-06-22 04:50:00,491.50334031118524,
22/06/2026 04:55:00,366.78742347233526,38.811241651335834
2026-06-22 05:00:00 (UTC),419.0433197910428,52.13810147635154
2026-06-22 05:05:00,690.1913148662501,53.705398385189795
2026-06-22 05:10:00,447.7965710158244,53.763123069499635
2026-06-22 05:15:00,691.928130014446,65.33552811896658
2026-06-22 05:20:00,375.66377393201094,51.10775719108682
2026-06-22 05:25:00,394.65309659267234,70.98511191533376
2026-06-22 05:30:00,465.8768778976579,58.795609130472485
2026-06-22 05:35:00,493.6250078320822,
2026-06-22 05:40:00,592.308729245013,50.875453829712775
2026-06-22 05:45:00,545.0770417186266,46.884713250936215
2026-06-22 05:50:00,458.36847426559723,43.896508488101574
2026-06-22 05:55:00,486.6684193481894,51.8311836268734
22/06/2026 06:00:00,468.09370802153,58.76018617915223
ERR-2026-06-22 06:05:00,408.534626467427,48.03134851044195
,411.2037063398378,46.293699473789566
2026-06-22 06:15:00,602.788389143341,39.68907989972925
2026-06-22 06:20:00,317.18350720728597,55.12035935693102
2026-06-22 06:25:00,661.7358697445054,
2026-06-22 06:30:00,465.7005774397768,53.97969247045249
2026-06-22 06:35:00,422.749139360784,52.832537830973536
2026-06-22 06:40:00 (UTC),573.9759290697269,48.61089764443781
2026-06-22 06:45:00,648.5216584147117,62.052742251303954
2026-06-22 06:50:00,611.7632441603957,65.90060768849759
2026-06-22 06:55:00,550.1852049359891,28.935206518892915
2026-06-22 07:00:00,608.6863489721836,35.129536802050275
22/06/2026 07:05:00,328.3502422856134,55.84669110256783
,447.81694585118515,66.93196789609058
ERR-2026-06-22 07:15:00,408.88299399751554,36.38314806335791
2026-06-22 07:20:00,,54.21495750320425
2026-06-22 07:25:00,461.6521981076113,32.54514678282732
2026-06-22 07:30:00,-552.7941745943112,31.47033655675774
2026-06-22 07:35:00,,70.68563884282553
2026-06-22 07:40:00,413.7693063836319,53.88810917058487
2026-06-22 07:45:00,441.30417900237154,34.62341217667448
ERR-2026-06-22 07:50:00,629.3817690814726,47.84104551029754
2026-06-22 07:55:00,-894.4057505207625,42.19111246415711
2026-06-22 08:00:00,512.4867610195479,
2026-06-22 08:05:00 (UTC),421.7458713673555,46.86662474669731
2026-06-22 08:10:00,468.6047813084139,52.11148420583045
2026-06-22 08:15:00,495.3838056030028,54.49328493915828
2026-06-22 08:20:00,421.7133489702509,43.13812525915444
2026-06-22 08:25:00,403.95530460161183,42.62887916658905
2026-06-22 08:30:00,528.6273336777442,54.04352912165188
2026-06-22 08:35:00,415.5262591208824,43.491939825853684
22/06/2026 08:40:00,6437.033657093689,43.41611500161279
22/06/2026 08:45:00,406.09468562980294,51.056337054648296
2026-06-22 08:50:00 (UTC),492.2091953668682,50.30561664340392
,594.3701634399841,45.55791453069642
2026-06-22 09:00:00,,60.523074102066424
2026-06-22 09:05:00,427.4081914006222,54.938693903156135
ERR-2026-06-22 09:10:00,715.0310793331212,70.18091808303174
2026-06-22 09:15:00,399.5295139293204,47.516166381674296
2026-06-22 09:20:00 (UTC),608.354852332787,1236.7767917462252
2026-06-22 09:25:00,427.83035459845576,64.57703578383112
2026-06-22 09:30:00,412.907673012999,41.06947178976318
2026-06-22 09:35:00,425.5243843215611,46.41464077077237
2026-06-22 09:40:00,494.75523003508806,62.262557376794746
2026-06-22 09:45:00,557.997217103361,56.733251084517825
2026-06-22 09:50:00,566.9868037904822,49.771347337607665
2026-06-22 09:55:00,405.6014984652112,
22/06/2026 10:00:00,401.03407124887315,37.0206186424718
ERR-2026-06-22 10:05:00,408.3361306636453,45.46821177463268
22/06/2026 10:10:00,488.8645597614489,41.97189245226605
2026-06-22 10:15:00,478.9844395809125,1233.6768539345155
22/06/2026 10:20:00,404.9824537930205,31.67090689530504
2026-06-22 10:25:00,526.9603694063244,36.4346530414829
2026-06-22 10:30:00,726.2568808335318,41.189131746477145
2026-06-22 10:35:00,449.52845381648484,51.17348627384478
2026-06-22 10:40:00,456.6488178796467,46.55974879989581
2026-06-22 10:45:00 (UTC),555.9661570324369,50.58458491870066
2026-06-22 10:50:00 (UTC),444.11837082632053,50.149855729074204
2026-06-22 10:55:00,566.8964481718183,32.99415841830428
2026-06-22 11:00:00,428.145729322096,60.63726452368025
corrupted_timestamp,683.2119607577301,2422.2432143078013
ERR-2026-06-22 11:10:00,534.4774972592295,50.42732974600435
2026-06-22 11:15:00,437.99770509232883,44.70565641700574
,441.1308300530726,63.60141092677114
2026-06-22 11:25:00,448.62002472919653,39.84208768858458
2026-06-22 11:30:00,,59.791133995562376
2026-06-22 11:35:00,373.12489923987164,41.31376253934254
ERR-2026-06-22 11:40:00,433.2058329540495,63.163539024039046
ERR-2026-06-22 11:45:00,443.8339443074574,54.6459365878556
2026-06-22 11:50:00,498.4312033243062,58.951225565164656
2026-06-22 11:55:00,472.88903073532055,52.12072571973171
2026-06-22 12:00:00,350.8772168609537,54.469628348807966
2026-06-22 12:05:00,460.01773164045323,50.312189605043436
2026-06-22 12:10:00,490.04493168150316,39.83472260702801
2026-06-22 12:15:00 (UTC),437.19021649202165,60.941473193109644
2026-06-22 12:20:00,568.6775489047665,47.34062870539631
2026-06-22 12:25:00,591.9408428753648,50.97551231305209
corrupted_timestamp,492.1613300270607,
22/06/2026 12:35:00,523.0541586850729,48.2258179628878
2026-06-22 12:40:00,283.89440026507293,53.97122017474261
2026-06-22 12:45:00,457.8897227838168,67.25845612749485
2026-06-22 12:50:00,600.4821691757912,49.35126831602261
2026-06-22 12:55:00,457.65634168207225,46.574837301731534
22/06/2026 13:00:00,426.2738323608039,43.410191867624135
2026-06-22 13:05:00,727.768892603093,43.65742795560995
2026-06-22 13:10:00,681.9077190195806,67.85708990067629
2026-06-22 13:15:00,546.7574912482157,39.352806827567136
2026-06-22 13:20:00,613.8910611480047,45.85628541503353
22/06/2026 13:25:00,277.40645820419223,64.2347958243455
2026-06-22 13:30:00,421.24485593712933,61.526718508091925
ERR-2026-06-22 13:35:00,453.00421268268485,73.1608304670355
2026-06-22 13:40:00,476.4019901133054,60.72876695191463
2026-06-22 13:45:00,451.00559790260377,2594.030018471641
2026-06-22 13:50:00,244.99737084836534,56.197617682389094
2026-06-22 13:55:00,538.602461870856,39.88349204724351
2026-06-22 14:00:00 (UTC),554.3654128280607,48.996792262082664
2026-06-22 14:05:00,660.1898791589981,40.34607962912088
2026-06-22 14:10:00,421.16907352250365,
2026-06-22 14:15:00 (UTC),412.9836842220098,35.31369124700184
2026-06-22 14:20:00,232.0015514035531,47.54183680122235
2026-06-22 14:25:00,470.6433163409114,39.5014231950496
2026-06-22 14:30:00 (UTC),590.1111781062172,60.08646724623233
2026-06-22 14:35:00,438.82321378072805,51.69959870935528
ERR-2026-06-22 14:40:00,714.3444818543649,49.70242898925323
2026-06-22 14:45:00,474.34051642104765,38.18554231374342
ERR-2026-06-22 14:50:00,514.6992284288556,64.261003607954
2026-06-22 14:55:00,363.6896919418406,40.71033149767156
2026-06-22 15:00:00,528.722034517528,45.94990828659908
2026-06-22 15:05:00,302.0680205147305,49.95730321047844
2026-06-22 15:10:00,,55.37157012043213
2026-06-22 15:15:00,,47.11767857010164
2026-06-22 15:20:00,635.929142433651,64.36900823697887
2026-06-22 15:25:00 (UTC),398.00312812323114,50.55502977344182
2026-06-22 15:30:00,516.0562118297419,66.66203986488618
2026-06-22 15:35:00,556.3816559386504,40.80067398804291
2026-06-22 15:40:00,544.228163833031,55.2806087237202
2026-06-22 15:45:00,413.4700724865149,42.61049188085792
2026-06-22 15:50:00,260.801811044386,48.43873361208358
2026-06-22 15:55:00,534.6960296884481,36.676728264061595
2026-06-22 16:00:00,484.7500321690081,
22/06/2026 16:05:00,443.33294070385597,
2026-06-22 16:10:00,576.3945363715466,
2026-06-22 16:15:00,8303.371259226618,59.61673961545163
2026-06-22 16:20:00,368.08049472322006,77.45835945406745
2026-06-22 16:25:00,306.8547710903779,52.115307948217676
2026-06-22 16:30:00 (UTC),387.1036734866835,2265.6400553094636
2026-06-22 16:35:00,739.3012294766786,49.90140450856325
2026-06-22 16:40:00,572.2776773932773,56.10270115805612
22/06/2026 16:45:00,,58.234672586925214
2026-06-22 16:50:00,481.83390728141956,31.87046335191028
2026-06-22 16:55:00 (UTC),475.26070600525645,48.87294457387292
2026-06-22 17:00:00,616.7195983359095,
,450.94042580965686,49.75008134778071
2026-06-22 17:10:00,557.6920410684293,42.82117146306946
2026-06-22 17:15:00,465.1572049708406,
2026-06-22 17:20:00,694.0156631835063,53.568977941579334
2026-06-22 17:25:00,574.2288507578304,39.9537316946771
2026-06-22 17:30:00,624.5556814683625,50.37530514279671
corrupted_timestamp,441.55902253117614,47.51693401637651
ERR-2026-06-22 17:40:00,605.8136112567422,62.05485394730164
2026-06-22 17:45:00,468.74225746053094,55.786667812481596
2026-06-22 17:50:00 (UTC),511.0034823932849,1346.9678407036054
2026-06-22 17:55:00,663.5047670619458,59.77845818996289
2026-06-22 18:00:00,395.7224943243581,
2026-06-22 18:05:00,520.32477313054,
2026-06-22 18:10:00,543.8005258518726,40.76267299861933
22/06/2026 18:15:00,552.000438080081,52.02218168391282
2026-06-22 18:20:00,454.9215506906535,59.447098594186954
2026-06-22 18:25:00,708.6264100808081,47.59387219977927
2026-06-22 18:30:00,370.506811465974,65.8043993766227
2026-06-22 18:35:00,645.8885388632469,59.03066165684259
22/06/2026 18:40:00,621.5065605591639,41.65593483460651
2026-06-22 18:45:00,690.0888789603684,52.61433032225268
2026-06-22 18:50:00,341.177290129218,36.233536744470676
2026-06-22 18:55:00,413.116851211029,40.33727294849215
2026-06-22 19:00:00,649.194305916164,32.59724185034571
2026-06-22 19:05:00,312.29608453696915,33.93940094996671
2026-06-22 19:10:00,339.35410989595863,47.036945839447746
2026-06-22 19:15:00 (UTC),451.1692213288508,48.10163704106086
2026-06-22 19:20:00,519.1993788622268,
2026-06-22 19:25:00,659.2225073648775,41.03528992763266
2026-06-22 19:30:00,481.4734085069642,58.33748461482961
2026-06-22 19:35:00,439.1760851935461,47.86277884314917
corrupted_timestamp,531.1389937696428,53.10215720415068
2026-06-22 19:45:00,546.9596483294401,17.781187013740805
2026-06-22 19:50:00,544.1239822170271,50.030158334453425
2026-06-22 19:55:00,482.2013792048655,57.871545392251065
2026-06-22 20:00:00,304.49138860818505,27.236512932561276
2026-06-22 20:05:00,408.2384010893668,50.32971136409
ERR-2026-06-22 20:10:00,642.0271085267462,42.10894897853058
2026-06-22 20:15:00,518.70689379766,65.40628004731603
2026-06-22 20:20:00,467.7477880892943,37.128352297629725
2026-06-22 20:25:00,611.8168548373975,71.61124018793215
2026-06-22 20:30:00,386.98833676310517,62.92270555382967
2026-06-22 20:35:00,477.46518662869926,51.13587267913142
2026-06-22 20:40:00,513.7758405174037,35.64424431030382
22/06/2026 20:45:00,455.8622496705371,45.41190870068786
2026-06-22 20:50:00,510.0762822901599,
2026-06-22 20:55:00,-244.07660201858596,51.10292177843939
2026-06-22 21:00:00,360.0656952214125,39.01507446003669
2026-06-22 21:05:00,518.1477881879056,
2026-06-22 21:10:00,367.16482084871325,49.03961406168381
2026-06-22 21:15:00,516.5615125096722,52.827085484143225
2026-06-22 21:20:00,637.413582415011,59.94790358386571
2026-06-22 21:25:00,471.89768027239455,58.82247459155229
2026-06-22 21:30:00,,60.800110259472746
2026-06-22 21:35:00,487.30121867950197,56.986236090257385
2026-06-22 21:40:00,416.80288919214684,43.30355372084286
2026-06-22 21:45:00,559.450900263147,49.576978935200074
2026-06-22 21:50:00,485.20112524771463,63.495680662954385
2026-06-22 21:55:00,670.9763251664574,36.51074785506744
2026-06-22 22:00:00,616.2989595677338,38.71980189106176
2026-06-22 22:05:00,484.69194955185975,55.41227783847536
2026-06-22 22:10:00,571.560906797309,49.0977058357971
2026-06-22 22:15:00,460.67635908371545,33.24580731888502
2026-06-22 22:20:00,,56.989607134501
2026-06-22 22:25:00,,54.52921296053626
2026-06-22 22:30:00,576.6455959849709,76.34357422933456
,643.2988276709578,51.93760466553231
2026-06-22 22:40:00,579.8648207191143,
2026-06-22 22:45:00,592.1936601285356,59.836115136282444
2026-06-22 22:50:00,592.3033437235729,31.18055161589379
2026-06-22 22:55:00,555.125592233471,50.3058748340806
22/06/2026 23:00:00,386.0713840789732,49.357664551528025
2026-06-22 23:05:00 (UTC),670.0971519416499,49.1094819300828
2026-06-22 23:10:00,680.4410826698424,41.357498915423974
2026-06-22 23:15:00,476.61203966866316,58.01897465555021
2026-06-22 23:20:00,462.9302084783818,46.558018627467696
22/06/2026 23:25:00,561.2411652915375,2891.9737075865223
,555.0812835183505,2779.733698844642
2026-06-22 23:35:00,479.8053931246981,47.61194321053559
2026-06-22 23:40:00,374.9974344412396,43.934153522379994
2026-06-22 23:45:00,,44.416277329209805
2026-06-22 23:50:00,555.1436538175545,50.269523051976506
2026-06-22 23:55:00,572.5821148038797,53.22201746989505
2026-06-23 00:00:00 (UTC),,
2026-06-23 00:05:00 (UTC),472.88848516380904,45.85027553769967
2026-06-23 00:10:00,599.4002039506278,52.85213005761439
2026-06-23 00:15:00,-407.85924325323765,60.33106853860869
2026-06-23 00:20:00,453.5076985635279,52.43258283543542
2026-06-23 00:25:00,481.9346617954279,49.72115317763417
2026-06-23 00:30:00,325.4030967525018,52.371375769876096
2026-06-23 00:35:00,481.7758175821461,32.04101348592238
2026-06-23 00:40:00,568.8436519874668,47.68219472097637
23/06/2026 00:45:00,533.978302213923,37.43341580861775
2026-06-23 00:50:00,652.0664172981186,44.54777741542799
2026-06-23 00:55:00,,40.851277580471915
2026-06-23 01:00:00,548.7313163053316,40.71551457210487
2026-06-23 01:05:00,579.2740176305772,40.149292613596124
,734.2857008287408,73.25338853079447
2026-06-23 01:15:00,514.476549111764,49.43533818910756
,395.5812821135977,62.0440239405621
2026-06-23 01:25:00,584.7928753355282,57.60654740106895
2026-06-23 01:30:00,9954.825318212716,56.88455597724017
2026-06-23 01:35:00,467.74512897733786,55.43780910101873
2026-06-23 01:40:00,584.1081538606416,70.8596769222844
2026-06-23 01:45:00,622.872805522892,
2026-06-23 01:50:00,601.7065543970153,32.195780759200076
2026-06-23 01:55:00,512.5558522473578,48.25800914745841
23/06/2026 02:00:00,430.1526241786854,39.537146156555636
2026-06-23 02:05:00,491.87204519864144,35.99997158896818
2026-06-23 02:10:00,545.8600453877631,54.31649503162927
2026-06-23 02:15:00,590.822252409173,29.25693136924163
2026-06-23 02:20:00,533.3945047999039,51.08645077730259
2026-06-23 02:25:00,462.0092033459423,33.52458612399252
2026-06-23 02:30:00,555.5379656149769,48.24562959858182
2026-06-23 02:35:00 (UTC),586.0085067742821,57.765537742670304
2026-06-23 02:40:00,537.9610056414481,43.469969103945
2026-06-23 02:45:00,416.3812885461675,38.17368924688982
2026-06-23 02:50:00,481.859396528281,46.59429846303661
2026-06-23 02:55:00,594.7820776412467,56.192924306076605
2026-06-23 03:00:00,361.6982191255526,53.03420365551716
2026-06-23 03:05:00,290.6821977608841,49.28348006643782
corrupted_timestamp,650.808285014402,
,551.141525502188,45.930483354000046
2026-06-23 03:20:00,560.6730002520106,56.896774367771414
2026-06-23 03:25:00,392.3183026372944,48.662797449241616
2026-06-23 03:30:00,573.7528063466538,52.4203211964343
2026-06-23 03:35:00,527.5248687568364,46.3983155831567
2026-06-23 03:40:00,341.56724221516026,38.698500768991416
2026-06-23 03:45:00,642.4283414273857,70.02583305529936
,515.868332361873,57.8415675047696
2026-06-23 03:55:00,460.39160339207314,52.77301893441145
2026-06-23 04:00:00,462.2010254014782,48.35607828324312
2026-06-23 04:05:00,298.4778094567623,1782.0940274340228
2026-06-23 04:10:00,,42.0350413902645
2026-06-23 04:15:00,526.1857207245725,56.698113361799656
2026-06-23 04:20:00,480.5919867666905,50.37798181952526
2026-06-23 04:25:00,,47.37489590087539
23/06/2026 04:30:00,361.6140981004154,47.22543935142548
2026-06-23 04:35:00,440.32275236323846,63.058331669385225
2026-06-23 04:40:00,414.9991745239614,31.287498610152277
2026-06-23 04:45:00,472.1205020228447,66.65172971084024
2026-06-23 04:50:00,506.7470025257223,60.23812655867537
2026-06-23 04:55:00,543.0013523811355,50.3739383182565
2026-06-23 05:00:00,465.3026546894883,47.62914242452408
2026-06-23 05:05:00,412.26442648451064,49.8947733634418
2026-06-23 05:10:00,668.6006949770444,54.846178581802434
2026-06-23 05:15:00,741.1640191788568,62.3441461637181
2026-06-23 05:20:00,514.3286671882025,54.83896553746847
2026-06-23 05:25:00,424.32196329791327,52.77960852370557
corrupted_timestamp,647.5454131042294,50.2646812592154
2026-06-23 05:35:00,355.3242893671535,31.567903461975334
23/06/2026 05:40:00,466.52266752951726,33.39987181980794
2026-06-23 05:45:00,430.38829486536986,61.00351121560004
2026-06-23 05:50:00,384.04644495495114,54.723505508763566
2026-06-23 05:55:00,,58.27393687205958
2026-06-23 06:00:00,413.58279208260353,58.090182247210166
2026-06-23 06:05:00,501.26544641486544,56.13073159241092
,502.7177167672464,58.68821642409236
2026-06-23 06:15:00,437.8668276478021,41.44356914170407
2026-06-23 06:20:00,462.94866434061305,55.663209036543634
2026-06-23 06:25:00,476.91510320962897,
2026-06-23 06:30:00 (UTC),580.9846061119426,63.23003438075895
2026-06-23 06:35:00,485.15705989358145,13.80457901996295
2026-06-23 06:40:00,582.4701740786097,73.89902573023747
2026-06-23 06:45:00,558.5812983554656,58.47500865961446
2026-06-23 06:50:00,557.1530696900742,52.562433796107115
2026-06-23 06:55:00,638.7845970345974,40.47329468742337
2026-06-23 07:00:00,388.06091202540904,47.083364892448564
2026-06-23 07:05:00,452.6816893692886,53.468650933097734
23/06/2026 07:10:00,676.3298800299569,66.70414520684336
2026-06-23 07:15:00,474.26834994107327,65.2568000449908
2026-06-23 07:20:00,218.48763100941505,
2026-06-23 07:25:00 (UTC),479.70316568521145,57.30709508794631
2026-06-23 07:30:00,513.493953016325,51.98847333473123
2026-06-23 07:35:00,238.2886882568789,39.840875363006745
2026-06-23 07:40:00,633.3935639887948,42.173080708735704
2026-06-23 07:45:00,428.6287536134398,59.64601962042813
2026-06-23 07:50:00,532.8563115187516,57.06684817825295
2026-06-23 07:55:00,477.4018454655938,43.83646476232076
2026-06-23 08:00:00,371.1648580795959,42.436957408756044
2026-06-23 08:05:00,392.949186536458,56.469523040312026
2026-06-23 08:10:00,406.4917163572453,46.989391844949516
2026-06-23 08:15:00,,42.09883851489006
2026-06-23 08:20:00,485.24618118998484,
ERR-2026-06-23 08:25:00,447.81344834482536,56.76263469889511
ERR-2026-06-23 08:30:00,406.53910874097687,38.975325103546965
2026-06-23 08:35:00,619.6150221526126,46.61357687174567
2026-06-23 08:40:00,646.4201272523587,57.312478099951655
,618.4743898706681,65.74469089697874
2026-06-23 08:50:00,549.2437339154167,52.92251375116179
,528.9830041870712,44.90481385559291
2026-06-23 09:00:00,378.40621820240983,41.702194420901186
2026-06-23 09:05:00,475.4180873288943,49.980255041490594
2026-06-23 09:10:00,431.61397966535634,49.61728631872888
2026-06-23 09:15:00,317.44878910152903,28.41638027795357
23/06/2026 09:20:00,605.7043419165366,33.03678156611777
2026-06-23 09:25:00,430.41700536077246,27.161284633713947
2026-06-23 09:30:00,619.5941907435307,50.14689994348804
2026-06-23 09:35:00,588.1746400760012,60.523491862578126
2026-06-23 09:40:00,555.6717976633419,59.1138825791436
2026-06-23 09:45:00,,37.20435551323756
2026-06-23 09:50:00,438.46861179262925,40.83170809663661
2026-06-23 09:55:00 (UTC),685.7850151290666,
2026-06-23 10:00:00,504.31254309530493,50.889582774844136
2026-06-23 10:05:00,530.1931685118703,59.251955701286676
,435.0923666433361,61.375254116246396
2026-06-23 10:15:00,406.883473922304,43.203123008763654
2026-06-23 10:20:00,547.7296008809424,1908.811047525962
2026-06-23 10:25:00,521.7513495938786,42.55819373538553
2026-06-23 10:30:00,421.0647634097423,50.230481290192024
2026-06-23 10:35:00,356.1573281224596,43.65694578841958
2026-06-23 10:40:00,373.00769126724526,44.40343722770081
23/06/2026 10:45:00,619.6133717091107,36.77808462797725
2026-06-23 10:50:00,438.6746185349929,19.937881271141933
23/06/2026 10:55:00,466.10914543241665,
2026-06-23 11:00:00,645.0340258759062,53.38766191270809
2026-06-23 11:05:00,387.78494385135855,52.04046988694261
2026-06-23 11:10:00,427.3005174282943,35.03260542654496
2026-06-23 11:15:00,423.1233171439307,27.436463694926832
2026-06-23 11:20:00,661.806848116604,49.20237788100121
2026-06-23 11:25:00,699.3383500582414,
2026-06-23 11:30:00,575.156322540217,45.496317901011174
2026-06-23 11:35:00,,38.309806616785416
2026-06-23 11:40:00,-398.6084734750001,1520.5231090191191
ERR-2026-06-23 11:45:00,694.7328486904282,61.704555340403715
2026-06-23 11:50:00,526.7696254358661,54.599114122167464
ERR-2026-06-23 11:55:00,585.311026444974,49.75156678186373
2026-06-23 12:00:00,6133.383576196677,1246.9964535802358
2026-06-23 12:05:00,473.19674126723896,50.174794537915034
2026-06-23 12:10:00,666.3042259596117,46.21537072569235
,553.9723679738307,66.57996917927676
2026-06-23 12:20:00 (UTC),645.1375461070381,67.23083030767103
2026-06-23 12:25:00,525.5328171745044,39.908296391995265
2026-06-23 12:30:00,415.1633463576909,52.727218156039235
2026-06-23 12:35:00,441.6657067121512,51.43694732774711
2026-06-23 12:40:00,510.29652424646105,58.62853120032724
2026-06-23 12:45:00,437.34997839566734,39.409747854588744
2026-06-23 12:50:00,389.25385913723096,62.75964139629413
2026-06-23 12:55:00,620.1417031787025,40.75236078839751
2026-06-23 13:00:00,445.5129929176488,48.65180138737544
corrupted_timestamp,513.819274779132,38.63571553514145
2026-06-23 13:10:00,529.6133589885604,44.65025031743162
ERR-2026-06-23 13:15:00,441.18468746794315,39.65171049505457
2026-06-23 13:20:00,645.0799466308739,40.4501741874397
,-664.8924834507933,57.72256560622714
2026-06-23 13:30:00,526.1625263580771,49.562110806205204
2026-06-23 13:35:00,524.6117706376583,69.94151063745792
corrupted_timestamp,494.57453971358524,47.81756850762927
23/06/2026 13:45:00,,42.14200792510026
2026-06-23 13:50:00,587.0817551863464,44.757349945972095
,574.3510670334597,48.45616309738954
23/06/2026 14:00:00,432.44314714087835,53.11932394833359
2026-06-23 14:05:00,570.7487207205362,
2026-06-23 14:10:00,537.4907686300776,37.115023526151894
2026-06-23 14:15:00,371.9387854638892,59.336859572223105
2026-06-23 14:20:00,414.60710854286424,62.188898002701436
2026-06-23 14:25:00,613.828144488958,
23/06/2026 14:30:00,530.9416185142051,64.8593786600209
2026-06-23 14:35:00,443.56970541893736,44.95204290287551
2026-06-23 14:40:00,414.1524108827358,60.425592924634984
2026-06-23 14:45:00,448.46062018845794,40.50271380770499
2026-06-23 14:50:00,455.55204701222954,73.73426907973203
2026-06-23 14:55:00,415.4036967370748,32.415505264216605
2026-06-23 15:00:00,325.8235887616698,38.99725814609814
2026-06-23 15:05:00,614.0013286400786,
2026-06-23 15:10:00,597.0633672611443,32.88388856248393
2026-06-23 15:15:00 (UTC),372.67445481931406,47.52604424141101
2026-06-23 15:20:00,513.6311295563668,44.7159018995217
corrupted_timestamp,409.77617972852335,50.31092112675409
2026-06-23 15:30:00,473.84327767734646,52.548649134112175
2026-06-23 15:35:00 (UTC),9212.591071626313,47.61238572012269
23/06/2026 15:40:00,,57.40664336955056
2026-06-23 15:45:00,700.2947084076286,64.1192433948258
,455.96743153238094,
2026-06-23 15:55:00,419.1736174933075,32.12542643000418
2026-06-23 16:00:00,6024.259430821163,43.25565981413114
2026-06-23 16:05:00,604.3776956401755,52.9986282161737
2026-06-23 16:10:00,334.7897668307065,51.62052662290864
2026-06-23 16:15:00,423.73770835644797,58.82019232533819
2026-06-23 16:20:00,644.6822840111533,68.63281605031543
,524.3986187997647,52.116552298565594
23/06/2026 16:30:00,519.1922005036113,45.93408784126098
2026-06-23 16:35:00,713.2146460143701,42.73054436082632
2026-06-23 16:40:00,524.6347952948499,48.13412390254054
2026-06-23 16:45:00,429.1813838640418,58.51270564083275
2026-06-23 16:50:00,471.79229431236513,2397.3944072456716
2026-06-23 16:55:00,386.45676909694316,55.96485376523833
2026-06-23 17:00:00 (UTC),625.5937040015697,39.15457644367352
2026-06-23 17:05:00,557.4561717536716,49.81383570066939
2026-06-23 17:10:00,612.4414149970889,34.50826432521907
2026-06-23 17:15:00,621.2983928549371,44.323716439342775
2026-06-23 17:20:00,458.57892190724675,64.77966422348258
23/06/2026 17:25:00,405.52471479911105,52.60544294160087
2026-06-23 17:30:00,494.8286888691954,48.666672645350104
2026-06-23 17:35:00,412.72389292114616,52.70400966022153
ERR-2026-06-23 17:40:00,516.4956875409025,55.144086825181915
2026-06-23 17:45:00,613.2096880834689,53.24355655379057
2026-06-23 17:50:00,483.1860353950833,52.28451986421239
2026-06-23 17:55:00,,40.02663659725942
2026-06-23 18:00:00,490.61543837766334,35.21102958495182
,580.2727572437698,57.26706276974196
2026-06-23 18:10:00,433.221760571171,1681.5365808295135
2026-06-23 18:15:00,280.3553738356901,53.65303074750157
2026-06-23 18:20:00,,60.07770763671187
23/06/2026 18:25:00,,39.69292155111159
2026-06-23 18:30:00,544.6374244758535,43.436687224298595
2026-06-23 18:35:00,435.9769504531986,48.46427619828256
2026-06-23 18:40:00,386.49879018139313,41.128995123397885
2026-06-23 18:45:00,549.4497531780321,40.970087686483055
2026-06-23 18:50:00 (UTC),514.1478952934674,44.66748787680714
2026-06-23 18:55:00,487.420737234167,42.291493604856925
2026-06-23 19:00:00 (UTC),682.2463342993791,54.86279685196583
2026-06-23 19:05:00,405.3199905818668,
2026-06-23 19:10:00,677.5037021127466,35.533845870331135
2026-06-23 19:15:00,503.178390487064,67.28114031664569
2026-06-23 19:20:00,316.44295231291255,47.01601356617557
2026-06-23 19:25:00,482.07973456808594,49.307798085389145
2026-06-23 19:30:00,595.9496076599441,44.76646075083403
,463.49449671950293,49.88968381035822
23/06/2026 19:40:00,352.5221458761605,40.93436139240593
2026-06-23 19:45:00,483.548546820383,36.4650643184995
23/06/2026 19:50:00,414.2827626108294,46.677612514377905
2026-06-23 19:55:00,549.1814401087962,64.34458423509093
2026-06-23 20:00:00,577.3399816067612,55.63151265309342
2026-06-23 20:05:00,394.3729592251894,62.18236929556738
2026-06-23 20:10:00,429.41959448843505,44.24912104654394
2026-06-23 20:15:00,575.6642465106938,41.835116917514576
2026-06-23 20:20:00,414.1155721701041,44.84806685538023
2026-06-23 20:25:00,391.7841864172005,55.13754661695569
2026-06-23 20:30:00,382.13088682037454,60.20179995335064
23/06/2026 20:35:00,535.2038612958121,47.23532349992856
2026-06-23 20:40:00,530.9157719517464,35.95513032187619
2026-06-23 20:45:00,431.59539696209583,59.741193762048105
2026-06-23 20:50:00,500.5085396128234,61.09876351933415
,652.713238415513,55.11403910871583
2026-06-23 21:00:00 (UTC),402.5939843081778,64.28773164151843
2026-06-23 21:05:00,304.82573909895507,30.841155449066846
2026-06-23 21:10:00,545.5075575720371,40.76558908387053
2026-06-23 21:15:00,488.95988360984114,50.20664218207844
2026-06-23 21:20:00,428.9974913184899,39.422781841055894
2026-06-23 21:25:00,565.2080237354908,59.1739366176717
2026-06-23 21:30:00,583.922514466879,38.238699368847534
2026-06-23 21:35:00,279.17219801199076,63.44567184572063
ERR-2026-06-23 21:40:00,434.74020906685115,41.510378129604746
2026-06-23 21:45:00,731.7516231196855,63.99768038671891
2026-06-23 21:50:00,558.3404915798191,41.75747611213487
2026-06-23 21:55:00,567.610363829715,26.373650832842813
2026-06-23 22:00:00,617.2894278631478,51.411736261534706
2026-06-23 22:05:00,501.7068825199726,56.81083927183844
2026-06-23 22:10:00,579.668416009162,39.62147314385793
2026-06-23 22:15:00,571.8062043837202,65.8507379340972
2026-06-23 22:20:00,553.9041496752759,63.68595388452512
ERR-2026-06-23 22:25:00,467.79880293825954,48.232420643313375
ERR-2026-06-23 22:30:00,517.2058922366259,53.18471311259538
2026-06-23 22:35:00,441.1638435693222,50.15563834414181
2026-06-23 22:40:00,501.2814304566495,56.55652746789876
2026-06-23 22:45:00,383.15091079007334,58.51322078041922
2026-06-23 22:50:00,420.93760087270476,33.4352119314602
2026-06-23 22:55:00,471.76879580750705,
2026-06-23 23:00:00,405.6294568569924,
,449.49827292548235,
ERR-2026-06-23 23:10:00,483.6074023244484,2552.0966291560985
2026-06-23 23:15:00,540.2262344664377,69.1095210095876
2026-06-23 23:20:00 (UTC),594.925730185291,32.85084721607852
2026-06-23 23:25:00,453.6215628621892,56.87353048970907
2026-06-23 23:30:00,633.5104617268623,59.18895315147075
2026-06-23 23:35:00,593.8611078625494,53.648972420671306
ERR-2026-06-23 23:40:00,550.4093831943942,61.70355941264978
2026-06-23 23:45:00,515.3649129296618,51.99501016550991
2026-06-23 23:50:00,,54.94720987217855
2026-06-23 23:55:00,618.7051150666382,30.999020275049883
2026-06-24 00:00:00,622.3579659759273,43.43184508498301
2026-06-24 00:05:00 (UTC),633.4946728383643,62.65378050685886
2026-06-24 00:10:00,504.1326831877003,43.03894401417093
2026-06-24 00:15:00,555.4967164998613,49.43471556319612
2026-06-24 00:20:00,634.3546506622051,38.70762337059146
2026-06-24 00:25:00,437.6283965083607,43.35923285482205
2026-06-24 00:30:00,468.15831462816965,53.38371579744286
ERR-2026-06-24 00:35:00,501.60366630134786,48.61259085616574
2026-06-24 00:40:00,589.9598737979406,31.817991716522926
2026-06-24 00:45:00,591.5172150718623,42.440945751868824
2026-06-24 00:50:00,476.9135888802065,63.93380425053205
2026-06-24 00:55:00,349.139054562029,60.69697028225017
2026-06-24 01:00:00,524.6183944295967,50.31994510696547
2026-06-24 01:05:00,408.16838626715986,53.3605507599145
24/06/2026 01:10:00,351.00637953597777,43.5352715987634
2026-06-24 01:15:00,373.61284392662833,63.856287420208034
2026-06-24 01:20:00,532.6381007845561,47.37333345583061
2026-06-24 01:25:00,636.1037360932808,37.68484528039139
2026-06-24 01:30:00,503.8894516236244,32.98106165749762
2026-06-24 01:35:00,521.1380654645965,32.587104248412246
2026-06-24 01:40:00,618.2894938877926,42.07274840883293
2026-06-24 01:45:00,345.5545090916446,66.47020622030848
2026-06-24 01:50:00,,76.73509766664026
2026-06-24 01:55:00,498.84102156811787,60.68664017869584
2026-06-24 02:00:00,556.6057458832067,32.56858388294736
2026-06-24 02:05:00,451.6516091596184,
24/06/2026 02:10:00,,38.90322873950221
2026-06-24 02:15:00,514.0508904285606,47.13831923233857
2026-06-24 02:20:00,664.9191323334462,41.58894116492134
2026-06-24 02:25:00 (UTC),6051.367420521763,56.22886506484583
2026-06-24 02:30:00,449.2307229819909,47.145284229486165
2026-06-24 02:35:00,365.902796401872,
2026-06-24 02:40:00,331.79327163022145,
2026-06-24 02:45:00,631.6099451850481,63.107209697537776
ERR-2026-06-24 02:50:00,404.4917711864173,42.70103725920626
2026-06-24 02:55:00,467.44865870050637,59.53432019806348
2026-06-24 03:00:00,632.1211126077576,42.46324632955072
2026-06-24 03:05:00,338.6098544521008,49.450904587762274
2026-06-24 03:10:00,,41.651398388646655
2026-06-24 03:15:00,474.6359546107498,53.54231436697397
2026-06-24 03:20:00,385.14166847612614,63.25008415040945
2026-06-24 03:25:00,475.2649072851087,61.703639901696526
2026-06-24 03:30:00,427.7403218598522,53.595033911541854
2026-06-24 03:35:00,544.0819798905716,
2026-06-24 03:40:00 (UTC),435.1867566112222,49.82113606029464
ERR-2026-06-24 03:45:00,308.8357789080957,65.27589195953661
2026-06-24 03:50:00,,41.584020347961754
2026-06-24 03:55:00,364.3454947713461,54.66150717398351
2026-06-24 04:00:00,520.431988398832,61.24705374865954
24/06/2026 04:05:00,381.2869667716676,49.909693602062966
ERR-2026-06-24 04:10:00,451.1987196827914,59.267078956884
2026-06-24 04:15:00,518.2587804214336,72.17258905153088
2026-06-24 04:20:00,478.75412749657306,49.07573849087873
2026-06-24 04:25:00,525.0430283001045,2135.5473339490736
2026-06-24 04:30:00,568.0287165717757,52.21029324281355
2026-06-24 04:35:00,384.2066300268694,54.902997330464586
2026-06-24 04:40:00,493.5602459375292,63.33082725878366
2026-06-24 04:45:00,167.04962024918706,62.58026736761186
2026-06-24 04:50:00,524.7333301682523,53.29422186335635
2026-06-24 04:55:00,469.91858696251575,30.32578330651258
2026-06-24 05:00:00,401.6550236522029,
,531.5719422296524,59.696993600447236
2026-06-24 05:10:00,617.2697577185068,43.70467790687795
2026-06-24 05:15:00,452.3982252401057,60.43138212807125
2026-06-24 05:20:00,405.518550975828,58.24768310128464
24/06/2026 05:25:00,516.5025262438712,48.148778473075765
2026-06-24 05:30:00,366.4393333353639,41.75032107920784
corrupted_timestamp,433.9618629464461,2625.769646203471
2026-06-24 05:40:00,,52.02609076259096
2026-06-24 05:45:00,506.21792298122875,36.16953211957025
2026-06-24 05:50:00,312.05330360538335,59.28591261499847
2026-06-24 05:55:00,320.3008352720599,57.01563787719576
2026-06-24 06:00:00,516.2085692646775,51.870922876993085
2026-06-24 06:05:00,586.2390575917688,51.90736430076277
2026-06-24 06:10:00,338.237854137385,64.22115290104313
2026-06-24 06:15:00,544.9712607496508,42.676811087332105
2026-06-24 06:20:00,633.0343507489719,46.436179055651635
2026-06-24 06:25:00,688.7858987958639,50.62462282669976
2026-06-24 06:30:00,533.1222759859876,44.201439132967046
2026-06-24 06:35:00,550.6802594552474,48.72385931712371
2026-06-24 06:40:00,,34.244913142317145
2026-06-24 06:45:00,709.9752547995989,46.19283886666524
2026-06-24 06:50:00,442.45097869038784,48.79519804407856
2026-06-24 06:55:00,406.65288415749586,42.51331376515575
2026-06-24 07:00:00,474.4793865560375,62.94196607700738
2026-06-24 07:05:00,651.1673414185432,54.37142058451029
24/06/2026 07:10:00,720.8046047543548,2832.726590263796
2026-06-24 07:15:00,512.5408679475844,44.02195790705165
2026-06-24 07:20:00,599.8084172603656,34.603228632729824
2026-06-24 07:25:00,504.3204048685504,43.1758001641368
2026-06-24 07:30:00,396.2204526981816,50.66340697641003
2026-06-24 07:35:00,647.674367078829,49.28371755966298
24/06/2026 07:40:00,437.7872519643611,42.50010622330297
2026-06-24 07:45:00,653.5530773371883,66.71511050375392
2026-06-24 07:50:00,629.8541329769084,60.96150579723822
2026-06-24 07:55:00,561.4036263957208,2547.6050084140825
2026-06-24 08:00:00,682.8974756254353,55.847421138296525
24/06/2026 08:05:00,723.2346033185738,62.96482400379425
2026-06-24 08:10:00,482.47566370356884,
2026-06-24 08:15:00,419.1205881583569,48.34021723285517
2026-06-24 08:20:00,313.57301627435277,31.867322801918235
24/06/2026 08:25:00,724.4682255430256,49.3279254461082
2026-06-24 08:30:00,456.03179910815504,42.42784004497927
24/06/2026 08:35:00,613.503685710174,44.05860906491873
2026-06-24 08:40:00,425.8744632490517,46.79759797926511
2026-06-24 08:45:00,653.8265640912035,47.79395731456608
2026-06-24 08:50:00,429.9882408184587,
2026-06-24 08:55:00,,36.65803009080297
2026-06-24 09:00:00,,32.511469176001484
2026-06-24 09:05:00,446.8224299038363,58.235416159754564
2026-06-24 09:10:00 (UTC),559.6299785461213,66.98895986121761
2026-06-24 09:15:00,494.86050728074764,
2026-06-24 09:20:00,562.7702394551922,39.04795765874603
,470.8978526914706,59.89972011286035
2026-06-24 09:30:00,433.4892628981195,70.71043566720013
2026-06-24 09:35:00,441.64394521039264,2811.8369166191596
2026-06-24 09:40:00 (UTC),,63.455523253973475
ERR-2026-06-24 09:45:00,,38.32189828118636
2026-06-24 09:50:00,301.62377905469555,44.361477625025124
2026-06-24 09:55:00,447.9790986545919,62.07005586747174
2026-06-24 10:00:00,509.6866032475876,37.92465538104801
2026-06-24 10:05:00,684.5399681250378,44.46366939499267
2026-06-24 10:10:00,602.86987158899,51.89054170800803
24/06/2026 10:15:00,407.82821635180846,55.38062814606358
2026-06-24 10:20:00,741.8355753572451,2869.040723685398
2026-06-24 10:25:00,496.8839635198522,50.10302391840183
2026-06-24 10:30:00,,51.652100559451725
2026-06-24 10:35:00,384.49915026000974,
2026-06-24 10:40:00,260.18369047491024,44.97637352184895
24/06/2026 10:45:00,359.15685096316395,48.78134684311454
,174.96665238042942,44.58706763980747
2026-06-24 10:55:00,6836.3611452575515,58.92928175657929
2026-06-24 11:00:00,521.4532918886416,53.05606353319855
2026-06-24 11:05:00,407.53559815519685,49.26747373562945
2026-06-24 11:10:00,545.2624029980121,47.61340040660551
2026-06-24 11:15:00,518.9334036180165,60.43095681354111
2026-06-24 11:20:00,562.0933395613991,46.3222443256149
2026-06-24 11:25:00 (UTC),9982.757921260698,57.250884751862955
2026-06-24 11:30:00 (UTC),471.00788469749847,61.85105890547008
2026-06-24 11:35:00,412.0160693899013,54.92363089833804
2026-06-24 11:40:00,582.7775214371918,33.87343297700422
2026-06-24 11:45:00,-815.3182476471706,45.76245208158562
2026-06-24 11:50:00,510.0735808121345,41.45547255945751
2026-06-24 11:55:00,717.7554188680772,38.04194612619034
2026-06-24 12:00:00,456.21778771383475,60.91437087678031
2026-06-24 12:05:00,410.01420283647315,53.7850740174486
ERR-2026-06-24 12:10:00,541.8091427506602,24.35248338770981
2026-06-24 12:15:00,432.50621430865016,49.88786979177102
2026-06-24 12:20:00,549.5516524144896,43.36657705338784
2026-06-24 12:25:00 (UTC),416.699174416056,59.26732722048177
2026-06-24 12:30:00,459.97577170681143,43.39196569984004
2026-06-24 12:35:00,689.0840420039165,53.16886881163352
2026-06-24 12:40:00,7632.459733068801,53.05757972418772
2026-06-24 12:45:00,420.11484559827034,41.79097621438099
2026-06-24 12:50:00,617.06787887065,39.92729986315247
24/06/2026 12:55:00,394.8958049713306,70.27196062413076
2026-06-24 13:00:00,430.70567698529317,53.918474046718345
2026-06-24 13:05:00,557.6561120508994,50.503600228504396
2026-06-24 13:10:00,593.8411423873292,62.09928042842425
2026-06-24 13:15:00,622.0476391081074,67.57423741840228
2026-06-24 13:20:00,425.27781677795156,65.0109226522626
2026-06-24 13:25:00,559.600867298612,36.25251335675087
2026-06-24 13:30:00,453.38918004558207,50.32616338429886
2026-06-24 13:35:00,439.43443664893675,47.228872437316326
2026-06-24 13:40:00,-278.2186848319981,68.95290042847552
2026-06-24 13:45:00,445.04456041404137,57.12308521767623
2026-06-24 13:50:00,527.820459602098,37.049714781050966
2026-06-24 13:55:00,515.5579469230639,
2026-06-24 14:00:00,392.92456236614976,66.21634457324038
2026-06-24 14:05:00,596.6092855356321,49.87621577804448
2026-06-24 14:10:00,556.0280893678954,49.622726858502
2026-06-24 14:15:00,301.3709388129579,1169.9425695079858
2026-06-24 14:20:00,527.7421111237343,41.68950687287951
2026-06-24 14:25:00,422.7026565833379,50.39266699134982
24/06/2026 14:30:00,8065.111308391265,58.06767804994889
2026-06-24 14:35:00,355.4600163219242,49.71903007989293
24/06/2026 14:40:00,464.35230313704557,60.47438612011536
ERR-2026-06-24 14:45:00,536.2024550988466,56.87804723550904
corrupted_timestamp,505.43402941418753,
2026-06-24 14:55:00,576.2958256713971,51.831493567665824
2026-06-24 15:00:00,348.1578013990711,48.36364793016473
2026-06-24 15:05:00,665.1914336867378,38.492321921673664
2026-06-24 15:10:00,552.5144658788272,59.85315897075884
2026-06-24 15:15:00,,52.55996521693299
2026-06-24 15:20:00,587.4240169233242,47.45230978137471
2026-06-24 15:25:00,498.83898855449564,38.63861210881055
2026-06-24 15:30:00,371.5801789088839,62.68016948093988
24/06/2026 15:35:00,443.6446818751299,49.862373478041086
,658.9563332862577,68.82695237469807
2026-06-24 15:45:00,638.5437781656383,
2026-06-24 15:50:00,438.040001989631,
ERR-2026-06-24 15:55:00,218.1695713797821,36.42849057142395
2026-06-24 16:00:00,478.7310265694881,42.67585528473107
2026-06-24 16:05:00,471.22971118708836,47.23262212297383
2026-06-24 16:10:00,475.0227387959617,56.242828490775594
2026-06-24 16:15:00,552.8539201831402,52.72044654970425
2026-06-24 16:20:00,587.6212579321664,44.519115157793415
2026-06-24 16:25:00,599.0299547099524,43.31167552330741
2026-06-24 16:30:00,544.5709140135367,32.84498720399757
2026-06-24 16:35:00,319.9229298077364,43.881229319283825
corrupted_timestamp,465.88002673067047,42.56001021748602
2026-06-24 16:45:00,730.408978354919,61.90759411269373
2026-06-24 16:50:00 (UTC),537.4216734802478,46.02084295466941
corrupted_timestamp,536.7819568443865,46.104366608848316
2026-06-24 17:00:00,535.9485939773858,52.098328932592
2026-06-24 17:05:00,541.537962250599,63.66710685908648
2026-06-24 17:10:00,261.68878189140764,63.463009574796736
24/06/2026 17:15:00,476.0475683088931,73.91158353180991
2026-06-24 17:20:00,496.21071682053105,35.99578228768652
2026-06-24 17:25:00,628.1495399253413,51.63842674355287
2026-06-24 17:30:00,504.7672894622296,48.9586595503759
2026-06-24 17:35:00 (UTC),,31.765963488581136
2026-06-24 17:40:00,543.0089156171753,38.3303748764767
2026-06-24 17:45:00,419.6175351757255,59.100692107601006
2026-06-24 17:50:00 (UTC),378.32143589185824,55.26695338289334
2026-06-24 17:55:00,416.5840953283419,55.19135172984286
2026-06-24 18:00:00,554.2504229664515,54.47458532757749
2026-06-24 18:05:00 (UTC),625.8761239760069,33.154894396026194
ERR-2026-06-24 18:10:00,548.2929945177586,39.02040643136955
24/06/2026 18:15:00,563.2023223617022,44.63728044657
2026-06-24 18:20:00,547.3045272838001,58.29666893804825
2026-06-24 18:25:00 (UTC),510.1327176860468,51.31719918999575
2026-06-24 18:30:00,569.6930634962757,59.041877729608494
2026-06-24 18:35:00,258.1224532930579,69.55874279609645
2026-06-24 18:40:00,511.1088351304833,34.110341219133176
24/06/2026 18:45:00,395.50749653777484,48.80624688749098
2026-06-24 18:50:00,616.290257254414,48.85052076613844
2026-06-24 18:55:00,485.28446947831395,41.71251989431074
2026-06-24 19:00:00,503.09480882678304,54.40119585480978
2026-06-24 19:05:00,349.4928125746196,78.55521810836734
,601.6830889012851,40.51934400260337
2026-06-24 19:15:00,562.732812027381,56.02185966976147
2026-06-24 19:20:00,555.6947882340503,
2026-06-24 19:25:00,418.69771478311776,31.948994617684157
2026-06-24 19:30:00,422.636015506187,43.86336710403811
2026-06-24 19:35:00,522.3599454445905,52.729150742578796
24/06/2026 19:40:00,430.5501589751949,53.99158299972329
2026-06-24 19:45:00,543.4892962677338,67.77450491962334
2026-06-24 19:50:00,283.9087397233278,
24/06/2026 19:55:00,451.2455443593407,50.136164078980265
2026-06-24 20:00:00,679.6753465426491,58.32917262732974
2026-06-24 20:05:00,543.9485827995765,52.48158578503816
2026-06-24 20:10:00,516.6793664530993,49.76254404995185
2026-06-24 20:15:00 (UTC),698.5226535671356,48.196559033308006
2026-06-24 20:20:00,,56.360397748717276
2026-06-24 20:25:00,418.4688885211892,55.283099801262054
2026-06-24 20:30:00,,
24/06/2026 20:35:00,,64.41405525933114
2026-06-24 20:40:00,587.5656363228236,58.42315859769343
2026-06-24 20:45:00,413.3993291017374,59.62391837390136
2026-06-24 20:50:00,599.795432214255,40.866810624603865
2026-06-24 20:55:00,459.66852326782924,44.867100595745725
2026-06-24 21:00:00 (UTC),621.1639625649167,65.16563545394321
2026-06-24 21:05:00 (UTC),-160.04427260409204,2225.0144262915937
2026-06-24 21:10:00,487.66884009338395,35.8531473997046
2026-06-24 21:15:00,450.983268462344,53.352520132663834
2026-06-24 21:20:00,605.6030371565714,59.578934580231646
corrupted_timestamp,447.7218783433829,39.73922052823201
2026-06-24 21:30:00,495.7551470988244,60.10683996141826
2026-06-24 21:35:00,550.6811397663049,50.5139745698854
2026-06-24 21:40:00,554.525848302612,65.05637483438791
2026-06-24 21:45:00,588.6952607473172,48.72452121931536
corrupted_timestamp,521.1124776844666,35.54651848534358
2026-06-24 21:55:00,458.17510847201686,55.284629945592656
ERR-2026-06-24 22:00:00,465.030125464125,38.76274370942663
2026-06-24 22:05:00,502.5672315207612,44.274380779668064
2026-06-24 22:10:00,524.9592476074383,31.829663911642314
2026-06-24 22:15:00,485.28283521515635,41.91987341296995
2026-06-24 22:20:00,501.92034209655475,63.436167035071904
2026-06-24 22:25:00,348.2746139427895,51.47272351620596
2026-06-24 22:30:00,566.7355284454678,47.675928452630124
2026-06-24 22:35:00,518.111228888943,41.23474699989073
2026-06-24 22:40:00,600.1870413541088,52.073830447757764
,500.0160507407085,47.788392926759734
2026-06-24 22:50:00,326.16024214782135,73.89360105609288
2026-06-24 22:55:00,464.1553810693325,50.224048758772426
2026-06-24 23:00:00,480.0070076881583,54.53632381150255
2026-06-24 23:05:00 (UTC),574.2903305433599,43.65032607456541
,292.97264554866047,49.82790751386263
2026-06-24 23:15:00,504.11795169489346,
2026-06-24 23:20:00,551.3675215793306,40.776989876870516
24/06/2026 23:25:00,433.85121147184805,55.93315348948786
2026-06-24 23:30:00,507.4628009816847,51.29638949902219
2026-06-24 23:35:00,437.29634908501555,27.23852252507351
2026-06-24 23:40:00,427.04270667796095,58.239406749418805
2026-06-24 23:45:00,459.1580149868683,54.88153529736599
2026-06-24 23:50:00,428.9308007532989,52.3808669378166
2026-06-24 23:55:00,568.3618311936333,43.653871114927746
corrupted_timestamp,426.5048123164622,74.6524712196076
corrupted_timestamp,,
2026-06-25 00:10:00,676.7928666839533,20.100958959382254
2026-06-25 00:15:00 (UTC),596.0740011824035,
2026-06-25 00:20:00,313.84866393408,48.644675589530266
2026-06-25 00:25:00,,35.57242512069058
2026-06-25 00:30:00,524.246297172271,47.47119497547826
2026-06-25 00:35:00,532.3755067231493,49.32832940572251
2026-06-25 00:40:00,350.95071342631064,1949.3003344371818
,615.8565492822322,51.10531467198694
corrupted_timestamp,582.5224419181626,53.55545217899919
2026-06-25 00:55:00,548.1901632040339,49.53758544058387
2026-06-25 01:00:00,635.6728490712121,40.77408249565897
,7488.473447959135,54.68656710729229
2026-06-25 01:10:00,544.8580879251847,33.81879980706779
2026-06-25 01:15:00,655.7679271822242,54.064119226452675
2026-06-25 01:20:00,610.1219580727709,53.08402684247166
2026-06-25 01:25:00,415.8492541088469,47.83538125799648
2026-06-25 01:30:00,563.3195178671915,44.89243911158673
25/06/2026 01:35:00,433.5732135041418,37.72349920938646
2026-06-25 01:40:00,550.4154550950278,44.679108065122335
ERR-2026-06-25 01:45:00,547.6613507019814,41.86517243596935
2026-06-25 01:50:00,361.65326875440144,39.91652098194962
2026-06-25 01:55:00,487.8154388688965,37.95681541519775
2026-06-25 02:00:00,526.5257023580402,63.13974958876889
2026-06-25 02:05:00,456.3709809005843,57.64072412630102
2026-06-25 02:10:00,531.4709942390759,74.42341427687235
2026-06-25 02:15:00,580.5897777001069,52.35880214103813
2026-06-25 02:20:00,496.94069357692445,57.203886465786894
2026-06-25 02:25:00,522.459947670826,49.28207797622475
2026-06-25 02:30:00,638.3424078555975,65.11889932921915
,547.3196583225226,49.48371020624872
2026-06-25 02:40:00,520.0824289674474,2131.882128753723
2026-06-25 02:45:00,404.19206203586396,51.85790735603492
ERR-2026-06-25 02:50:00,567.1026011388849,68.39761840119823
2026-06-25 02:55:00,533.0149949391939,45.180456473680294
2026-06-25 03:00:00,628.3739433701408,61.47923427067108
,504.6878543303311,48.916958506537796
2026-06-25 03:10:00,318.37334998660043,41.63772068027347
2026-06-25 03:15:00,329.9879131171738,49.487550614128196
2026-06-25 03:20:00,573.5680763759733,27.518657384424582
,442.9806402301847,59.34838882086784
2026-06-25 03:30:00,543.6767751110498,56.66086649258467
2026-06-25 03:35:00,511.4232644502356,68.9860002241093
2026-06-25 03:40:00,483.3160332306079,40.37963663594181
2026-06-25 03:45:00,490.36387144117765,42.565032439594376
2026-06-25 03:50:00,,37.36983170984583
2026-06-25 03:55:00,498.42223111003295,53.65613453136192
2026-06-25 04:00:00,441.55065672056014,1003.4955085250232
2026-06-25 04:05:00,462.7743479874295,41.7491951691696
2026-06-25 04:10:00,467.6350955290839,54.00120205652753
2026-06-25 04:15:00,477.33067301012807,61.022760465589734
2026-06-25 04:20:00,592.2173456507086,51.06295748025313
ERR-2026-06-25 04:25:00,487.02091707953065,45.21198153826159
2026-06-25 04:30:00,602.3702336590098,61.71713724351797
2026-06-25 04:35:00,653.7854951326482,47.45889582878395
2026-06-25 04:40:00,585.494465105615,47.31044040562229
2026-06-25 04:45:00,553.4468535068511,55.12950875590316
2026-06-25 04:50:00 (UTC),532.6832209483521,43.14289745333851
2026-06-25 04:55:00,586.535870905007,60.24506771486935
25/06/2026 05:00:00,508.93607385962395,40.824310692131235
2026-06-25 05:05:00,,43.89909088432312
2026-06-25 05:10:00,561.4105805289685,38.474601365998076
2026-06-25 05:15:00,464.0159539219612,58.63211018090494
2026-06-25 05:20:00,589.5850880102806,63.551046100036274
2026-06-25 05:25:00,509.14800059775683,48.474324335466406
2026-06-25 05:30:00,489.3867992387684,54.46598518166592
,452.3800839601013,53.66776067727937
2026-06-25 05:40:00 (UTC),516.6018847874573,52.96749537586562
2026-06-25 05:45:00,599.6462615412984,38.4249336415576
2026-06-25 05:50:00,588.8940005593038,43.45152384580573
2026-06-25 05:55:00,535.3393797458957,57.60041131946661
2026-06-25 06:00:00,559.9643640725035,62.16285280320183
2026-06-25 06:05:00,627.1696791522558,59.49136997159734
2026-06-25 06:10:00,485.0033708829139,50.16585267433954
2026-06-25 06:15:00,,58.021485191743196
2026-06-25 06:20:00 (UTC),630.1129852178573,34.62548710581409
,447.02217479692814,29.801679722522607
2026-06-25 06:30:00,430.96618766560954,36.246142885613004
2026-06-25 06:35:00,320.38022446654486,78.21490261729508
2026-06-25 06:40:00,557.1283053164296,70.78116217326267
25/06/2026 06:45:00,337.8547375447779,34.025894357486195
2026-06-25 06:50:00,9797.473139584952,47.774311001883675
2026-06-25 06:55:00,558.8236794515059,45.681821549622
2026-06-25 07:00:00,572.1921252408372,62.946973092852886
2026-06-25 07:05:00,434.82958517817667,
2026-06-25 07:10:00,486.58466730075946,46.222885891695675
2026-06-25 07:15:00,412.74054735938466,55.62435602945092
,,57.731680453972764
2026-06-25 07:25:00 (UTC),526.6215260152907,31.37934319668028
2026-06-25 07:30:00,449.8353321203542,55.31958428358586
2026-06-25 07:35:00,475.5784959824331,49.80907011843491
2026-06-25 07:40:00,353.5293318382433,38.546088462527074
2026-06-25 07:45:00,613.2956164806137,44.085406489844914
2026-06-25 07:50:00,551.0066593171066,52.83554076741117
,579.2905371837202,51.24759698861592
2026-06-25 08:00:00,629.0425324616863,48.103673461190255
corrupted_timestamp,417.47871244542836,46.98299232545591
2026-06-25 08:10:00,464.16055169719766,50.55581034371215
2026-06-25 08:15:00,310.5165632417789,33.94380100963741
2026-06-25 08:20:00,814.0422910102237,67.15208156475465
2026-06-25 08:25:00 (UTC),485.0414684682624,46.372912745806964
2026-06-25 08:30:00,603.8727899914912,55.06022606897047
2026-06-25 08:35:00,376.18388556645414,66.17999105704592
2026-06-25 08:40:00,599.638842564301,61.3481582899669
25/06/2026 08:45:00,685.7590876649665,53.017486266327865
2026-06-25 08:50:00,493.97192509720185,48.90230496668081
2026-06-25 08:55:00,398.9118503410399,49.768008357512656
2026-06-25 09:00:00,486.1203599054464,33.71675234667238
2026-06-25 09:05:00,277.32384750427735,37.80125199847438
2026-06-25 09:10:00,496.2113298978158,52.40224465649061
2026-06-25 09:15:00,582.0967139312995,
2026-06-25 09:20:00,496.42423556264856,35.0196120618815
2026-06-25 09:25:00,471.58604453110325,52.89783201791005
,552.7568116112033,57.55120823350289
2026-06-25 09:35:00,560.4024846949553,61.651885119128806
2026-06-25 09:40:00,334.00944374948176,55.31532278953563
2026-06-25 09:45:00 (UTC),508.88229622787884,43.689426140080826
2026-06-25 09:50:00,743.5985124229244,56.84246894824804
2026-06-25 09:55:00,366.4983754351976,52.8124575529205
2026-06-25 10:00:00,491.4581167166933,40.74927730878125
2026-06-25 10:05:00,,40.41620298859849
2026-06-25 10:10:00,610.4175156543675,58.49168381726331
2026-06-25 10:15:00,448.6603319223939,53.13679895603938
2026-06-25 10:20:00,,52.57659255919941
2026-06-25 10:25:00,499.7888320015177,50.63395062520553
2026-06-25 10:30:00,425.1928195678332,56.018703330613256
2026-06-25 10:35:00,492.57478925069177,44.882254737962974
2026-06-25 10:40:00,472.0033867193471,48.72710921310895
2026-06-25 10:45:00,7908.65123549132,57.45038119304154
2026-06-25 10:50:00,6301.084559353715,50.36840113144404
2026-06-25 10:55:00 (UTC),372.3381799755339,42.50725255176273
2026-06-25 11:00:00,495.87192266076295,43.11922809876777
2026-06-25 11:05:00,671.511821817878,50.44790752349356
2026-06-25 11:10:00,508.2202926262797,24.14889140200223
,466.84062210684544,67.50977886416484
corrupted_timestamp,575.4085805038499,48.261746027021466
2026-06-25 11:25:00,484.1680387404621,54.8551829171506
2026-06-25 11:30:00,686.803292495911,56.37155946934535
2026-06-25 11:35:00,499.60874907049214,52.520183022271226
2026-06-25 11:40:00,570.0497063158164,36.34031881104823
2026-06-25 11:45:00,424.5395617606727,39.33100737159189
2026-06-25 11:50:00,550.3089253336663,35.10537826604059
ERR-2026-06-25 11:55:00,527.5093476943754,60.94890509744328
2026-06-25 12:00:00,494.3493875340792,34.570091843914554
2026-06-25 12:05:00,449.82422388302797,43.36366119483494
2026-06-25 12:10:00,436.19698343476256,63.066280937594726
2026-06-25 12:15:00,528.2352663979652,38.70344858785456
2026-06-25 12:20:00,562.8939109696473,51.49417305043143
2026-06-25 12:25:00,487.2837203705869,57.59306994627137
2026-06-25 12:30:00,528.7267929120792,49.41207661581746
2026-06-25 12:35:00,496.20853218672306,51.556805715137564
ERR-2026-06-25 12:40:00,509.8526024905388,
2026-06-25 12:45:00,-484.67075453276004,67.86160966156868
,501.7972579368308,1745.7743186720086
2026-06-25 12:55:00,769.8040456817427,45.608379206642276
2026-06-25 13:00:00 (UTC),531.1634298807425,56.32736530307051
2026-06-25 13:05:00 (UTC),564.5296958431043,48.03167109613776
2026-06-25 13:10:00,543.8023605328096,44.3911215759685
2026-06-25 13:15:00,473.718317670294,60.31005143465169
2026-06-25 13:20:00,629.3989213291668,27.744534995372906
25/06/2026 13:25:00,470.8836229573659,61.28302923425526
2026-06-25 13:30:00,605.5054548942551,65.88035276662073
2026-06-25 13:35:00 (UTC),466.57930019335515,47.9474236210109
2026-06-25 13:40:00,,36.84429296037253
2026-06-25 13:45:00,536.5396208236193,51.773842795296325
2026-06-25 13:50:00,389.53316438978936,54.81608573199557
2026-06-25 13:55:00,553.5640225016609,33.592257665772976
2026-06-25 14:00:00,380.5841343908683,50.82107723146605
2026-06-25 14:05:00,468.0991969527147,69.49648004719731
2026-06-25 14:10:00,356.82703034752586,62.62554001487365
2026-06-25 14:15:00,782.4167009402729,55.24479533708525
2026-06-25 14:20:00,334.60404403836856,
,500.98137403964046,50.388997188121955
2026-06-25 14:30:00,614.3304274330014,51.507646863583886
2026-06-25 14:35:00,603.6385908587025,49.05008278794471
2026-06-25 14:40:00,585.1342122173137,52.046146929812785
25/06/2026 14:45:00,468.27716117785246,33.68361361304797
25/06/2026 14:50:00,635.1088946337002,28.350850269023056
2026-06-25 14:55:00,591.3391090802182,42.490517067235984
2026-06-25 15:00:00,521.2299617660476,60.32249769716003
ERR-2026-06-25 15:05:00,524.0580757726592,55.93644359539284
2026-06-25 15:10:00,469.60773523846274,58.46167871416366
2026-06-25 15:15:00,409.03479741669616,
2026-06-25 15:20:00,623.7150975478717,62.14976171315007
,631.2207993601533,63.32502032843283
2026-06-25 15:30:00,411.58908589700786,61.94731336717055
2026-06-25 15:35:00,484.62148348538085,43.18219297739587
,5998.3977566868725,50.550026173924515
corrupted_timestamp,496.734409625969,45.36675745073997
2026-06-25 15:50:00,506.4294878587582,64.750828328711
2026-06-25 15:55:00,594.686146164618,61.22746259723803
2026-06-25 16:00:00,425.2782691513256,54.57297943185924
25/06/2026 16:05:00,415.365300848734,56.8904690662352
,623.6619742142975,52.91787923446457
2026-06-25 16:15:00,453.73552581187016,40.670686794936515
2026-06-25 16:20:00,373.6964646422934,60.7216867608296
2026-06-25 16:25:00,451.487005790013,70.17683108111427
2026-06-25 16:30:00,466.9947264755999,55.05415726149094
2026-06-25 16:35:00,655.4962727725765,48.79543488225255
2026-06-25 16:40:00,592.4826212376737,42.73038918406433
2026-06-25 16:45:00 (UTC),614.7520616632243,47.43080712924876
2026-06-25 16:50:00,581.9973642346786,37.252954520806455
2026-06-25 16:55:00,594.6243671615314,40.85009125623206
2026-06-25 17:00:00,431.19178734196817,48.326087758741316
25/06/2026 17:05:00,480.13978446465154,53.163961127908564
2026-06-25 17:10:00,401.0084686976451,35.2448370328663
2026-06-25 17:15:00,478.95119694629665,51.92344244970066
2026-06-25 17:20:00,568.4104990934741,65.8253290354204
ERR-2026-06-25 17:25:00,513.4583284812247,54.354068432349465
2026-06-25 17:30:00,631.1480818960295,54.953299712379795
2026-06-25 17:35:00,385.85842077727807,54.05865190675753
2026-06-25 17:40:00,-408.883689740897,33.996367916449074
2026-06-25 17:45:00,375.1697198130682,34.879703128790965
25/06/2026 17:50:00,509.4176469173642,55.98104595428933
2026-06-25 17:55:00,574.0333422556479,57.10230317329197
2026-06-25 18:00:00,478.5497433175781,60.44808304308357
2026-06-25 18:05:00,555.1126604086955,63.50257472361044
2026-06-25 18:10:00,404.0267665167066,44.83500587045728
2026-06-25 18:15:00,333.6310021803617,59.70824149238065
2026-06-25 18:20:00,555.7029622487803,59.56916965932595
2026-06-25 18:25:00 (UTC),674.4010234075732,65.36213109383469
2026-06-25 18:30:00,400.3955059830108,66.03124995309994
2026-06-25 18:35:00,622.2194180106795,46.10329928836985
2026-06-25 18:40:00,504.3423408816411,49.20443156711653
2026-06-25 18:45:00,366.4308478306924,52.078635773696455
2026-06-25 18:50:00,386.8494698647837,41.72862744457481
ERR-2026-06-25 18:55:00,501.578477336065,61.07987168701378
2026-06-25 19:00:00,459.55377120758965,47.87833604197055
ERR-2026-06-25 19:05:00,368.7087023241761,61.69132509534248
2026-06-25 19:10:00,330.5960718774595,65.12885620520393
2026-06-25 19:15:00,415.32806720734936,47.176880338948145
2026-06-25 19:20:00,519.3809008331118,32.544850029818924
2026-06-25 19:25:00,499.3599247396862,49.71349077330684
2026-06-25 19:30:00,449.87620424999216,63.37183163956683
corrupted_timestamp,520.1887194291483,63.24116551363001
2026-06-25 19:40:00,604.0026719862688,48.99514287648596
2026-06-25 19:45:00,539.4126510434148,51.21856050494845
2026-06-25 19:50:00,487.8691328610419,48.47428466044533
ERR-2026-06-25 19:55:00,592.8072006660689,44.06343910349891
2026-06-25 20:00:00,404.0149697783705,32.84329501319468
2026-06-25 20:05:00,477.50804604446483,55.19649570929103
2026-06-25 20:10:00,479.8912064399632,45.164456703816
2026-06-25 20:15:00,376.3046741557155,52.14727287795628
2026-06-25 20:20:00,458.0125837715642,
2026-06-25 20:25:00,292.50403191046973,
2026-06-25 20:30:00,691.2178047662953,43.11835703540338
2026-06-25 20:35:00,406.2586211563687,40.23283928565368
2026-06-25 20:40:00,658.6114131421311,55.88622598188342
2026-06-25 20:45:00,503.80845057194927,56.61117170190094
2026-06-25 20:50:00,556.4864132155959,44.364439405982075
2026-06-25 20:55:00,451.12002016490686,59.94755002087711
2026-06-25 21:00:00,520.7929691961674,49.6194701946605
25/06/2026 21:05:00,565.0489639988436,42.56892095767048
2026-06-25 21:10:00,566.4552414394182,40.16878275441174
2026-06-25 21:15:00,577.4773390074357,54.882144832433625
2026-06-25 21:20:00,463.1667289960824,
2026-06-25 21:25:00,451.9640327508645,53.79794335178326
2026-06-25 21:30:00,340.58236747323963,38.94001710469133
2026-06-25 21:35:00,552.3219011176936,27.747568338134876
2026-06-25 21:40:00,608.2378711323443,56.107635434102114
2026-06-25 21:45:00,661.5981679917929,62.00798090272092
25/06/2026 21:50:00,530.5172634580508,33.807964578220144
2026-06-25 21:55:00,423.35202270914306,45.791841336306184
2026-06-25 22:00:00,330.2903856710544,76.3919381774011
2026-06-25 22:05:00,604.166673308335,55.63163092030747
corrupted_timestamp,320.3723433222465,63.07644000110977
2026-06-25 22:15:00,465.9395922256233,
2026-06-25 22:20:00,477.5693172056354,45.15763991330406
2026-06-25 22:25:00,493.0544862148981,73.41176678913024
2026-06-25 22:30:00,503.580260003584,32.61996300545067
2026-06-25 22:35:00,513.8147556367575,55.08896524081457
2026-06-25 22:40:00,258.463673792147,53.45366952519386
2026-06-25 22:45:00,501.46559098701266,38.96663789343313
2026-06-25 22:50:00,277.04244258881226,42.57995872769994
2026-06-25 22:55:00,573.2218073090995,43.86623674949393
2026-06-25 23:00:00,444.4874844196388,35.54944040925425
2026-06-25 23:05:00,284.29632747766493,35.86653005801292
2026-06-25 23:10:00,418.5795322614624,46.789048922552965
2026-06-25 23:15:00,442.99246608153464,45.146852099502986
2026-06-25 23:20:00,619.0699617555005,43.43540828578143
2026-06-25 23:25:00 (UTC),519.6637741750245,58.321826097715004
2026-06-25 23:30:00,534.444494435058,42.491907828857514
2026-06-25 23:35:00,618.1221634220601,52.67899182815022
ERR-2026-06-25 23:40:00,490.38557120755104,49.98963022982014
2026-06-25 23:45:00,575.4187961032403,46.84592117053306
2026-06-25 23:50:00,568.3861113931991,36.31907150653453
2026-06-25 23:55:00,371.35305064305874,48.29184313196683
2026-06-26 00:00:00,647.298357762983,43.58398699348396
ERR-2026-06-26 00:05:00,357.9698219929305,59.61510571229011
2026-06-26 00:10:00,591.7366649477848,56.385546477774945
ERR-2026-06-26 00:15:00,348.29269630943674,44.11987923984438
2026-06-26 00:20:00,560.1236788151673,41.066650884927334
2026-06-26 00:25:00 (UTC),686.1914878150172,41.058353533410525
2026-06-26 00:30:00,478.70213434497884,47.53699459704654
2026-06-26 00:35:00,474.3644357146854,60.489108369187335
2026-06-26 00:40:00,561.0439999316849,61.803382928279134
2026-06-26 00:45:00,467.0603544037457,23.335852602975873
2026-06-26 00:50:00,8024.233636548328,65.18460180157932
2026-06-26 00:55:00 (UTC),519.2192249458695,48.82040452587188
2026-06-26 01:00:00,467.98304917792746,36.24638654838582
2026-06-26 01:05:00,445.9714472104317,49.48817335524535
ERR-2026-06-26 01:10:00,406.70515298269794,
2026-06-26 01:15:00,437.22450132425104,66.52321154644339
2026-06-26 01:20:00,464.93266063414035,44.205377221746865
2026-06-26 01:25:00,5190.006738878123,40.43528895255355
2026-06-26 01:30:00,434.18247258628963,70.99083673376434
2026-06-26 01:35:00,709.884123035244,53.99789710140464
2026-06-26 01:40:00,,44.899557196708386
2026-06-26 01:45:00,9812.025170266134,
ERR-2026-06-26 01:50:00,559.2521009760871,63.08862632322915
2026-06-26 01:55:00,563.0107995583733,43.8524097237827
2026-06-26 02:00:00,494.1392924217528,41.947077095525394
2026-06-26 02:05:00,475.92974281526904,50.987454046043645
2026-06-26 02:10:00,545.1547491239506,48.3781974823528
ERR-2026-06-26 02:15:00,6436.437430145573,
2026-06-26 02:20:00,474.10411652324865,2633.7963166110603
2026-06-26 02:25:00,343.81214282755695,67.48180867879137
,453.2076277666753,60.4651355042199
2026-06-26 02:35:00,385.3449836292542,53.882288830746575
,433.28404499336733,
2026-06-26 02:45:00,503.32232385169596,48.72846641406674
2026-06-26 02:50:00,535.8736143996616,56.84195874700232
2026-06-26 02:55:00,678.0452751292406,56.03549266422447
2026-06-26 03:00:00,,50.6539169367969
2026-06-26 03:05:00,577.462563527515,60.85717709832663
2026-06-26 03:10:00,530.5960024437836,38.35329880181337
2026-06-26 03:15:00,629.599767063979,59.84225150342517
2026-06-26 03:20:00,557.6228719595626,56.209385718923826
2026-06-26 03:25:00,399.1518572713684,35.733722320556794
ERR-2026-06-26 03:30:00,327.6953970708769,43.43256215162825
2026-06-26 03:35:00,531.1261699667505,64.9793921762852
2026-06-26 03:40:00,447.15490020996094,55.25872108171044
,401.96862540494027,48.84565687268036
2026-06-26 03:50:00,373.2422295466922,53.28972228526368
2026-06-26 03:55:00,516.0975497587156,50.124884911580764
2026-06-26 04:00:00 (UTC),650.7707699313365,53.60331303564554
2026-06-26 04:05:00,459.1327654293958,59.3617192116261
2026-06-26 04:10:00,559.0270311075323,68.10841068549492
2026-06-26 04:15:00,489.77336497824075,40.24087259328512
2026-06-26 04:20:00,371.0617910896607,61.64991979589115
2026-06-26 04:25:00,573.4811343510418,
2026-06-26 04:30:00,390.53079559726285,37.71651791750985
2026-06-26 04:35:00,502.1626630593565,63.092417563462625
26/06/2026 04:40:00,465.8479584994695,43.09099955005949
,,59.97998120195892
2026-06-26 04:50:00,394.1849007529313,60.789511993173655
2026-06-26 04:55:00,,69.43392427122615
2026-06-26 05:00:00,416.0202592651299,62.353678894855065
2026-06-26 05:05:00 (UTC),448.8894787671215,63.03329383450928
2026-06-26 05:10:00,136.4799772459898,61.79659933252275
,709.2098571617909,52.25658262177929
2026-06-26 05:20:00,555.0556932826232,63.5537430810176
26/06/2026 05:25:00,423.26525140618355,2984.851389006124
2026-06-26 05:30:00 (UTC),387.53443116670064,43.76429154290213
2026-06-26 05:35:00,450.43512471206594,55.94806274751194
2026-06-26 05:40:00,571.6879534819452,62.39232771777227
2026-06-26 05:45:00,310.79150744150746,48.2892677640938
2026-06-26 05:50:00,485.8415580705662,46.05327572667654
2026-06-26 05:55:00,677.0641872462674,35.641561363594896
2026-06-26 06:00:00,386.6053664032196,41.77637681765551
,508.0385038763655,
2026-06-26 06:10:00,720.3309815257758,62.25872345796624
2026-06-26 06:15:00,563.2151629690773,45.95276230799375
2026-06-26 06:20:00,512.5923820485455,54.8129480501211
26/06/2026 06:25:00,550.6636454909003,34.99319983119694
2026-06-26 06:30:00,459.91346649902977,63.00448518723627
2026-06-26 06:35:00,629.963128530344,1516.2290039909644
2026-06-26 06:40:00,460.0669977099788,36.48152925411652
26/06/2026 06:45:00,304.0818391264023,
ERR-2026-06-26 06:50:00,-220.37614220356386,42.24776704748148
2026-06-26 06:55:00,403.3265470123297,52.3156735770702
corrupted_timestamp,471.88059878025706,46.4261395274107
2026-06-26 07:05:00,474.09159409193694,47.01948105103564
2026-06-26 07:10:00,9389.857483230471,41.62832858860615
2026-06-26 07:15:00,9659.034222966935,2736.581854763804
2026-06-26 07:20:00,526.3265487575396,58.207090933154355
2026-06-26 07:25:00,499.7054588667405,59.96648419526261
2026-06-26 07:30:00,394.1141991142006,43.34090952876288
26/06/2026 07:35:00,281.88247623343227,2888.9646270023663
ERR-2026-06-26 07:40:00,511.31600113927834,41.06795770498057
2026-06-26 07:45:00,579.4641203573659,57.85074199408253
2026-06-26 07:50:00 (UTC),489.1666116755411,48.64640786544957
2026-06-26 07:55:00,446.51456772132997,42.60573766910782
2026-06-26 08:00:00 (UTC),546.4502165214212,39.77984732458401
2026-06-26 08:05:00,491.6667799375653,60.913276285155646
2026-06-26 08:10:00,668.5744191973961,36.09218452966721
2026-06-26 08:15:00,623.2728342068284,49.214635478983
ERR-2026-06-26 08:20:00,595.9508057023329,30.809665726846067
2026-06-26 08:25:00,575.7734114209903,40.360945150593416
2026-06-26 08:30:00,370.9832585548543,37.28790275425776
2026-06-26 08:35:00,566.29937020526,25.50088356225356
,537.6325957646575,44.64948475311448
2026-06-26 08:45:00,560.6424728391163,46.666533326755506
2026-06-26 08:50:00,549.2609486813053,38.27981088532311
2026-06-26 08:55:00,545.2762587848066,43.89593652473268
2026-06-26 09:00:00,770.0866469549594,47.67285294675144
,492.3814330048081,31.054175885610018
2026-06-26 09:10:00,593.6337380829331,50.31882222634572
2026-06-26 09:15:00,452.90101897359966,56.03064411169075
2026-06-26 09:20:00,579.0641583887672,52.939420391515895
2026-06-26 09:25:00,593.9319890232456,53.13808520990278
26/06/2026 09:30:00,536.4426077135348,48.4642575331369
2026-06-26 09:35:00,666.92469423765,53.48794883126348
,411.57239636395826,60.675764363437736
2026-06-26 09:45:00,451.2779058331778,75.13891972555159
2026-06-26 09:50:00,521.2380086023489,39.65500610861828
2026-06-26 09:55:00,588.0806853484222,41.702696087527
2026-06-26 10:00:00,517.9429521294933,40.29201104437654
2026-06-26 10:05:00,628.5759036510566,
2026-06-26 10:10:00,433.83101290336805,65.54718718194893
2026-06-26 10:15:00,385.94215105114455,57.612843611421056
26/06/2026 10:20:00,530.8128336536505,36.713823753381526
2026-06-26 10:25:00 (UTC),492.2819723886304,46.98673146770975
corrupted_timestamp,554.286372035822,53.489923974358504
2026-06-26 10:35:00,497.2597709133496,53.41519865368914
2026-06-26 10:40:00 (UTC),,69.36697194920606
2026-06-26 10:45:00,492.50624282762766,60.62003948055846
corrupted_timestamp,502.8848894793185,60.13777899512043
2026-06-26 10:55:00,469.50187001516696,45.786129561712556
2026-06-26 11:00:00,479.68679536765717,
2026-06-26 11:05:00,459.640666301309,33.564772400715064
2026-06-26 11:10:00,585.6665119869407,50.83269141544421
2026-06-26 11:15:00,519.40210045058,51.774064005534086
,725.6752472168766,37.48018389659232
2026-06-26 11:25:00,516.0704551278462,47.00978100574176
2026-06-26 11:30:00,444.91425296713385,64.68577828467971
2026-06-26 11:35:00,767.0675374863065,49.62016332623052
2026-06-26 11:40:00,541.3626377714336,56.24166084280732
2026-06-26 11:45:00,599.0124786892817,73.89687908621904
2026-06-26 11:50:00,559.2102983202492,45.45230819883082
2026-06-26 11:55:00,562.3011029297749,58.50429740491042
2026-06-26 12:00:00,553.5654051352474,48.13911483104191
2026-06-26 12:05:00,389.79154352239345,61.06340643200524
2026-06-26 12:10:00,6651.714529663927,49.56290686868887
2026-06-26 12:15:00,367.5138696149761,60.560205137812225
2026-06-26 12:20:00,482.56371635874655,63.73492437459313
2026-06-26 12:25:00,427.43825434367125,47.96517335499976
2026-06-26 12:30:00,535.7470185848724,60.539883203559306
,533.4126247338235,32.81920907634672
2026-06-26 12:40:00,548.1145890765187,51.290912852932465
2026-06-26 12:45:00,528.7296572749087,63.0874181439611
2026-06-26 12:50:00 (UTC),439.31746582136014,73.80405496007336
2026-06-26 12:55:00,473.899651064832,37.37635088293127
2026-06-26 13:00:00,592.0396161254484,38.718296331857175
2026-06-26 13:05:00,606.78566772944,44.75589888137797
2026-06-26 13:10:00 (UTC),385.32169013734506,51.64504479902608
2026-06-26 13:15:00,346.9072367487354,43.51785526743551
2026-06-26 13:20:00,427.3110616795288,58.92990923601019
2026-06-26 13:25:00,604.5207582032251,47.18158841280636
2026-06-26 13:30:00,621.4884030183034,42.873979861946495
2026-06-26 13:35:00,407.52881195988283,39.570417466935915
2026-06-26 13:40:00,530.7309353736339,50.55052499004943
2026-06-26 13:45:00,683.4431333140087,54.60152598133824
2026-06-26 13:50:00,541.5311477240334,59.07724861874367
2026-06-26 13:55:00,642.1503285233093,46.14551784732181
2026-06-26 14:00:00 (UTC),599.8726570083098,54.73553180718871
2026-06-26 14:05:00,408.9801293772089,65.75696264654135
2026-06-26 14:10:00,481.0018576502922,62.29657865596784
2026-06-26 14:15:00,503.4754478291848,45.822369704331095
26/06/2026 14:20:00,510.413338802134,56.80227030170002
2026-06-26 14:25:00,,48.18190725182963
ERR-2026-06-26 14:30:00,540.8684762275409,45.62739120163904
26/06/2026 14:35:00,206.37990562218846,40.699289184640094
2026-06-26 14:40:00,368.7159726907274,
2026-06-26 14:45:00,281.2619085023957,42.95566818335175
2026-06-26 14:50:00,517.5365240655334,48.424339285375694
26/06/2026 14:55:00,524.0487649467761,30.944417911121775
2026-06-26 15:00:00,528.3224958610718,60.999599218967866
2026-06-26 15:05:00 (UTC),404.1071732285384,49.66992196689538
2026-06-26 15:10:00,567.4144005119989,61.8800099561426
2026-06-26 15:15:00,571.6262496468529,53.53237089240185
2026-06-26 15:20:00,374.4850932794842,51.344793547559966
2026-06-26 15:25:00,353.3961798551128,58.40061816587608
26/06/2026 15:30:00,499.9868313773062,49.889178705444436
2026-06-26 15:35:00,9620.83478615043,31.602524279425264
2026-06-26 15:40:00,669.9742742198642,52.64962388421308
2026-06-26 15:45:00,556.3404360448053,61.11793439973847
2026-06-26 15:50:00,427.00033284199236,41.36902916431452
,588.6842659488585,28.934062625106854
2026-06-26 16:00:00,454.75757351909584,42.81204851862368
2026-06-26 16:05:00,423.24929633261894,53.28803960867508
2026-06-26 16:10:00,285.60331683780055,38.22252625851967
26/06/2026 16:15:00,510.2382198347653,48.84303443317071
2026-06-26 16:20:00 (UTC),437.0132650862625,54.09462312356759
2026-06-26 16:25:00,509.6430379528504,
2026-06-26 16:30:00,270.06423037629384,62.91476911394445
2026-06-26 16:35:00,516.9826672583687,56.78045035837484
26/06/2026 16:40:00,256.8878836028372,39.943778394729186
2026-06-26 16:45:00,608.7940253268553,56.96007657512562
2026-06-26 16:50:00,552.1891234135085,41.74048477644024
2026-06-26 16:55:00,472.1335228575412,44.84872098971829
2026-06-26 17:00:00,556.2719860082079,50.42710875400821
corrupted_timestamp,402.19257373364474,58.24224236236397
2026-06-26 17:10:00,507.2375515614892,49.559959698739775
2026-06-26 17:15:00,579.4774038460336,54.134525485524435
2026-06-26 17:20:00 (UTC),190.57107509086103,64.33545738570112
2026-06-26 17:25:00,455.2775640322476,52.612605095102296
2026-06-26 17:30:00,497.7355869863626,
2026-06-26 17:35:00,480.37063822542336,56.9759757094224
2026-06-26 17:40:00,645.7101826227405,44.53435614016517
2026-06-26 17:45:00,387.60988750771156,47.12284901686657
2026-06-26 17:50:00,,55.63551005000086
2026-06-26 17:55:00,308.41309736915514,55.85802543533618
2026-06-26 18:00:00,651.0286651273145,48.18775333767696
2026-06-26 18:05:00 (UTC),475.37098573912,46.8715404537033
26/06/2026 18:10:00,456.1591111963293,
2026-06-26 18:15:00,494.7517317689286,
2026-06-26 18:20:00 (UTC),563.6235828430324,53.648305798427636
2026-06-26 18:25:00,534.7363403516125,50.17025959974792
2026-06-26 18:30:00,,45.77885900218082
2026-06-26 18:35:00,545.3935888403774,52.882305234409024
2026-06-26 18:40:00,453.4754570830919,40.2494583731751
2026-06-26 18:45:00,443.8643262476053,36.974007476821185
ERR-2026-06-26 18:50:00,460.7241047583191,60.41101450884088
2026-06-26 18:55:00,7041.934591338518,43.269713639020246
2026-06-26 19:00:00,503.9864207491586,48.77500884112138
2026-06-26 19:05:00,578.3468106208917,27.445545847311145
2026-06-26 19:10:00,438.6636399376764,32.657566778814854
2026-06-26 19:15:00,419.26199437158886,52.527162447854174
2026-06-26 19:20:00 (UTC),651.5945146294234,60.835779567265305
corrupted_timestamp,357.3516843378835,43.138407342142806
,293.21816235226987,66.32064457971768
2026-06-26 19:35:00,384.7098056352617,62.861570229709564
corrupted_timestamp,9207.505100356295,58.853593455055304
2026-06-26 19:45:00,538.6226064104582,60.838659621889136
2026-06-26 19:50:00,463.92954995504266,63.14530059728413
ERR-2026-06-26 19:55:00,6316.250507084512,44.79817310004506
2026-06-26 20:00:00,615.2934176974774,45.27400225111878
26/06/2026 20:05:00,430.86651388372235,56.96308073715066
ERR-2026-06-26 20:10:00,577.508941174564,37.564265826700264
2026-06-26 20:15:00,651.1322799203203,53.32222266464987
2026-06-26 20:20:00,454.43375019863396,54.59058911581016
2026-06-26 20:25:00,573.7022855556313,56.99045584898904
2026-06-26 20:30:00,475.818208747102,
2026-06-26 20:35:00,,37.12292475320886
2026-06-26 20:40:00,342.8510812423727,1120.252388502418
ERR-2026-06-26 20:45:00,335.44877548746535,50.65914223189916
2026-06-26 20:50:00,460.8732285092459,74.4574337120313
2026-06-26 20:55:00,411.1075190940229,40.38808928167087
2026-06-26 21:00:00,448.32908905701146,46.77873057610302
2026-06-26 21:05:00,478.047341755286,52.979324900414184
2026-06-26 21:10:00,572.0013531836252,44.610818329293124
2026-06-26 21:15:00,459.2339421434065,56.55356940705191
2026-06-26 21:20:00,417.61386893769134,57.1089259756713
2026-06-26 21:25:00,464.84866232411014,2020.167814709584
2026-06-26 21:30:00,423.0854720193382,
2026-06-26 21:35:00,,46.69701640398502
2026-06-26 21:40:00,338.6983186423031,58.68240009860857
2026-06-26 21:45:00,506.94781162210785,49.59692536168039
2026-06-26 21:50:00,443.1294293402947,46.22967936033353
2026-06-26 21:55:00,596.6278739234672,
2026-06-26 22:00:00,355.26039079410594,45.05852436218833
2026-06-26 22:05:00,445.7916444952121,60.89271137447007
2026-06-26 22:10:00,681.2907220658749,60.74486438076178
2026-06-26 22:15:00,406.0390482902151,52.82130414046951
2026-06-26 22:20:00,476.3466747903876,45.54365756871987
2026-06-26 22:25:00,378.4156017174632,51.878168150196025
2026-06-26 22:30:00,365.1572487219019,42.64969308643083
,654.7310983087679,49.07673092681967
2026-06-26 22:40:00,517.1039492637148,34.88373393371285
2026-06-26 22:45:00,513.3678838237623,48.86067081838586
2026-06-26 22:50:00,330.36837648837775,58.71491362006753
2026-06-26 22:55:00,535.8741388108303,44.676933803632494
2026-06-26 23:00:00,615.7421945993826,
,614.947706082853,56.13068963239465
2026-06-26 23:10:00,566.8333229606161,54.35853827935899
2026-06-26 23:15:00,387.0514422404596,
2026-06-26 23:20:00,-755.2961876008039,40.9022224303053
ERR-2026-06-26 23:25:00,566.7584960476607,
2026-06-26 23:30:00,320.5556414911099,38.24129352735795
2026-06-26 23:35:00,387.8720408518215,46.092612998623366
2026-06-26 23:40:00,588.8157321743441,52.46272227687297
2026-06-26 23:45:00,587.6045776671929,74.14759876066358
2026-06-26 23:50:00,345.1416966378608,57.17686888807391
2026-06-26 23:55:00,579.5021459269173,1854.8863208131731
2026-06-27 00:00:00,509.53033991536176,49.823426202331824
2026-06-27 00:05:00,,47.666476591989415
ERR-2026-06-27 00:10:00,436.54786765660583,53.278512474265085
2026-06-27 00:15:00,564.5183496480902,59.97652188331048
2026-06-27 00:20:00,584.3828774485625,43.81129471830092
2026-06-27 00:25:00,464.8665064544288,51.94793829014901
2026-06-27 00:30:00,501.7752546173286,59.76512198371604
27/06/2026 00:35:00,435.14783704953464,38.020085628338585
27/06/2026 00:40:00,665.1638948685879,48.61912456524593
2026-06-27 00:45:00,487.9728060674234,46.32138422073165
corrupted_timestamp,407.7975674822818,49.8053263006885
2026-06-27 00:55:00,428.417408612525,27.814521819753487
2026-06-27 01:00:00,512.6770601142113,42.963674123602
2026-06-27 01:05:00,575.3331171778211,28.894494337205803
ERR-2026-06-27 01:10:00,366.41731548494784,39.338417698498084
ERR-2026-06-27 01:15:00,684.7660002942449,
2026-06-27 01:20:00,530.8675294055616,54.101338322970435
2026-06-27 01:25:00,546.6455972969412,46.05884181523638
2026-06-27 01:30:00,490.28104561765633,28.87472483619479
2026-06-27 01:35:00,,44.1323751861621
2026-06-27 01:40:00,485.1716862072597,37.45100263325058
2026-06-27 01:45:00,601.779596903596,47.4484377518996
2026-06-27 01:50:00,499.207141254663,50.961608942780245
2026-06-27 01:55:00,576.705021849271,33.884786269209144
,,46.166634463696155
ERR-2026-06-27 02:05:00,519.5640528312316,27.9665671153028
2026-06-27 02:10:00,419.6079655760579,48.074234880965115
2026-06-27 02:15:00,621.6528232549537,48.03631925113954
2026-06-27 02:20:00,416.6252759280884,34.90791533161918
2026-06-27 02:25:00,467.5020555738674,35.54145991173469
2026-06-27 02:30:00,468.5039587545255,67.6551635160936
27/06/2026 02:35:00,464.6048612326232,53.40992445667224
2026-06-27 02:40:00,572.2495769442937,43.010698329810026
2026-06-27 02:45:00,468.3342235263356,46.68801066527694
2026-06-27 02:50:00,639.3924530541072,38.09511836036354
2026-06-27 02:55:00,418.1524913869832,52.23190968888098
2026-06-27 03:00:00,516.9377469942707,48.841601641239066
2026-06-27 03:05:00,422.42140106874,57.29353820137075
2026-06-27 03:10:00,542.0972782531467,60.26195944047842
2026-06-27 03:15:00,498.405027302323,63.49120127185022
2026-06-27 03:20:00,484.49379553015217,58.59816432616679
2026-06-27 03:25:00,,47.83451771425879
27/06/2026 03:30:00,434.5658128944897,36.41751116376363
ERR-2026-06-27 03:35:00,558.6515157618,47.06352762811831
2026-06-27 03:40:00,423.10400873252075,49.51503462355844
2026-06-27 03:45:00,511.26852001603737,
2026-06-27 03:50:00,380.44246717765543,44.38897891854084
2026-06-27 03:55:00,433.74828536932597,
2026-06-27 04:00:00,491.7856954427135,52.56130250256364
2026-06-27 04:05:00,,74.17220488779412
2026-06-27 04:10:00,-419.39718923784744,64.26710088948629
2026-06-27 04:15:00,665.4668315866707,61.91004948465371
2026-06-27 04:20:00 (UTC),522.0323291690918,46.307506010834
27/06/2026 04:25:00,461.29157555250606,42.48757255781541
2026-06-27 04:30:00,653.9356522600693,57.622226771684495
2026-06-27 04:35:00,543.7017622073419,62.606836666913736
2026-06-27 04:40:00 (UTC),435.72784061172865,47.37591869728317
,547.0571459400297,44.15637910126213
2026-06-27 04:50:00,470.740525009239,44.634256594992294
2026-06-27 04:55:00,301.09658038287046,52.143638972447114
2026-06-27 05:00:00,593.5973159265618,
2026-06-27 05:05:00,609.4934055641929,50.14594525029568
2026-06-27 05:10:00,,62.424644102297634
2026-06-27 05:15:00,542.2143692195262,58.658469909127646
2026-06-27 05:20:00,475.12765759174675,48.25337429258089
2026-06-27 05:25:00,583.4989427378586,2672.440171588909
2026-06-27 05:30:00,584.9820365318907,60.14228714041373
2026-06-27 05:35:00,663.8281183136422,55.28494154401209
2026-06-27 05:40:00 (UTC),495.5372376933558,66.48113487966192
2026-06-27 05:45:00,483.4421027432405,56.76486712108434
2026-06-27 05:50:00,428.44555802414726,52.58659404302873
2026-06-27 05:55:00,553.7462086725202,45.07865865315429
2026-06-27 06:00:00,345.17383317691645,34.30779452901174
2026-06-27 06:05:00,577.6087372862564,60.60442956448481
ERR-2026-06-27 06:10:00,558.783512186579,60.71464880391557
2026-06-27 06:15:00,,63.6402620847486
2026-06-27 06:20:00,513.822523650184,37.80170942448229
2026-06-27 06:25:00,653.2978247531084,53.82661194919786
2026-06-27 06:30:00,587.1993465426863,43.290550479172516
27/06/2026 06:35:00,439.29228086243,48.98132628486549
2026-06-27 06:40:00,441.08209503023534,34.37721631977518
,412.0326186585363,43.2104431854742
2026-06-27 06:50:00,555.1283332775588,48.963190301492226
2026-06-27 06:55:00,399.9861078760043,53.945405758493344
ERR-2026-06-27 07:00:00,608.3392143583352,57.49892079313881
2026-06-27 07:05:00,632.2973308345543,65.90876906654994
,412.0983731049549,48.80974847491989
2026-06-27 07:15:00 (UTC),481.44514654071463,45.29780881493394
2026-06-27 07:20:00,501.66209813624135,53.491505661643025
2026-06-27 07:25:00,588.3983160469668,53.05365980079767
2026-06-27 07:30:00,660.9343375609877,38.844665663580486
2026-06-27 07:35:00,331.45076071314224,37.83100405748094
2026-06-27 07:40:00,468.1819282473317,72.92259498464816
2026-06-27 07:45:00,473.3983304439653,52.73039706537827
,8200.859223101434,57.96487032801325
ERR-2026-06-27 07:55:00,451.48899806959383,55.668072041260174
2026-06-27 08:00:00,542.7768944350611,54.746886963610784
2026-06-27 08:05:00,472.1321097160443,62.68108859562683
2026-06-27 08:10:00,,72.3667135382432
2026-06-27 08:15:00,787.4082698009913,55.58614099877363
2026-06-27 08:20:00,526.617786520418,51.20634198319609
27/06/2026 08:25:00,511.1694130106675,60.17308551539659
2026-06-27 08:30:00 (UTC),390.20736369329535,47.74724546572356
2026-06-27 08:35:00,526.0706161971275,2947.3549525798644
2026-06-27 08:40:00,483.57862159585056,56.53073293227729
2026-06-27 08:45:00,311.14765872845936,40.94379423530244
ERR-2026-06-27 08:50:00,392.97445599855837,42.13564399442131
2026-06-27 08:55:00,579.4926017673945,37.342652603205586
corrupted_timestamp,694.4017650000442,24.88355909495562
,536.7165405043045,
2026-06-27 09:10:00,610.3083278293367,51.07228615401381
2026-06-27 09:15:00,484.424469141679,62.00342657524817
2026-06-27 09:20:00,491.3453839319397,44.65901645007273
2026-06-27 09:25:00 (UTC),609.0979027619466,43.07010551756337
2026-06-27 09:30:00,666.2777289179469,49.36443084500356
2026-06-27 09:35:00,630.1096693465622,49.281407127872804
2026-06-27 09:40:00,393.3636924615181,49.44046263864181
2026-06-27 09:45:00,493.3041109684754,60.616836450226955
2026-06-27 09:50:00 (UTC),527.7524684476296,
2026-06-27 09:55:00,474.0322036492471,45.10511202029403
2026-06-27 10:00:00,538.7857543415596,
corrupted_timestamp,582.0576811668948,56.51802288137425
2026-06-27 10:10:00,600.2809751955141,78.63732317215381
2026-06-27 10:15:00 (UTC),668.5870152221523,67.45863810268344
2026-06-27 10:20:00,467.0558895275165,52.46703186317684
2026-06-27 10:25:00,363.5966835160686,
2026-06-27 10:30:00,535.8234594014452,49.14298078243434
2026-06-27 10:35:00,688.3811031184803,43.2810504486825
2026-06-27 10:40:00,452.3024140045941,52.16752569552891
2026-06-27 10:45:00,568.6846977063719,53.22715790378411
2026-06-27 10:50:00,569.5745792472643,56.1094955611747
2026-06-27 10:55:00,519.1442047344609,30.32930754884102
2026-06-27 11:00:00,500.69247210437146,41.24909773209083
2026-06-27 11:05:00,407.65707942786077,64.52684492718362
2026-06-27 11:10:00 (UTC),271.83379275794226,38.98018747948343
2026-06-27 11:15:00,388.8149293335971,42.323549782311126
2026-06-27 11:20:00,460.96958508883006,46.75621008725734
2026-06-27 11:25:00,609.7422687422707,64.21424743954631
2026-06-27 11:30:00,489.68719376486246,56.63311851308338
2026-06-27 11:35:00,448.09742810818517,47.220807366537514
2026-06-27 11:40:00,410.90145580465696,45.39245319585161
2026-06-27 11:45:00,565.680582850948,43.17578578784411
2026-06-27 11:50:00,635.8357166430606,37.444426723372246
2026-06-27 11:55:00,606.343572186746,41.8839578231189
2026-06-27 12:00:00,560.6149699758469,67.61225774459183
2026-06-27 12:05:00,352.438725361706,64.88789296467824
2026-06-27 12:10:00,464.83257571562285,46.569121607912216
,694.7304228889675,45.05510715887055
2026-06-27 12:20:00,612.1950491915225,61.404314359799585
2026-06-27 12:25:00,346.2496781765275,43.956276492926804
27/06/2026 12:30:00,494.44094768007284,56.67026646171803
,536.3098432661038,38.93316224168864
2026-06-27 12:40:00,423.784153697378,51.68840992887523
2026-06-27 12:45:00,269.0795978591151,45.28264846703125
2026-06-27 12:50:00,509.8824045016432,54.58947533232079
2026-06-27 12:55:00,421.22417423795605,62.90557194589212
2026-06-27 13:00:00 (UTC),421.6158260915316,43.94598393805663
2026-06-27 13:05:00,464.53196400692417,39.34044048034271
2026-06-27 13:10:00,486.63240853451885,47.01855359276455
corrupted_timestamp,499.09172059043135,63.37508670222422
2026-06-27 13:20:00,411.6010101077999,51.322198573074424
2026-06-27 13:25:00,477.97904703659225,49.252057477693086
27/06/2026 13:30:00,324.2576629597245,61.53833794641295
ERR-2026-06-27 13:35:00,7471.747173615052,55.18407096378214
27/06/2026 13:40:00,214.37245866588427,73.20668158717564
2026-06-27 13:45:00,471.05099195663803,39.08888651003547
2026-06-27 13:50:00,591.9186153676953,49.908736076784265
2026-06-27 13:55:00,394.06593127251733,36.17390136890167
2026-06-27 14:00:00,,39.093882561535175
2026-06-27 14:05:00,615.5732712120893,63.13522101842811
2026-06-27 14:10:00,169.21000475026113,40.97467644795508
2026-06-27 14:15:00,484.86370964242576,
,212.42265723717247,38.91560163818838
2026-06-27 14:25:00,488.17915544290537,49.07445107503993
2026-06-27 14:30:00,499.2828789018673,38.06071995228409
2026-06-27 14:35:00,251.74560140891614,1989.2170529950122
2026-06-27 14:40:00,692.4838362079865,52.044150865082536
2026-06-27 14:45:00,528.6015807634625,62.57816007121791
2026-06-27 14:50:00,415.09765679179645,58.43967851858111
2026-06-27 14:55:00,646.5379427498518,51.232912827016364
2026-06-27 15:00:00,320.4386779357683,51.15022837358473
2026-06-27 15:05:00,377.0828966481683,37.34688558690504
2026-06-27 15:10:00,270.0544476330101,53.8195478772199
2026-06-27 15:15:00,680.1045196539334,49.035169689228724
2026-06-27 15:20:00,533.2346371472004,56.58952675698833
2026-06-27 15:25:00,565.9401789848495,57.49064297951072
2026-06-27 15:30:00,530.1001233918475,43.57605147889569
2026-06-27 15:35:00,557.3767761144585,42.76407544008395
2026-06-27 15:40:00,507.80777138959894,50.770298186875536
2026-06-27 15:45:00,527.0921342707442,47.38210410741946
27/06/2026 15:50:00,510.76034362229507,35.39593878152979
27/06/2026 15:55:00,439.14081944307213,39.96416812343264
2026-06-27 16:00:00,495.33752347853306,60.75400119295995
2026-06-27 16:05:00,,54.48338755163271
2026-06-27 16:10:00,511.0549119552131,49.73022383995234
2026-06-27 16:15:00,352.2227892246683,62.50229520262139
27/06/2026 16:20:00,365.5013331391591,49.38323560963232
2026-06-27 16:25:00,608.2841433916391,57.06487413168756
2026-06-27 16:30:00,469.3005954116598,49.63065388966763
2026-06-27 16:35:00,558.4725347035941,50.60447302335076
2026-06-27 16:40:00,390.7880090277604,81.41346174406343
2026-06-27 16:45:00,352.685412335347,43.057930376808606
27/06/2026 16:50:00,,55.50780091841788
2026-06-27 16:55:00,477.74349292285865,55.292973300693944
2026-06-27 17:00:00,433.48597007155877,61.49967865971224
2026-06-27 17:05:00,629.3933523105713,49.27485019424002
2026-06-27 17:10:00,,70.01103081531738
2026-06-27 17:15:00,684.8938618561858,46.38987447150646
2026-06-27 17:20:00,540.4408154071417,45.515065604589836
2026-06-27 17:25:00,5598.212622695279,58.43366067296975
2026-06-27 17:30:00,605.6041606458555,62.302856958786975
2026-06-27 17:35:00,349.0448377530045,37.52618732713361
2026-06-27 17:40:00,523.0533667211339,42.29660486648687
2026-06-27 17:45:00,422.5315942336155,51.706171754412445
2026-06-27 17:50:00,6718.641510266654,55.94820266948111
2026-06-27 17:55:00,643.9597927430135,63.48568096396954
,,51.15340354538849
,487.2642331878888,61.54582239155617
2026-06-27 18:10:00,,31.96348817624289
2026-06-27 18:15:00,586.341407156161,37.98937815695376
2026-06-27 18:20:00,502.9151912325013,49.923076900420575
2026-06-27 18:25:00,397.5105100619133,60.443839627284014
,428.2441360799947,46.778606440259054
2026-06-27 18:35:00,499.5518203623209,47.08887722328466
2026-06-27 18:40:00,623.4456978764691,53.81345938163006
2026-06-27 18:45:00,542.7837860536044,47.72465345726593
27/06/2026 18:50:00,422.6585073384984,64.03567917045434
2026-06-27 18:55:00,564.837277770979,50.99104381202443
2026-06-27 19:00:00,461.301516112184,74.58867633898339
2026-06-27 19:05:00,589.0408005186841,51.51744820719028
2026-06-27 19:10:00,752.7010418328605,
2026-06-27 19:15:00,464.11736290564505,50.89005716248505
2026-06-27 19:20:00,580.1605159726371,60.943079896395375
2026-06-27 19:25:00,425.46066679622703,48.35480685538028
,488.77362328087025,21.89131514841705
2026-06-27 19:35:00,502.9562286872101,45.26134513259897
2026-06-27 19:40:00,480.63163399556197,26.824301325915503
ERR-2026-06-27 19:45:00,746.3013688775023,55.159749612163814
27/06/2026 19:50:00,469.34069253216177,38.78920970236002
2026-06-27 19:55:00,558.6851538784867,50.47344947887613
2026-06-27 20:00:00,306.99131306765673,35.28656146982449
2026-06-27 20:05:00,543.199656336961,49.148034237987986
2026-06-27 20:10:00,,51.69849124190648
ERR-2026-06-27 20:15:00,447.2402657420949,45.055357938214016
,248.9777858959587,49.54756039365272
2026-06-27 20:25:00,496.1348231172675,33.165656570001445
27/06/2026 20:30:00,501.7183850385528,50.44910882754489
2026-06-27 20:35:00,572.4075050744304,
2026-06-27 20:40:00,701.0903035413434,50.8855496610121
corrupted_timestamp,461.99463493996933,48.79604199802372
2026-06-27 20:50:00,414.37118763397194,47.60786764216237
27/06/2026 20:55:00,383.3082198628557,45.52649471228067
2026-06-27 21:00:00,519.8078617031599,52.73534392200727
2026-06-27 21:05:00 (UTC),547.9354258818502,66.67257014821956
2026-06-27 21:10:00,445.43446056374154,48.66631011703893
2026-06-27 21:15:00,577.8682745725789,55.406448765371266
2026-06-27 21:20:00,,65.6487170710723
2026-06-27 21:25:00,504.323168964489,54.0256537223069
2026-06-27 21:30:00 (UTC),409.7585279255875,57.54430879996332
2026-06-27 21:35:00,451.8135684515277,41.42661620657226
2026-06-27 21:40:00,257.0244702317455,53.61970643408981
2026-06-27 21:45:00,523.5787064198033,53.52092139624848
2026-06-27 21:50:00 (UTC),502.6341288747435,67.76593109783681
2026-06-27 21:55:00,518.8478991089487,37.526009256280254
ERR-2026-06-27 22:00:00,550.4319015564561,
2026-06-27 22:05:00,538.5821486432224,61.49709023816796
2026-06-27 22:10:00,5279.435333968326,59.65634267049036
2026-06-27 22:15:00,504.86680431627525,38.51318026274946
2026-06-27 22:20:00,359.56835833038303,40.951179762579045
2026-06-27 22:25:00,441.62793543105744,56.25028379971775
2026-06-27 22:30:00,,29.19550974272871
2026-06-27 22:35:00 (UTC),426.41464240876394,34.945027820310955
2026-06-27 22:40:00,586.0150795872546,57.959802711080826
27/06/2026 22:45:00,434.13679190449693,61.90127102168491
2026-06-27 22:50:00,521.6305411248317,1661.5486334605387
2026-06-27 22:55:00,511.6565656815336,46.656849692652656
2026-06-27 23:00:00,574.627759361041,41.33289844023662
2026-06-27 23:05:00,590.0791174028302,42.3209927506319
2026-06-27 23:10:00,569.4032610967939,54.51931776019432
2026-06-27 23:15:00,289.3993798616866,47.99214181318231
ERR-2026-06-27 23:20:00,619.4148148013127,36.45212567700021
2026-06-27 23:25:00,,55.24756703553585
2026-06-27 23:30:00,451.78757156785304,39.74217578228968
2026-06-27 23:35:00,523.664691267285,57.44764088542523
2026-06-27 23:40:00,410.9168319869218,57.06205636117657
2026-06-27 23:45:00,305.16214932678486,47.031891050110985
2026-06-27 23:50:00,426.12847344576136,
,445.98609605363896,47.082286847317725
2026-06-28 00:00:00,464.51492686481845,49.2922175348359
2026-06-28 00:05:00,404.1085909994012,37.18767655016607
2026-06-28 00:10:00,426.6574833182761,16.053193923829653
2026-06-28 00:15:00,498.8993678371592,48.74150008344498
2026-06-28 00:20:00,422.9773016889858,40.056451187736435
,554.3524332550028,41.44999548460537
2026-06-28 00:30:00,568.166065139744,40.85158630786401
,738.038774616449,59.50858966996647
2026-06-28 00:40:00,612.5679932123462,60.75786081105652
2026-06-28 00:45:00,524.3103058328414,53.41119124116242
2026-06-28 00:50:00,-781.4118897751255,46.732478685325674
2026-06-28 00:55:00,529.3747351673999,53.30861316197624
,532.6595959916356,60.982045953874305
2026-06-28 01:05:00,,66.61468840902434
2026-06-28 01:10:00,6691.327236050487,42.43987591114907
corrupted_timestamp,360.1901985318125,34.81543435312133
2026-06-28 01:20:00,475.56001644624894,53.09681983463364
2026-06-28 01:25:00,555.5858459317407,32.04604415523252
2026-06-28 01:30:00,5755.019097372873,52.769498007749306
,479.3245596570729,52.22751799172018
2026-06-28 01:40:00,486.22141388077193,48.67049687589647
2026-06-28 01:45:00 (UTC),416.43987593122546,67.90037029773914
2026-06-28 01:50:00,617.3900931574208,50.77094641198216
2026-06-28 01:55:00,398.1962328077185,55.528684728413936
,531.8159327409885,61.56706597089873
ERR-2026-06-28 02:05:00,541.3647898282373,49.30445568054668
2026-06-28 02:10:00,405.1378098791033,46.05656071028263
2026-06-28 02:15:00,507.31042543807433,46.36483473256308
ERR-2026-06-28 02:20:00,-691.5179677084355,54.220805212906114
ERR-2026-06-28 02:25:00,639.1042475055946,53.218161383770536
2026-06-28 02:30:00,386.1217063023787,67.11947180672657
2026-06-28 02:35:00,434.61029057680355,43.652404587625746
2026-06-28 02:40:00,377.577499164442,47.64642895139809
,364.2301273132448,59.5437029728765
2026-06-28 02:50:00,659.1215290882294,56.56508565741122
28/06/2026 02:55:00,554.2774673912562,
ERR-2026-06-28 03:00:00,514.0293425700544,48.04584743132206
2026-06-28 03:05:00,434.34230366530784,44.984907681670514
2026-06-28 03:10:00,590.7611811046768,40.956305929219695
2026-06-28 03:15:00,417.5777560632547,49.75211236780422
2026-06-28 03:20:00,579.3639294330103,55.839738850556614
2026-06-28 03:25:00,412.7488723394364,53.696006421439925
2026-06-28 03:30:00,435.5492298124328,49.176397958178384
2026-06-28 03:35:00,575.8282386117921,53.184455564926374
2026-06-28 03:40:00,586.3827344155767,40.46564008579381
2026-06-28 03:45:00,559.7472933896761,55.668630101879366
2026-06-28 03:50:00,395.0325884243205,35.68295518087001
2026-06-28 03:55:00,455.3273134277171,52.54969581016136
2026-06-28 04:00:00,515.6898741198513,55.915258327063164
2026-06-28 04:05:00,415.07190380899084,51.048485291084994
2026-06-28 04:10:00,637.0962760129294,50.06486813548671
2026-06-28 04:15:00,259.8053056049454,39.411864232320944
2026-06-28 04:20:00,,
28/06/2026 04:25:00,449.0433497130168,69.82331837848972
corrupted_timestamp,215.6056335228232,49.32125714657239
2026-06-28 04:35:00,360.37708697638095,47.236776211701056
corrupted_timestamp,562.5289512542068,33.83755395551053
2026-06-28 04:45:00,503.0283636552964,53.6532007522167
2026-06-28 04:50:00 (UTC),657.3136022042903,54.375085128363516
2026-06-28 04:55:00,654.5226445884819,45.24130108086586
2026-06-28 05:00:00,543.3046378603947,47.55323481498555
2026-06-28 05:05:00,531.3238249000711,36.70598865485448
2026-06-28 05:10:00,506.59311085789005,51.23307062916002
2026-06-28 05:15:00,234.49179821205098,54.972344935690366
2026-06-28 05:20:00,360.5440486673925,27.423163835946855
2026-06-28 05:25:00,510.0675503098934,49.63221953682525
28/06/2026 05:30:00,561.6025708747671,67.30362961572018
2026-06-28 05:35:00,528.966981213814,51.5054703356369
2026-06-28 05:40:00,410.7535032284342,54.91876057844835
2026-06-28 05:45:00,593.7406282469495,60.58697515444836
2026-06-28 05:50:00,648.2444028754637,55.686151213778885
2026-06-28 05:55:00,593.7989600291339,46.41232533518605
ERR-2026-06-28 06:00:00,598.959932959047,33.80663992336888
,444.0774202044789,77.02833119162781
2026-06-28 06:10:00,607.59341227008,57.459336686866074
2026-06-28 06:15:00,514.5758639327657,58.44081630691298
2026-06-28 06:20:00,551.1555528522005,60.40381054186329
2026-06-28 06:25:00,536.5431842824709,61.19138305511262
2026-06-28 06:30:00,487.8512894559589,2612.905411899139
2026-06-28 06:35:00,413.9997524877698,50.28717132077571
2026-06-28 06:40:00,491.78633364459535,46.802921179135936
2026-06-28 06:45:00,598.6761617482823,57.320911802978344
ERR-2026-06-28 06:50:00,455.85241946870906,1251.1865573785944
2026-06-28 06:55:00 (UTC),,51.130666600844286
28/06/2026 07:00:00,573.7070670617672,59.85497604662992
2026-06-28 07:05:00 (UTC),470.106260298017,70.96827699457393
,,40.58879012785123
2026-06-28 07:15:00,464.4453328809294,54.80104888835288
2026-06-28 07:20:00,650.9546862612632,39.94060269414886
2026-06-28 07:25:00,543.4126981540973,51.95396175748528
2026-06-28 07:30:00 (UTC),498.41340815464866,33.188181875344924
2026-06-28 07:35:00,411.2198619662346,43.02732522846035
2026-06-28 07:40:00,491.17397698649586,50.20571502092982
,479.624048650558,60.697994087722584
2026-06-28 07:50:00,374.17036147490944,35.19641073556498
,478.2384577282333,54.33480280547578
2026-06-28 08:00:00,419.61968199029144,49.642676911049286
2026-06-28 08:05:00,558.5991768978781,64.6361966179134
2026-06-28 08:10:00,630.6280475728203,45.95673016084332
2026-06-28 08:15:00,377.30843237047594,54.34191151750777
2026-06-28 08:20:00,671.2307728366923,48.438909496998406
2026-06-28 08:25:00,487.14489656148703,40.231666063470186
2026-06-28 08:30:00,402.4978615061486,1666.7145101560054
,575.7754780208184,42.43418387430828
28/06/2026 08:40:00,455.3545521744952,32.54238877673434
2026-06-28 08:45:00,491.8263323968506,65.46288688582567
2026-06-28 08:50:00,459.5721755787921,46.41638326569521
2026-06-28 08:55:00,418.32620681351,54.77852229831926
ERR-2026-06-28 09:00:00,572.3997032401903,38.936289778142644
2026-06-28 09:05:00,471.3698597105813,50.46349621718588
corrupted_timestamp,,55.0649653706255
2026-06-28 09:15:00,555.1060124215933,50.87071299825682
2026-06-28 09:20:00,379.44176489762447,41.69865266368343
2026-06-28 09:25:00,384.67398273247414,58.08898013682936
2026-06-28 09:30:00 (UTC),619.2606204977316,29.516021302165342
2026-06-28 09:35:00,380.36601007897883,34.23504441060764
2026-06-28 09:40:00,268.3555143072509,48.839925427411394
2026-06-28 09:45:00,562.2861484961495,26.043465930280835
2026-06-28 09:50:00,469.61365705188695,42.151072984752815
2026-06-28 09:55:00,478.23448788618833,45.286362584789075
2026-06-28 10:00:00,6240.714279812773,65.20924105102881
2026-06-28 10:05:00,523.1669939018727,43.39927618512292
2026-06-28 10:10:00,424.7280758096932,44.77800568375003
2026-06-28 10:15:00,,31.506075560194635
2026-06-28 10:20:00,352.3769519690602,50.761924555206456
2026-06-28 10:25:00,544.4874916677123,50.09922970193388
2026-06-28 10:30:00,564.2121003876584,39.07304139433913
2026-06-28 10:35:00,424.0348239166622,59.13842386562304
,397.6265554722182,58.48688588058005
2026-06-28 10:45:00,601.7174214170157,44.40695231320096
ERR-2026-06-28 10:50:00,400.9139245983285,30.751168076280134
2026-06-28 10:55:00,439.3336059249433,39.27819525998795
2026-06-28 11:00:00,588.7308962459747,65.34414838405908
2026-06-28 11:05:00,503.4741233539024,51.39268666051987
2026-06-28 11:10:00,320.28563323708954,42.33921537799675
2026-06-28 11:15:00,674.7059144553514,
2026-06-28 11:20:00,446.9989241220034,48.14742031716878
,459.7242710093583,50.13357262424755
,525.5784252326365,73.90829075285977
2026-06-28 11:35:00,562.5076797004073,59.211514580014956
2026-06-28 11:40:00,696.1104291291467,47.14487685251894
ERR-2026-06-28 11:45:00,333.9931850594304,53.69932007048545
ERR-2026-06-28 11:50:00,582.5952208925946,55.50976880294929
2026-06-28 11:55:00,574.3009694050077,58.215281183856234
2026-06-28 12:00:00,486.28350891258833,39.63399610790695
2026-06-28 12:05:00,578.7273694816222,66.29619483000792
2026-06-28 12:10:00 (UTC),593.4274017636546,64.24324653574176
28/06/2026 12:15:00,361.80372150129955,40.71064925843522
2026-06-28 12:20:00,674.976650588083,49.85569611212143
2026-06-28 12:25:00,344.1237746861858,50.74742657638659
2026-06-28 12:30:00,386.46837187612266,51.60327514454914
2026-06-28 12:35:00,473.82123263759036,57.75469386127246
2026-06-28 12:40:00,692.4940513187057,46.681539126425506
2026-06-28 12:45:00 (UTC),469.1743370246613,54.32002138395488
2026-06-28 12:50:00,496.8066109949189,56.33076362058871
2026-06-28 12:55:00,643.2078603904563,54.956445566797484
2026-06-28 13:00:00,469.96818574345275,54.756623091487604
2026-06-28 13:05:00,382.1563287069324,55.54949158811698
2026-06-28 13:10:00,-587.1330124932774,52.150142271624006
ERR-2026-06-28 13:15:00,637.0791833805778,30.819907151899166
2026-06-28 13:20:00,507.08649970551363,39.85989753834652
2026-06-28 13:25:00,693.065825905626,37.06641335624603
2026-06-28 13:30:00,573.7934926262155,39.25969734586326
2026-06-28 13:35:00,435.5191063606517,40.10548202442854
2026-06-28 13:40:00,505.1076304465078,60.365202332250576
2026-06-28 13:45:00,414.678188185812,63.34224287128641
2026-06-28 13:50:00,,56.43189824062908
2026-06-28 13:55:00 (UTC),947.9084251025756,40.06811267313662
2026-06-28 14:00:00,601.8624510033811,40.77737909944992
ERR-2026-06-28 14:05:00,586.1097989006673,43.5400148348166
2026-06-28 14:10:00,437.68196846919363,42.67570391852411
2026-06-28 14:15:00,656.9584066281079,63.205868829934815
2026-06-28 14:20:00,609.9415601792937,36.42714387161048
2026-06-28 14:25:00,688.1621289357771,53.13891263386231
2026-06-28 14:30:00,683.3114148398449,
28/06/2026 14:35:00,352.0910711902478,54.96023450836228
2026-06-28 14:40:00,389.0160510730093,46.178301566035344
28/06/2026 14:45:00,399.62121845363635,38.780471348079544
2026-06-28 14:50:00,5247.402705190293,44.41917416652648
2026-06-28 14:55:00,532.345236426039,55.00450232661184
2026-06-28 15:00:00,443.3196547904182,33.72141139673597
2026-06-28 15:05:00,707.2598540762518,
2026-06-28 15:10:00 (UTC),690.4679882081638,48.12946017270868
,499.35384059209605,
2026-06-28 15:20:00,695.532621614979,40.476353295028645
2026-06-28 15:25:00,648.8134627240202,64.52791587868383
ERR-2026-06-28 15:30:00,454.9293440822741,36.77245770730141
2026-06-28 15:35:00,299.0784655974438,44.643796703574374
2026-06-28 15:40:00,478.20316150392705,54.8447039343453
,435.53778689215267,49.25038185652578
2026-06-28 15:50:00,520.650562514583,44.28698035576355
,508.9228286874749,57.846519869105215
2026-06-28 16:00:00,506.3017658899229,29.23406129911595
2026-06-28 16:05:00,552.3684741379165,56.99667093118333
2026-06-28 16:10:00,378.7478052916322,40.50392371145812
2026-06-28 16:15:00,541.1360277569707,
2026-06-28 16:20:00 (UTC),456.0383846982994,71.55563033282961
2026-06-28 16:25:00,519.9982199863687,50.37385337070248
2026-06-28 16:30:00,595.740984523219,
2026-06-28 16:35:00 (UTC),377.56002267789705,60.756566458511415
2026-06-28 16:40:00,471.87063473304306,40.7551162288673
2026-06-28 16:45:00,488.1465765971136,47.39867583196227
2026-06-28 16:50:00,448.5731028429359,49.644530788984454
2026-06-28 16:55:00,589.9829496132958,42.971763543482375
corrupted_timestamp,427.96116411995285,61.88273396333056
corrupted_timestamp,444.45996005576615,63.31480909802963
2026-06-28 17:10:00,429.0080867047935,48.70487831205618
corrupted_timestamp,609.2055411438802,54.988606901576816
2026-06-28 17:20:00,450.75558875877834,58.54612704995688
2026-06-28 17:25:00,546.0045390883556,52.81549473377653
2026-06-28 17:30:00,697.5705101230074,44.237722859942465
2026-06-28 17:35:00,492.51815796494145,25.16581990317192
2026-06-28 17:40:00,611.2060680033157,50.94449797904465
2026-06-28 17:45:00,667.1354084093127,1212.418817283789
2026-06-28 17:50:00,602.7191560040413,40.56066164403724
2026-06-28 17:55:00,498.31986840222595,51.716270481348275
2026-06-28 18:00:00,,54.455846253684626
2026-06-28 18:05:00,,
ERR-2026-06-28 18:10:00,421.9956841850048,51.24896694318273
2026-06-28 18:15:00,439.5324818368081,40.00645808794196
corrupted_timestamp,724.0612120174283,62.060170268348216
2026-06-28 18:25:00,418.7415485744733,49.551365020054696
2026-06-28 18:30:00,417.25232487381703,44.62929539989913
ERR-2026-06-28 18:35:00,395.60790197510164,33.58152861484529
2026-06-28 18:40:00,,54.04236938786106
2026-06-28 18:45:00,514.2621392668883,74.56360564902566
28/06/2026 18:50:00,608.6758977026565,47.64587103044466
2026-06-28 18:55:00,567.1259666077354,45.12729327015521
2026-06-28 19:00:00,361.96101532759326,49.87408541620511
2026-06-28 19:05:00,419.27222299896295,49.24508385920428
2026-06-28 19:10:00,636.5328748275822,46.32422440999542
2026-06-28 19:15:00,479.6701755423195,70.75508372579588
2026-06-28 19:20:00,618.7591818018013,50.443833197077424
,485.0319052084683,36.96977266606566
2026-06-28 19:30:00,403.23435717114785,38.223353666612596
2026-06-28 19:35:00,469.6739222333294,61.392293597772344
2026-06-28 19:40:00,403.1950204450304,52.8409621100953
2026-06-28 19:45:00,443.4447237597576,46.48406823649315
2026-06-28 19:50:00,520.0925706565246,45.65184947586615
2026-06-28 19:55:00,551.160509036902,56.9714945802
2026-06-28 20:00:00,340.98086767457016,42.10788900623186
2026-06-28 20:05:00,498.2631992490902,48.503911835092445
2026-06-28 20:10:00,441.3384264440248,
2026-06-28 20:15:00,435.15851910411874,42.56789263156527
2026-06-28 20:20:00,513.2684619133076,62.71817502709847
2026-06-28 20:25:00,444.9548127310788,
2026-06-28 20:30:00,638.2137994846674,50.381726172680686
2026-06-28 20:35:00,618.8061876251061,50.76158976304254
2026-06-28 20:40:00,618.182829394204,28.760504517377537
2026-06-28 20:45:00,450.50898045096983,42.573208987050265
2026-06-28 20:50:00,,55.965541864100906
2026-06-28 20:55:00,508.2029929388116,42.79232637605037
2026-06-28 21:00:00,484.9651633713733,47.35501328548748
2026-06-28 21:05:00,439.1176837576635,45.934481508047284
2026-06-28 21:10:00,382.42655533330384,59.738954512175404
2026-06-28 21:15:00,495.84820307319285,53.4263656435603
2026-06-28 21:20:00,459.59305497475265,45.49957241985175
ERR-2026-06-28 21:25:00,568.834703703802,42.83271009673156
2026-06-28 21:30:00,566.510605152148,58.66245324500087
28/06/2026 21:35:00,610.0799805422716,51.4425808696756
2026-06-28 21:40:00,8926.220262328097,60.07447399343061
2026-06-28 21:45:00,540.1058307693633,56.1765837857344
2026-06-28 21:50:00,427.25342937663277,17.318918881240734
2026-06-28 21:55:00,377.95857891889153,60.722153929406815
2026-06-28 22:00:00,457.139776305129,51.248519804846424
2026-06-28 22:05:00,606.8704980134618,52.46078902459508
,462.7681646429516,29.938872821761116
2026-06-28 22:15:00,656.5454659959112,45.12797114756258
2026-06-28 22:20:00,554.8878515520333,50.58265082936928
ERR-2026-06-28 22:25:00,460.5909521019423,37.16895213702017
2026-06-28 22:30:00,616.0048428906408,63.27226836138859
,544.5396772114286,2075.302481422541
2026-06-28 22:40:00,406.74406115532946,45.98441981548055
ERR-2026-06-28 22:45:00,685.8802635580515,1008.5774055159025
ERR-2026-06-28 22:50:00,525.9478823086476,53.69812420378426
2026-06-28 22:55:00 (UTC),501.87961919854916,63.723370831402136
2026-06-28 23:00:00,414.4467330094384,41.84010598390454
2026-06-28 23:05:00,617.9538267607738,54.780535050137445
2026-06-28 23:10:00,551.7275427361307,63.42515613146499
2026-06-28 23:15:00,9515.71969698422,61.84049279837042
2026-06-28 23:20:00,449.24686564742314,60.08968849584385
2026-06-28 23:25:00,583.4100571910069,62.44327056977402
2026-06-28 23:30:00,591.1813593570802,65.27348227677005
2026-06-28 23:35:00,,26.92275314367532
2026-06-28 23:40:00,358.3009860319009,45.73759463257625
2026-06-28 23:45:00,558.1373059338924,32.5762423788253
2026-06-28 23:50:00,342.665305039426,32.711986069265656
2026-06-28 23:55:00 (UTC),515.2015777837779,44.78594761620859
2026-06-29 00:00:00,455.27548952126926,45.71297354771
,621.8665210788921,63.607200477046106
2026-06-29 00:10:00,460.71561092327926,2935.1658648095918
2026-06-29 00:15:00,610.7272972003805,51.79197505859975
2026-06-29 00:20:00,448.57905556369735,65.97415311910902
2026-06-29 00:25:00,599.9991005059611,48.47055109673926
2026-06-29 00:30:00,706.0341543836832,69.51928109312196
2026-06-29 00:35:00,393.19528616337595,31.247078410890737
2026-06-29 00:40:00,529.2035721730908,41.507324896343476
2026-06-29 00:45:00,774.8782415910065,65.42929386269114
2026-06-29 00:50:00,506.65888269029216,43.22792992897945
2026-06-29 00:55:00,506.1788270229648,47.601541227831646
2026-06-29 01:00:00,578.849894735102,66.71365733448975
2026-06-29 01:05:00,504.1080864094754,56.644193311654746
2026-06-29 01:10:00,329.27740054294475,2739.7856751134627
2026-06-29 01:15:00,613.2287374838938,56.172083325202465
2026-06-29 01:20:00,,42.93207809280141
ERR-2026-06-29 01:25:00,458.3208348861658,45.066891943758705
corrupted_timestamp,620.7425749156648,49.06627563774395
ERR-2026-06-29 01:35:00,464.34575713572144,44.21534002097864
2026-06-29 01:40:00,430.6303507535596,54.89893135210367
2026-06-29 01:45:00,587.926390516656,41.283502720503655
2026-06-29 01:50:00,414.8885213165613,53.03729508944541
2026-06-29 01:55:00,377.77742804080464,57.56753913619921
29/06/2026 02:00:00,527.4513987493283,49.33706647990941
2026-06-29 02:05:00,481.7076701587409,50.69221022977163
2026-06-29 02:10:00,375.6326885811158,50.903715566708335
2026-06-29 02:15:00,563.695253999487,51.28740576512177
2026-06-29 02:20:00,546.4487605577234,48.96839276378442
2026-06-29 02:25:00,464.02449833943683,
2026-06-29 02:30:00,470.86679938750535,
2026-06-29 02:35:00,547.0392742009157,51.86067792875157
29/06/2026 02:40:00,619.0361419752066,45.676357849976036
2026-06-29 02:45:00 (UTC),471.7206789890675,48.53526988766814
2026-06-29 02:50:00,565.4688493008144,59.91684155935277
2026-06-29 02:55:00,556.5200217084599,70.0672910613354
2026-06-29 03:00:00,587.9307292708976,74.61072920270522
2026-06-29 03:05:00,503.93091987434656,51.337910158120415
2026-06-29 03:10:00,408.7674485933642,39.68867357644103
,453.75008468000306,47.564744459508866
2026-06-29 03:20:00,534.2853465781648,51.45764955717796
2026-06-29 03:25:00,681.8464378381593,60.82206610874408
2026-06-29 03:30:00 (UTC),451.59803768037216,
2026-06-29 03:35:00,580.4787443527399,48.759584655268874
2026-06-29 03:40:00,467.194354932324,39.890765259016625
2026-06-29 03:45:00,511.04687558861355,66.66315968420487
2026-06-29 03:50:00,651.5396749263592,1219.825780968149
2026-06-29 03:55:00,576.4292581420433,46.452212949683265
2026-06-29 04:00:00,375.8700727259043,50.64087164824852
2026-06-29 04:05:00,,36.50112631956245
2026-06-29 04:10:00,625.6221344441359,54.54686892110047
2026-06-29 04:15:00,6625.528944108845,53.852366177356316
2026-06-29 04:20:00,385.11598803841366,32.286619426759415
2026-06-29 04:25:00,418.1047555026279,42.70636940731463
2026-06-29 04:30:00 (UTC),570.3493522711171,47.01099116326076
2026-06-29 04:35:00,599.441028121763,47.108860295527876
2026-06-29 04:40:00,7769.020425796107,44.933906079582904
2026-06-29 04:45:00,747.5313800936102,51.27438384612795
ERR-2026-06-29 04:50:00,582.4152363455638,63.94310755444961
2026-06-29 04:55:00,475.65189303670996,54.78886427802597
2026-06-29 05:00:00,418.4293951900656,61.78216333173845
,402.51156953609586,53.64436937699301
ERR-2026-06-29 05:10:00,533.5421320480369,46.8085962988982
2026-06-29 05:15:00,451.1222955086593,48.22823137062671
2026-06-29 05:20:00,667.3743753983424,58.02762610147318
2026-06-29 05:25:00,646.631180291786,55.40647893808436
2026-06-29 05:30:00,563.3066547497227,63.331694566933905
2026-06-29 05:35:00,382.10038270431045,50.069712702709076
2026-06-29 05:40:00,432.7781127447595,36.04583404550645
2026-06-29 05:45:00,625.56775257411,48.052215876623904
2026-06-29 05:50:00,443.6933800204898,35.07501573320383
29/06/2026 05:55:00,612.2141733919524,48.65456871158945
2026-06-29 06:00:00,547.460392303476,38.26294202902146
2026-06-29 06:05:00,,49.06860965463869
2026-06-29 06:10:00,429.7167187064559,51.47408199384864
2026-06-29 06:15:00,490.57561564752484,48.789522495768736
ERR-2026-06-29 06:20:00,518.9647954874898,47.244545809837014
2026-06-29 06:25:00,603.2538898301121,
2026-06-29 06:30:00,411.42643993662455,61.33566115056194
2026-06-29 06:35:00,473.7183157473885,52.81999911417222
2026-06-29 06:40:00,504.4823131932285,34.79499097052184
,566.2678357686165,51.3291024685066
2026-06-29 06:50:00,409.1535662477223,65.17748470197824
2026-06-29 06:55:00,368.3430207112785,45.38526717463962
2026-06-29 07:00:00,567.3965151710049,46.15252899456843
2026-06-29 07:05:00,348.2050885053297,56.318380668979266
2026-06-29 07:10:00,628.4979714762169,41.44820794194793
2026-06-29 07:15:00,484.4073902517092,38.19237272855364
ERR-2026-06-29 07:20:00,345.2468917725554,34.35038171190702
2026-06-29 07:25:00,451.9579780596506,56.79784358714863
2026-06-29 07:30:00,537.9123633069237,58.694978754266415
2026-06-29 07:35:00 (UTC),446.72989124450226,44.14717897644239
2026-06-29 07:40:00,502.0029748824347,38.45403931542245
2026-06-29 07:45:00,574.0078365705286,58.700353546917455
2026-06-29 07:50:00,479.78096646123805,48.74293456480254
2026-06-29 07:55:00,406.29423235338663,29.93078615499842
2026-06-29 08:00:00,470.1016002628159,53.71849295079964
ERR-2026-06-29 08:05:00,641.484013645926,52.913511041041836
2026-06-29 08:10:00,668.5064345333184,63.884800752016545
2026-06-29 08:15:00,298.0073826057725,58.39362065161156
2026-06-29 08:20:00,609.1027909191477,58.95828174644897
2026-06-29 08:25:00,525.0147716035357,41.224587146239756
29/06/2026 08:30:00,592.3982679120151,
2026-06-29 08:35:00,444.951173973237,55.12570140781645
2026-06-29 08:40:00,323.1736490498514,50.184638970042855
2026-06-29 08:45:00 (UTC),558.4488788647461,56.463808975982104
2026-06-29 08:50:00,405.9022738717283,51.256565445249436
2026-06-29 08:55:00,361.17075685151474,64.44634237972917
2026-06-29 09:00:00,368.15986175265334,2461.710777108411
2026-06-29 09:05:00,560.0913782415334,50.419103346672074
2026-06-29 09:10:00,-311.20293448626876,43.6683534241769
2026-06-29 09:15:00,578.2466021874674,41.25009709435067
2026-06-29 09:20:00,566.9075254496365,63.2497530699234
2026-06-29 09:25:00,457.9066435416234,48.86651846699637
,492.9526426122544,
29/06/2026 09:35:00,448.85624712174604,36.5648938436497
,478.9672227134509,50.971958769893114
2026-06-29 09:45:00 (UTC),403.2745262018934,51.6066713255012
29/06/2026 09:50:00,539.0484293874335,62.46904533902082
2026-06-29 09:55:00,607.5120748981757,41.18169062780652
2026-06-29 10:00:00,418.3386970179013,
ERR-2026-06-29 10:05:00,628.1269645401343,35.85378321231121
2026-06-29 10:10:00,511.3521496477942,64.65047678991556
2026-06-29 10:15:00,524.1078976405813,32.78323329316655
2026-06-29 10:20:00,330.0570480392482,51.21059169058814
2026-06-29 10:25:00,319.27376904342657,74.97616955197228
2026-06-29 10:30:00,514.4116362779682,61.37726306068703
2026-06-29 10:35:00,578.9732124632008,2195.288660425845
2026-06-29 10:40:00,,67.13656535421671
corrupted_timestamp,667.0093900583089,51.73175325051943
2026-06-29 10:50:00,573.4935974254315,51.66753332773611
2026-06-29 10:55:00,409.16587482920147,49.97068188259603
2026-06-29 11:00:00,503.0848667053507,49.22884088220617
2026-06-29 11:05:00,,43.87516686064608
2026-06-29 11:10:00,375.74359972002947,63.826594339957694
29/06/2026 11:15:00,552.8269938915105,44.73258682636172
2026-06-29 11:20:00 (UTC),467.72554472766575,47.175941239649596
2026-06-29 11:25:00,570.6896290918512,36.75564722782161
2026-06-29 11:30:00,626.7273646318382,58.30246247348089
2026-06-29 11:35:00,461.3762911288633,65.9259362783814
2026-06-29 11:40:00,611.8912271707173,27.690304992367345
2026-06-29 11:45:00,722.1203394271961,65.47630636608964
ERR-2026-06-29 11:50:00,506.62747373442346,57.38152126345455
29/06/2026 11:55:00,578.4888687494185,62.70416044108485
2026-06-29 12:00:00,440.9559229796725,53.734000760900166
2026-06-29 12:05:00 (UTC),501.92593090312124,56.005055539443056
2026-06-29 12:10:00 (UTC),482.33249072917573,53.321877990597145
2026-06-29 12:15:00,579.6935925658596,40.00717947520247
,620.4675935756925,48.789018345726525
2026-06-29 12:25:00,489.03451508825407,45.102904871536474
2026-06-29 12:30:00,653.3622845732923,60.858932550686866
2026-06-29 12:35:00,653.0047441561629,47.30541400074682
2026-06-29 12:40:00,584.6853743179901,54.88586781607604
2026-06-29 12:45:00,448.39734682782716,39.120487542614015
2026-06-29 12:50:00,438.81711832600973,68.42896851886896
2026-06-29 12:55:00,418.76186453099615,52.6107690028319
2026-06-29 13:00:00,594.9166070238161,36.463077841180365
2026-06-29 13:05:00 (UTC),378.82317925106355,60.1026616000629
29/06/2026 13:10:00,567.6837654111007,52.50934694201526
2026-06-29 13:15:00,391.8890652175887,57.91162990876324
2026-06-29 13:20:00,582.3546119841974,81.49152917692768
2026-06-29 13:25:00,501.72195827305603,61.45706149546669
2026-06-29 13:30:00,633.3638561859827,60.9399805717248
ERR-2026-06-29 13:35:00,614.1454578321271,46.447421655569066
2026-06-29 13:40:00,643.5065412002111,51.072787192096726
2026-06-29 13:45:00,646.0818718289113,46.43523945217211
corrupted_timestamp,514.3630833988198,36.89635788015171
2026-06-29 13:55:00,384.12069335753955,
2026-06-29 14:00:00,394.7476945002621,61.35227475180898
2026-06-29 14:05:00,291.31514706840625,53.820137830633115
29/06/2026 14:10:00,391.63341665719065,38.33410967756012
2026-06-29 14:15:00,506.8823657704649,48.9214449379343
2026-06-29 14:20:00,444.03458191748376,42.14421082594192
2026-06-29 14:25:00,481.98643955901485,54.662125146334944
2026-06-29 14:30:00,549.2715419461401,43.158691988831514
2026-06-29 14:35:00 (UTC),,44.450017471863696
2026-06-29 14:40:00,387.81711995874156,37.14478461094978
2026-06-29 14:45:00,494.6766332436568,66.64624100129964
,410.1509513227155,49.47729678750663
2026-06-29 14:55:00,472.9213503020937,48.867424146999255
2026-06-29 15:00:00,634.2776964423003,53.336730652212125
2026-06-29 15:05:00,472.94946959038253,54.06496821028469
corrupted_timestamp,677.0957553347745,43.1468761330881
2026-06-29 15:15:00,643.163598693797,52.36472981023787
2026-06-29 15:20:00,442.06946914209567,50.92127428578102
2026-06-29 15:25:00,388.88762335842245,60.216620095392024
2026-06-29 15:30:00,494.74458380798063,
2026-06-29 15:35:00,615.332776339689,49.90605089260962
,450.9809093771312,50.24159315525241
2026-06-29 15:45:00,590.8090298262139,47.87717619581627
2026-06-29 15:50:00,620.8439989136089,51.08840437545352
2026-06-29 15:55:00,422.59743496373943,49.674430638263665
2026-06-29 16:00:00,432.3948911711413,51.588143373487064
2026-06-29 16:05:00,571.2662032127007,35.31964753020138
2026-06-29 16:10:00,515.184754964157,43.59924639834343
2026-06-29 16:15:00,431.39384734563214,64.367258547934
29/06/2026 16:20:00,,43.406529748767696
2026-06-29 16:25:00 (UTC),492.9480447272581,48.60913444118328
2026-06-29 16:30:00,343.51455750445393,52.11106145056978
,576.5643106482695,48.28109267572777
2026-06-29 16:40:00,452.13078110608086,44.34956991500054
,221.62837762019012,59.20668492495146
2026-06-29 16:50:00,497.61290316905473,39.6292303379786
2026-06-29 16:55:00,425.84287411064923,29.413431904469398
2026-06-29 17:00:00,668.8822192302677,62.88723829483936
2026-06-29 17:05:00,441.45549790800317,37.10064849297969
2026-06-29 17:10:00,390.2356636421389,57.24229932145612
ERR-2026-06-29 17:15:00,550.7932669962016,46.122820011355046
29/06/2026 17:20:00,433.9552631992417,65.02256273269825
2026-06-29 17:25:00,422.05437987477677,47.52021330643205
2026-06-29 17:30:00,550.9501382824405,44.58604637883049
2026-06-29 17:35:00,395.9532692110434,58.87598257335338
2026-06-29 17:40:00,354.2726341800547,62.39773096641896
2026-06-29 17:45:00,672.5998002094337,66.19630234813786
2026-06-29 17:50:00,557.9498737600645,24.88026432269477
,,30.200682770276444
2026-06-29 18:00:00,499.6522790298064,39.10881569081282
2026-06-29 18:05:00,550.5864358116156,38.82264999736517
2026-06-29 18:10:00,597.3337449613421,45.06836349911147
2026-06-29 18:15:00,424.4024708684988,50.507700046360235
2026-06-29 18:20:00,536.6146525965682,51.915319325754645
2026-06-29 18:25:00,449.32958237897617,55.538135225847
2026-06-29 18:30:00,481.10187554873755,43.02406491095111
,516.0692867464904,49.0996357847565
29/06/2026 18:40:00,499.3321426947328,49.37417138490251
2026-06-29 18:45:00,573.5566898302571,50.16871811555768
2026-06-29 18:50:00,548.7086559115594,44.944486497020584
2026-06-29 18:55:00,349.1830790627822,52.12718839302919
29/06/2026 19:00:00,364.2176792934558,39.62695792779626
2026-06-29 19:05:00 (UTC),463.0283315240707,67.20556955402144
2026-06-29 19:10:00,682.8625262441825,41.211241117064475
2026-06-29 19:15:00,414.84081674983975,53.953781617235094
2026-06-29 19:20:00,479.1777290387247,
2026-06-29 19:25:00,446.3653973043478,45.08463114540125
,444.595561591192,34.879462016062604
2026-06-29 19:35:00,517.8239743905056,
2026-06-29 19:40:00,640.0777276195652,47.577073311520245
2026-06-29 19:45:00,545.596839988059,44.211950200190635
2026-06-29 19:50:00,419.6469038572908,56.74950952985976
corrupted_timestamp,775.3229510803208,66.71501113141485
,507.85732209611257,49.292335417429086
corrupted_timestamp,442.27790436178867,55.11683640511347
2026-06-29 20:10:00 (UTC),641.209637467759,62.39159365785003
2026-06-29 20:15:00,453.09293820561817,39.30271412595243
2026-06-29 20:20:00,666.2913654987443,67.7291031750515
2026-06-29 20:25:00,412.93572090333333,36.80668284083012
2026-06-29 20:30:00,643.0030388921369,
2026-06-29 20:35:00,520.1047664281695,1861.3937866714673
,629.1052232702434,65.45552822962064
2026-06-29 20:45:00,690.1765708701544,49.897493897098634
2026-06-29 20:50:00,386.7392709478746,51.03335758421838
2026-06-29 20:55:00,627.5771820758323,66.30284494699472
2026-06-29 21:00:00,359.1096095574595,34.96363903653704
2026-06-29 21:05:00,395.28156447517716,39.93606651956958
2026-06-29 21:10:00,419.6590540207563,37.752788825238525
2026-06-29 21:15:00,550.3636636177861,39.15247327126368
ERR-2026-06-29 21:20:00,503.30158769348594,40.755845008330255
2026-06-29 21:25:00,483.2863915837164,2008.022808767118
corrupted_timestamp,8333.551579571023,65.2022569583096
2026-06-29 21:35:00,559.1289589293473,53.80553513135372
29/06/2026 21:40:00,566.8248123941353,59.80437141608517
2026-06-29 21:45:00,609.4166835615131,58.174784564359506
ERR-2026-06-29 21:50:00,682.003481276744,50.01765111281241
2026-06-29 21:55:00,497.8637627558523,59.2671835790122
2026-06-29 22:00:00,447.8911037869084,57.572218346240284
2026-06-29 22:05:00,561.3536129185188,56.46410199146171
2026-06-29 22:10:00,385.574518373538,50.89444924316818
2026-06-29 22:15:00,432.1295867888389,51.873648671890365
2026-06-29 22:20:00,599.938094639279,48.304240256212005
2026-06-29 22:25:00,487.5871625182296,32.40154238744604
2026-06-29 22:30:00,379.1807541641961,49.360638919811365
2026-06-29 22:35:00,351.01969346348255,50.538723783373754
2026-06-29 22:40:00,504.87166793938076,41.05901466987519
2026-06-29 22:45:00,614.189653696801,45.2073090737176
2026-06-29 22:50:00,612.8545777531186,57.009791296707185
2026-06-29 22:55:00,511.08805028928373,58.76709626892928
2026-06-29 23:00:00,700.8909419096128,33.39597180706431
2026-06-29 23:05:00,489.5179634059537,43.04042974211018
2026-06-29 23:10:00 (UTC),486.14323766025893,57.9618296439676
2026-06-29 23:15:00,243.25640902610002,37.35138636581392
2026-06-29 23:20:00,455.26370508387845,48.696000339509425
2026-06-29 23:25:00,585.2015034908494,37.548113334227466
2026-06-29 23:30:00,656.3961336859704,41.10610959445472
,,53.527765453983776
2026-06-29 23:40:00,546.2252329293049,56.27559224270708
2026-06-29 23:45:00,,60.4772253607416
2026-06-29 23:50:00,501.1208153195899,
,271.671954247277,48.10445349335316
2026-06-30 00:00:00,524.7289999574252,48.614217067126326
2026-06-30 00:05:00,576.1430624060893,62.805527430778525
2026-06-30 00:10:00 (UTC),405.2577104981541,61.26188682279165
2026-06-30 00:15:00,474.5845469125613,55.44621129328522
2026-06-30 00:20:00,384.45039578712357,46.147714432419065
2026-06-30 00:25:00,242.98524514196475,57.41171671468221
30/06/2026 00:30:00,602.7004411787657,44.11006012678202
2026-06-30 00:35:00 (UTC),499.6251466198148,43.40443844247402
2026-06-30 00:40:00,659.7674996704983,52.770614930269666
ERR-2026-06-30 00:45:00,585.7322191906177,70.6889097551894
2026-06-30 00:50:00,464.5790238334551,47.15801714428801
2026-06-30 00:55:00,491.6819339895591,50.5867541272474
2026-06-30 01:00:00,556.6177390770173,34.23876401215637
2026-06-30 01:05:00,596.6883416755743,1447.0710546137484
2026-06-30 01:10:00,532.2670630742011,53.63651628686474
2026-06-30 01:15:00,610.5593145289484,54.78861530923067
2026-06-30 01:20:00,470.33312633255287,69.40348264235985
ERR-2026-06-30 01:25:00,400.2856453214314,39.53071712881524
2026-06-30 01:30:00 (UTC),493.519074643887,51.376430166594204
2026-06-30 01:35:00,520.5184890736184,45.463889643169274
2026-06-30 01:40:00,379.8464605260713,52.844011348509035
2026-06-30 01:45:00,366.32779158533776,44.64741571082864
2026-06-30 01:50:00,544.7386296473428,32.660816176572666
2026-06-30 01:55:00,459.36431486295766,56.417318637805494
2026-06-30 02:00:00 (UTC),,42.579072493732596
2026-06-30 02:05:00,464.03073342991763,47.661704461475615
2026-06-30 02:10:00,652.0600901763212,50.6765678971174
2026-06-30 02:15:00,626.1761160395,49.74317778149306
2026-06-30 02:20:00,376.26463099608316,20.300634608287808
2026-06-30 02:25:00 (UTC),446.7206786919553,34.071603265655526
2026-06-30 02:30:00,585.0004267969593,
2026-06-30 02:35:00,560.1936237103242,73.0356851252932
2026-06-30 02:40:00,495.85420376702143,40.668289509841095
2026-06-30 02:45:00,386.2399795035765,46.25956186978191
2026-06-30 02:50:00,431.7459953846454,63.45177358928228
2026-06-30 02:55:00,448.32324324537103,57.04223853954309
2026-06-30 03:00:00,527.69943311191,54.23480118908847
30/06/2026 03:05:00,670.3727154697237,51.21293987774342
2026-06-30 03:10:00,431.3119765211872,30.965149676521477
30/06/2026 03:15:00,397.396475244476,34.19975886197541
2026-06-30 03:20:00,489.14135231720564,40.845467590007516
2026-06-30 03:25:00,603.1738980514059,46.008509267241955
2026-06-30 03:30:00,355.3117033239297,62.06741352443282
2026-06-30 03:35:00,645.3634150874948,50.323686509028704
2026-06-30 03:40:00,482.79686378843303,43.636273460935755
2026-06-30 03:45:00,426.5679997686626,
2026-06-30 03:50:00,,63.74493654219184
2026-06-30 03:55:00,570.6520773420627,51.27575527721559
2026-06-30 04:00:00,482.8828804758465,56.675224006934215
2026-06-30 04:05:00,517.0705482754507,45.15899896221514
2026-06-30 04:10:00,409.9188258988636,30.7247217525946
2026-06-30 04:15:00,468.0903965748976,56.540207067412716
2026-06-30 04:20:00,451.34187536452623,53.22773838847775
corrupted_timestamp,489.94068946217925,59.674980638174205
,433.04476736241895,50.84093461279683
2026-06-30 04:35:00,346.58190393127785,74.19890351155651
2026-06-30 04:40:00,772.8499745296607,40.5804379443135
2026-06-30 04:45:00,363.65957526624857,39.12637557792365
2026-06-30 04:50:00,518.1459006942539,48.16458166797548
2026-06-30 04:55:00,322.7972171575958,47.049874532845166
2026-06-30 05:00:00,300.29525633820253,48.04891563947999
2026-06-30 05:05:00,509.7826491852268,49.01771251728986
ERR-2026-06-30 05:10:00,517.4367587768303,46.78617813159949
,626.1498990802384,44.54887785881135
2026-06-30 05:20:00,539.9546841015706,40.093592603169455
2026-06-30 05:25:00,485.0189281254209,55.56089388078279
2026-06-30 05:30:00,405.03997559349955,
ERR-2026-06-30 05:35:00,649.9012068233549,82.94768788202572
2026-06-30 05:40:00,592.8851246050224,53.689182851451896
2026-06-30 05:45:00,375.3670522251575,61.28879256873594
2026-06-30 05:50:00,503.7963728210635,52.16934314148042
,-491.98157186435867,57.06170508717096
ERR-2026-06-30 06:00:00,465.4346343394331,49.27915888175667
2026-06-30 06:05:00,577.1850485806794,47.113882221156246
ERR-2026-06-30 06:10:00,583.1733138348177,47.6295369926225
2026-06-30 06:15:00,480.9514302194894,68.96590809165556
2026-06-30 06:20:00,471.9130754202342,67.82804877246579
ERR-2026-06-30 06:25:00,649.8958462667531,
2026-06-30 06:30:00 (UTC),593.2838892362237,55.000703452001275
2026-06-30 06:35:00,507.23603899083844,47.38008830463543
30/06/2026 06:40:00,337.07909609199464,2467.055452214908
2026-06-30 06:45:00,534.4000106305036,38.130561684658836
2026-06-30 06:50:00,569.8083464917668,61.38143961639758
2026-06-30 06:55:00,224.54783716016271,51.001473294586006
2026-06-30 07:00:00,525.1869448318025,31.447729346757484
,458.3308013204265,69.21718791077919
2026-06-30 07:10:00,477.91457198704484,32.69030965037118
2026-06-30 07:15:00,,39.79837155272438
2026-06-30 07:20:00,9061.391833320846,37.5675859229264
corrupted_timestamp,639.1991576181331,63.01614624313968
2026-06-30 07:30:00,455.3601501184484,43.903154601233915
2026-06-30 07:35:00,,38.37080884702005
2026-06-30 07:40:00 (UTC),419.366878112039,56.1301532089107
2026-06-30 07:45:00,9179.29717613053,38.91390815790464
2026-06-30 07:50:00,500.16558556219513,54.65638831954898
2026-06-30 07:55:00,535.2024828789281,53.64768916480685
ERR-2026-06-30 08:00:00,500.71532560974873,52.53039803784464
2026-06-30 08:05:00,564.1625232441208,30.52204976044321
2026-06-30 08:10:00,243.24148820662418,61.628606431752004
ERR-2026-06-30 08:15:00,358.01746865424303,64.65753840002073
2026-06-30 08:20:00,541.7080498008645,
2026-06-30 08:25:00,295.64616461037645,57.59888877544163
2026-06-30 08:30:00,446.9419644352791,48.280972150318526
ERR-2026-06-30 08:35:00,494.565915896335,67.26960901590604
2026-06-30 08:40:00,417.1859862387103,36.14720723850456
2026-06-30 08:45:00,430.8438597306226,
2026-06-30 08:50:00,527.1582200153592,62.477951333243354
2026-06-30 08:55:00,600.9294955779809,32.46517192501078
2026-06-30 09:00:00,404.1550618745192,60.98952490692836
2026-06-30 09:05:00,442.494180381263,35.80884651127532
2026-06-30 09:10:00,426.8739026672955,56.41089738720723
2026-06-30 09:15:00,257.8620248122721,42.602076230506796
2026-06-30 09:20:00,514.1711790317509,53.935335228645755
2026-06-30 09:25:00,,64.11333138918596
2026-06-30 09:30:00,601.6643207315882,41.62421063675491
2026-06-30 09:35:00,412.9233623559261,66.56901779478616
2026-06-30 09:40:00,374.83019514798576,
,502.16055475916846,
2026-06-30 09:50:00,582.9273686566468,1938.7663872693129
2026-06-30 09:55:00,515.4850448310384,63.13314142410956
2026-06-30 10:00:00,528.9304635873762,49.34347795695512
2026-06-30 10:05:00 (UTC),614.1830927736233,34.67002574726688
2026-06-30 10:10:00,426.08634407692966,50.50212116887461
2026-06-30 10:15:00,,34.95478516864534
30/06/2026 10:20:00,663.4605511761201,49.11555230450899
2026-06-30 10:25:00,480.3188876902373,46.484271638936136
2026-06-30 10:30:00,373.2663034033429,35.576987634681714
2026-06-30 10:35:00,433.0643903749705,41.1545750374987
,406.18201487787576,
2026-06-30 10:45:00,-309.46685262160895,
2026-06-30 10:50:00,410.4052996411221,45.412658833504295
2026-06-30 10:55:00,527.1034252861244,55.37737899352017
2026-06-30 11:00:00,426.39347814593503,66.39211839196673
2026-06-30 11:05:00,287.6621461601772,44.16417289774725
30/06/2026 11:10:00,530.6619786981922,61.70122101409433
2026-06-30 11:15:00,514.8463681546889,49.98339581888111
2026-06-30 11:20:00,551.7757815708841,69.31499788871596
2026-06-30 11:25:00 (UTC),432.70127808347434,60.66788785210139
2026-06-30 11:30:00,422.0455524640623,46.35246746874848
ERR-2026-06-30 11:35:00,540.1466858481546,52.77127763508678
2026-06-30 11:40:00,651.9019572530981,41.98741830846735
2026-06-30 11:45:00,501.11680095063275,51.62830324189962
2026-06-30 11:50:00 (UTC),542.4585096047144,41.72373287657962
2026-06-30 11:55:00,467.8412315574293,43.105261700722764
2026-06-30 12:00:00,345.63694781263155,61.705566184300054
2026-06-30 12:05:00,596.7429419154058,52.28310028648549
2026-06-30 12:10:00 (UTC),590.8414239086162,53.63185849756605
2026-06-30 12:15:00,571.0774025175194,45.03129361817942
2026-06-30 12:20:00,481.80545616575813,46.90674866835925
2026-06-30 12:25:00,559.705609973854,46.44219934644724
2026-06-30 12:30:00,589.3761797387831,44.108361383716456
2026-06-30 12:35:00,662.0158684956707,43.72699570238792
2026-06-30 12:40:00 (UTC),598.8526104647442,41.34953250515887
2026-06-30 12:45:00,506.3821225033639,36.185967652656245
,369.17467445756284,49.24326115113734
2026-06-30 12:55:00,515.5658297671741,40.480781119875445
2026-06-30 13:00:00,525.6577395849308,66.6052170051914
2026-06-30 13:05:00,570.9029775318304,
2026-06-30 13:10:00 (UTC),635.3891859323426,45.9596836612053
2026-06-30 13:15:00,490.48494879432207,57.34076236562539
2026-06-30 13:20:00,710.0987189813111,
2026-06-30 13:25:00,324.07129799594225,57.74016510392489
2026-06-30 13:30:00,541.9341872461625,41.75421804863726
2026-06-30 13:35:00,420.1479607815972,39.18921133420435
2026-06-30 13:40:00,309.2778000311197,55.84958798022183
2026-06-30 13:45:00,479.82256237008414,56.98979216322879
2026-06-30 13:50:00,354.2827301579043,38.93948315967888
2026-06-30 13:55:00,483.8572101967183,46.64766794452836
2026-06-30 14:00:00,503.4769248094457,62.08228945731454
2026-06-30 14:05:00,611.854140933595,45.56018426822541
2026-06-30 14:10:00 (UTC),349.2414865236062,39.95743974702931
2026-06-30 14:15:00,590.8445165645772,48.75533577972392
2026-06-30 14:20:00,509.8080450279794,49.06543329952629
,602.8849153609594,47.41242089991563
2026-06-30 14:30:00,456.8248824968872,54.48865378164055
2026-06-30 14:35:00,366.7755413236555,43.558725076390616
2026-06-30 14:40:00,378.2500673784134,56.30428871759949
2026-06-30 14:45:00,370.81925463328844,46.304756335712675
2026-06-30 14:50:00,547.7814152920655,35.60006301932042
,647.69220222147,65.89131201924154
2026-06-30 15:00:00,443.504847334478,34.58443662772751
2026-06-30 15:05:00,562.9135298257784,58.28312313823871
2026-06-30 15:10:00,347.655794186438,48.386716499010525
2026-06-30 15:15:00,518.0321249177299,50.206825926950565
ERR-2026-06-30 15:20:00,566.8562616337126,41.27955216233001
2026-06-30 15:25:00,355.18752247231316,45.14151935803745
2026-06-30 15:30:00,479.61165310201454,57.96093328237329
2026-06-30 15:35:00,571.5917140485565,38.91159683489601
2026-06-30 15:40:00,206.6229352770523,44.971119808844776
2026-06-30 15:45:00,633.5453061701743,60.56502403715035
2026-06-30 15:50:00,535.3679375891048,44.13911702877491
2026-06-30 15:55:00,571.6727647717343,50.28735578583817
2026-06-30 16:00:00,458.7280720805236,51.10438461591738
2026-06-30 16:05:00,327.7277518434645,41.29666308622453
2026-06-30 16:10:00,553.4062956316951,54.235919079678894
2026-06-30 16:15:00,491.7409674583488,49.266556912891694
2026-06-30 16:20:00,,41.98797000817926
30/06/2026 16:25:00,608.7606985198954,56.326830057983955
2026-06-30 16:30:00,576.2063873862598,51.4520657150052
30/06/2026 16:35:00,692.1237417089612,49.303572724685175
2026-06-30 16:40:00,515.3854228873499,46.89506306875003
2026-06-30 16:45:00,,35.3396981682326
2026-06-30 16:50:00,481.1583153091274,
2026-06-30 16:55:00,541.5663372538606,
30/06/2026 17:00:00,,57.380705309842625
2026-06-30 17:05:00,,38.45132731061124
2026-06-30 17:10:00,500.8537615179169,55.39440220867552
2026-06-30 17:15:00,660.9541657038369,35.977434094496715
2026-06-30 17:20:00 (UTC),475.979112899748,37.04029739136879
2026-06-30 17:25:00,593.1011854869105,42.58313722896973
2026-06-30 17:30:00,549.3117527216006,68.63869478683964
2026-06-30 17:35:00,595.586060652498,45.63780817667791
2026-06-30 17:40:00,419.0239458400068,66.7560935480479
2026-06-30 17:45:00,419.4598329934419,54.635145674085024
2026-06-30 17:50:00,502.0271892122288,47.407776305610234
2026-06-30 17:55:00,346.77782127596885,51.729771389137994
2026-06-30 18:00:00,473.02593933883423,53.34249234573602
2026-06-30 18:05:00,525.2876657515667,54.43871237362393
2026-06-30 18:10:00,-683.1310540534248,63.25234301066404
2026-06-30 18:15:00,540.2718189269822,50.865542022015866
2026-06-30 18:20:00,562.5228470873102,56.135419564961595
2026-06-30 18:25:00,,69.57454505861455
2026-06-30 18:30:00,403.53424111049435,34.31106002904177
30/06/2026 18:35:00,483.49173376290145,48.84202949954991
2026-06-30 18:40:00,742.5412591803893,58.01144509143694
2026-06-30 18:45:00 (UTC),492.08777776154915,36.13916442969878
2026-06-30 18:50:00,611.6430748782207,40.29369828760227
30/06/2026 18:55:00,596.3737877173107,40.596218051432956
2026-06-30 19:00:00,352.1886285612311,53.830549243600665
2026-06-30 19:05:00,531.0479277005933,55.25852901140747
2026-06-30 19:10:00,514.6747472205226,41.17758717357497
2026-06-30 19:15:00,532.9958787840435,54.28400387088293
2026-06-30 19:20:00,424.588752020894,43.51484354894316
2026-06-30 19:25:00,388.30804880878406,62.55806960772217
2026-06-30 19:30:00,452.39899999791487,55.11335339594946
2026-06-30 19:35:00,490.2205002915797,57.346655475110914
2026-06-30 19:40:00,-636.4733919804778,65.88933689506138
2026-06-30 19:45:00,,56.92211225880421
2026-06-30 19:50:00,639.6597846223178,44.30267906959707
,586.0185210781844,51.237510952454905
2026-06-30 20:00:00,399.565973770041,36.886856830011666
2026-06-30 20:05:00,459.1103825010505,38.96584707034289
2026-06-30 20:10:00,520.9926052412998,55.95837224451435
2026-06-30 20:15:00,436.75609619238253,66.73727781114516
2026-06-30 20:20:00,557.720565252795,60.730497218379185
2026-06-30 20:25:00,572.0486108254288,53.416895461354876
2026-06-30 20:30:00,553.6290062565469,34.96529483883885
2026-06-30 20:35:00,602.5134604557581,51.35056648483412
2026-06-30 20:40:00,409.5408786286926,39.94159509063284
2026-06-30 20:45:00,593.2828704092198,53.89538224833743
2026-06-30 20:50:00,430.4354549879804,36.755124481641914
2026-06-30 20:55:00 (UTC),405.9064047357115,51.63365007450505
2026-06-30 21:00:00,553.2116134186382,44.82661380790081
2026-06-30 21:05:00,621.5873562198981,50.85012974952216
2026-06-30 21:10:00,548.801348637601,44.69453771949586
2026-06-30 21:15:00,502.0804023772544,34.348024958102336
2026-06-30 21:20:00,531.0153826101507,60.2387815939674
2026-06-30 21:25:00,513.642691806728,47.034064083256055
2026-06-30 21:30:00,387.4049103864606,45.671902385316294
2026-06-30 21:35:00,375.7379855055085,48.60812156053827
2026-06-30 21:40:00,492.1174120526545,43.43753242449657
ERR-2026-06-30 21:45:00,507.9856835769304,43.41721014921813
2026-06-30 21:50:00,501.1332378367734,64.37701307356862
2026-06-30 21:55:00,567.6101613649913,50.822147847134346
2026-06-30 22:00:00,478.452328383566,45.6264100416365
30/06/2026 22:05:00,556.2979181904856,33.39741190593628
,,44.87832775262296
2026-06-30 22:15:00 (UTC),682.3358962036466,40.2907269962072
2026-06-30 22:20:00,508.07137267264466,45.790569647957454
2026-06-30 22:25:00 (UTC),734.0722611525678,65.19301523448958
2026-06-30 22:30:00,535.2011591090865,64.324123058825
2026-06-30 22:35:00,,47.3914880760755
,410.05520237403255,43.12510155928963
2026-06-30 22:45:00,355.71114259423064,55.77889418705554
2026-06-30 22:50:00,400.8557715603843,61.18631642677828
2026-06-30 22:55:00,412.039369083601,
2026-06-30 23:00:00,539.4820020412177,70.2080238895264
2026-06-30 23:05:00,447.38346289398123,44.595529653178644
2026-06-30 23:10:00,518.6927052554497,46.425623284568935
2026-06-30 23:15:00,628.1978362376686,48.425297179400175
,491.21916483651466,46.627934935624914
2026-06-30 23:25:00,707.9156698466804,38.50231454643182
2026-06-30 23:30:00,9143.487094466978,57.72898346447603
2026-06-30 23:35:00,484.9416451625072,47.13742610261404
2026-06-30 23:40:00,446.06870763890214,
2026-06-30 23:45:00,593.6506606057008,57.72666242421618
2026-06-30 23:50:00,276.02083696338786,53.240527914360705
2026-06-30 23:55:00,355.6884710822189,69.33323688250877
2026-07-01 00:00:00,489.2653177549037,57.18268835281826
2026-07-01 00:05:00,655.1377721009493,56.841319305227344
2026-07-01 00:10:00,522.5841834037308,43.32811990816149
2026-07-01 00:15:00,364.84525457357665,1720.3324840881396
2026-07-01 00:20:00,380.283340730977,59.9638038662084
2026-07-01 00:25:00,667.2989702844952,58.109198135628155
2026-07-01 00:30:00,437.8865201203759,43.98124156863594
01/07/2026 00:35:00,6246.395357502758,73.3654255060818
2026-07-01 00:40:00,647.7372560630861,47.956382291573846
corrupted_timestamp,601.109700558699,
2026-07-01 00:50:00 (UTC),627.4059643266796,52.615262242905295
2026-07-01 00:55:00,404.9958119734183,54.55995912896302
2026-07-01 01:00:00,347.4894358985639,46.603566536430186
2026-07-01 01:05:00,513.3166489362706,52.0237728716745
2026-07-01 01:10:00,533.5126133073663,34.51052118924339
2026-07-01 01:15:00,536.4601803704832,61.04082473964979
2026-07-01 01:20:00,,57.5202927315736
corrupted_timestamp,326.6232909991752,68.63165864332416
2026-07-01 01:30:00 (UTC),585.9695051297766,50.766752660189255
2026-07-01 01:35:00,390.33749558526824,40.05855551172344
2026-07-01 01:40:00,585.5735320860841,64.96514694337087
2026-07-01 01:45:00,452.50432954786226,47.36139706587306
,418.6028204109488,14.188595318113158
2026-07-01 01:55:00,439.00972930507976,55.01544912876364
2026-07-01 02:00:00,355.4389799223437,59.36923128132575
2026-07-01 02:05:00,504.04289398334674,62.19815811160305
2026-07-01 02:10:00,422.73266093395426,1009.318481977554
2026-07-01 02:15:00 (UTC),578.6298230900278,55.10295823004336
2026-07-01 02:20:00,564.0056081032917,55.79990673863923
2026-07-01 02:25:00,668.8157052902791,56.17294882207909
2026-07-01 02:30:00,536.6327483541077,44.00620418485656
ERR-2026-07-01 02:35:00,552.0677767080074,53.553027418626336
2026-07-01 02:40:00,640.0099811827814,61.18700951830209
corrupted_timestamp,437.23373039733036,31.203243855619938
01/07/2026 02:50:00,351.17417871769675,49.861949566828564
2026-07-01 02:55:00,520.0094059128394,60.02351002931309
ERR-2026-07-01 03:00:00,357.7366530785596,66.1313214197923
2026-07-01 03:05:00,745.393867292539,65.49391136920272
2026-07-01 03:10:00,645.5498292078944,59.44689959597997
ERR-2026-07-01 03:15:00,716.397633330158,68.6753640775098
,506.2446976663129,59.75929150045468
2026-07-01 03:25:00,555.0573593701598,26.749429742783946
2026-07-01 03:30:00 (UTC),,45.503582735950395
2026-07-01 03:35:00,588.2924805586752,64.26761273638152
2026-07-01 03:40:00,378.4456787948943,44.90354567074942
2026-07-01 03:45:00,7464.339894192076,62.99624199424745
2026-07-01 03:50:00,420.92893805114335,57.739226479046664
01/07/2026 03:55:00,354.4526524382684,
2026-07-01 04:00:00,647.7926736159536,45.673987756979386
2026-07-01 04:05:00 (UTC),681.5677455080316,31.641253530073314
2026-07-01 04:10:00,359.7070927586889,47.885168708221
2026-07-01 04:15:00,,35.765724757634175
2026-07-01 04:20:00,595.138498350077,45.38535559241486
,343.0223315281124,22.06586195185895
2026-07-01 04:30:00,460.9732469068382,50.17055886349139
2026-07-01 04:35:00,441.983627787548,54.337344280236294
2026-07-01 04:40:00,574.7995398627199,54.91356166657316
2026-07-01 04:45:00,377.1220649094986,59.89313840232403
2026-07-01 04:50:00,490.1127374340518,53.22091512864987
2026-07-01 04:55:00,431.4065496050382,2348.5949957861876
2026-07-01 05:00:00,547.3341183385144,62.530576181806616
2026-07-01 05:05:00,478.3207968312071,
2026-07-01 05:10:00,446.47542960596047,49.34424438458443
2026-07-01 05:15:00,478.6703424367922,48.921275892100546
2026-07-01 05:20:00,703.6042832840112,43.784407900102266
2026-07-01 05:25:00,458.31003638806106,62.936594186108366
2026-07-01 05:30:00,395.8994781716213,50.380043124202544
2026-07-01 05:35:00,558.3433569155965,58.83561439451381
01/07/2026 05:40:00,485.6475330577043,2490.0817363142096
2026-07-01 05:45:00,358.4766069133527,51.47041231469582
2026-07-01 05:50:00,723.1496335202467,52.85871056798452
2026-07-01 05:55:00,464.75210544133523,38.323999376037676
2026-07-01 06:00:00,462.21305460386486,42.58861076860231
2026-07-01 06:05:00,515.9835351908098,57.52757372987819
2026-07-01 06:10:00,673.0116769208839,56.05821223097303
2026-07-01 06:15:00,332.0254673481004,52.99593805151485
2026-07-01 06:20:00,527.598584942054,63.02434710612727
2026-07-01 06:25:00,9527.288691321579,55.74493808772752
2026-07-01 06:30:00,512.8728680739648,64.05530046622391
2026-07-01 06:35:00,376.466602069652,40.94759706595792
2026-07-01 06:40:00,438.1603147039347,52.400861597814426
2026-07-01 06:45:00,520.688252975679,50.98180034617677
2026-07-01 06:50:00,633.0803915639862,37.877441970112294
2026-07-01 06:55:00,466.06641555839394,67.7609351630098
2026-07-01 07:00:00,582.6651797432431,45.43269703900091
2026-07-01 07:05:00,356.4631172953111,53.911685572746755
2026-07-01 07:10:00,355.62816304049454,45.11974180093845
corrupted_timestamp,451.71993113150506,61.39430998944799
2026-07-01 07:20:00,643.8028721873262,47.44735929703746
2026-07-01 07:25:00,506.8874639513769,47.38592977840585
2026-07-01 07:30:00 (UTC),528.981119556662,50.21541641438515
2026-07-01 07:35:00,527.8079595573527,50.84541878703613
2026-07-01 07:40:00,610.9207982586731,44.51520697690231
2026-07-01 07:45:00,438.9779307462146,42.280457687884706
2026-07-01 07:50:00,568.8285108488233,44.60836730209081
2026-07-01 07:55:00,416.911733614487,48.44697573298891
2026-07-01 08:00:00,698.3272655920761,52.71616821264025
01/07/2026 08:05:00,419.960889570331,45.9366138152932
01/07/2026 08:10:00,411.7610696921379,38.619630588581174
2026-07-01 08:15:00,554.966981348805,37.91660760469698
2026-07-01 08:20:00,7949.337841303979,40.86541832648482
2026-07-01 08:25:00,532.6852406260934,53.31239542554128
2026-07-01 08:30:00,522.7313795492319,58.76722776388914
01/07/2026 08:35:00,390.9607801192561,
2026-07-01 08:40:00,,54.251269608633315
2026-07-01 08:45:00,589.354220588911,53.70599410996833
ERR-2026-07-01 08:50:00,635.8949951267116,68.35322136187321
ERR-2026-07-01 08:55:00,447.1669110889576,73.23593454663308
ERR-2026-07-01 09:00:00,541.6523544715171,60.61573591739237
ERR-2026-07-01 09:05:00,519.7368462234691,57.04125120390274
2026-07-01 09:10:00,612.8002626201508,55.32512353033599
2026-07-01 09:15:00 (UTC),616.0248131829619,
2026-07-01 09:20:00,,38.557811832150776
2026-07-01 09:25:00 (UTC),348.20488681567485,34.41646296054205
2026-07-01 09:30:00,677.9661887087689,51.57401512541958
2026-07-01 09:35:00,555.5987433690138,42.482691129291354
2026-07-01 09:40:00,439.1562958608858,57.939412831248596
2026-07-01 09:45:00,540.6542138266695,38.75631278910815
corrupted_timestamp,348.89064515474763,52.533655985455795
2026-07-01 09:55:00,605.5353067471044,42.365982451012
,352.8788255720847,36.213851230073544
2026-07-01 10:05:00,477.91655079629174,41.86587838327182
2026-07-01 10:10:00,524.4454449605549,43.52755689398994
2026-07-01 10:15:00,603.8839711982093,49.78992639873363
2026-07-01 10:20:00 (UTC),510.6544676434374,43.955155241593786
2026-07-01 10:25:00,563.496287361255,40.735907131808425
2026-07-01 10:30:00,497.1833091550447,41.98398843958007
ERR-2026-07-01 10:35:00,496.7814049055717,12.68135371778618
2026-07-01 10:40:00,9651.226094574959,46.20467656446621
2026-07-01 10:45:00 (UTC),481.09420791476253,50.338280827404446
2026-07-01 10:50:00,331.34297569185645,45.78193919026288
2026-07-01 10:55:00,423.16765063033716,51.981213315300906
2026-07-01 11:00:00,524.4774841111698,59.65205886736791
2026-07-01 11:05:00,475.0878996511281,60.59468795980112
2026-07-01 11:10:00,484.41909178180936,59.77604770204565
ERR-2026-07-01 11:15:00,8806.995586592198,43.84562429185338
2026-07-01 11:20:00,8612.85134029848,40.71233839700101
2026-07-01 11:25:00,450.6900539023706,44.387774635523314
2026-07-01 11:30:00,469.31682556114055,56.0315252679913
2026-07-01 11:35:00,500.5143140541849,53.11594592928168
ERR-2026-07-01 11:40:00,,42.37873840954485
2026-07-01 11:45:00,481.9449709114261,60.77032128092101
2026-07-01 11:50:00,397.03447443075805,38.913890521079146
2026-07-01 11:55:00,360.1917960081217,44.775166532696666
2026-07-01 12:00:00,759.7437207375224,52.09074751567727
2026-07-01 12:05:00,387.0184969735437,58.33563843663717
2026-07-01 12:10:00,448.1374998735617,61.58340007521399
2026-07-01 12:15:00,551.7000302513935,53.0467054278797
01/07/2026 12:20:00,536.0860609565681,37.62774160420792
2026-07-01 12:25:00,552.0865692561573,
2026-07-01 12:30:00,455.7282930467825,39.58329609306649
01/07/2026 12:35:00,523.8558070639547,45.20545493220365
ERR-2026-07-01 12:40:00,506.13436642408635,40.149797245470324
2026-07-01 12:45:00,468.7868632458713,49.091987479816304
2026-07-01 12:50:00,524.540974177134,39.793227160431016
2026-07-01 12:55:00,605.5365546750706,54.722324859601216
ERR-2026-07-01 13:00:00,497.7799776564675,54.152080257789365
2026-07-01 13:05:00,498.44528463564257,57.53793490019551
ERR-2026-07-01 13:10:00,606.8161034875984,52.85127295896719
2026-07-01 13:15:00,596.1360359818814,52.235086745318284
2026-07-01 13:20:00,658.3936440963483,40.19534176251699
2026-07-01 13:25:00,324.3769765520423,43.21970799063233
2026-07-01 13:30:00,590.5119183169389,48.98622780964594
2026-07-01 13:35:00,560.1580045402179,49.824434408115664
2026-07-01 13:40:00,411.4347602246735,46.66112413349994
2026-07-01 13:45:00,525.1587917998845,55.56562667100546
2026-07-01 13:50:00,605.1121747757999,73.16782343902608
2026-07-01 13:55:00,,54.048478567055426
,544.2562429022807,
ERR-2026-07-01 14:05:00,587.1353675731018,57.81421534070398
corrupted_timestamp,392.8980437468512,43.765497919793006
2026-07-01 14:15:00,485.7714307554852,53.54083433310461
2026-07-01 14:20:00,530.0968376642411,54.742993452739036
2026-07-01 14:25:00,420.3868494457045,52.31027041525433
2026-07-01 14:30:00,412.0846800906454,44.06383373101021
2026-07-01 14:35:00,486.4955398137226,50.74892475981114
2026-07-01 14:40:00,580.1639716903692,44.97183188565125
2026-07-01 14:45:00,564.3734001192109,44.92636160007972
2026-07-01 14:50:00,,33.50080644557005
2026-07-01 14:55:00,,48.769837829100176
01/07/2026 15:00:00,416.4060223833492,71.65014737777989
2026-07-01 15:05:00,338.9830202006566,24.97454275077051
ERR-2026-07-01 15:10:00,463.28564289527685,27.75813540419989
01/07/2026 15:15:00,612.2969371585735,50.57481483929942
2026-07-01 15:20:00,565.5960552141373,57.5053704443333
2026-07-01 15:25:00,499.84281926268056,36.550885379422866
2026-07-01 15:30:00,,52.16134403520183
2026-07-01 15:35:00,461.0237863883569,48.38493096295934
2026-07-01 15:40:00,510.87849058607964,43.975817104298436
2026-07-01 15:45:00,393.15625141541716,53.81334671787046
2026-07-01 15:50:00,465.1892654798703,39.92513265201874
2026-07-01 15:55:00,478.4430538640231,60.178075737868184
2026-07-01 16:00:00,364.89255415485025,30.870706031964236
2026-07-01 16:05:00,416.1551749102425,49.17616782484423
2026-07-01 16:10:00,541.0506791486381,51.074449077415565
,500.95118399409944,48.3360592622194
2026-07-01 16:20:00,469.1238208806617,44.87185478780232
2026-07-01 16:25:00,408.85725624620363,56.2888283086159
2026-07-01 16:30:00,657.6849825589217,
,416.2020785320682,34.822128161631696
2026-07-01 16:40:00,525.1592807261737,43.16637898834117
2026-07-01 16:45:00,451.2130911926205,50.95606921985221
2026-07-01 16:50:00,503.6279292638335,44.52312010436428
2026-07-01 16:55:00,545.7609741940372,46.752218406082626
,362.9743410792114,57.731612025798945
2026-07-01 17:05:00,499.3383755846512,44.03068175026219
2026-07-01 17:10:00,619.0728648979846,49.04905537503339
2026-07-01 17:15:00,676.1501893492003,48.04541385806013
2026-07-01 17:20:00,486.9986026744869,60.74475105505881
,504.16812072169085,50.48692987146861
2026-07-01 17:30:00,-690.2788380932427,58.01232525090211
2026-07-01 17:35:00,613.4924281599199,42.80262756202225
,438.27154307447813,67.53017665418683
2026-07-01 17:45:00,438.1016549113877,58.30631900226686
2026-07-01 17:50:00,595.6549461787268,66.57987208460362
ERR-2026-07-01 17:55:00,398.896286995427,51.99413008814289
corrupted_timestamp,608.7726751338853,43.94190485611273
01/07/2026 18:05:00,533.4299963751008,47.720929497495035
2026-07-01 18:10:00,,52.09632867267371
2026-07-01 18:15:00,474.3266196519947,51.96473990242252
2026-07-01 18:20:00,437.017519575359,45.908799353390236
2026-07-01 18:25:00,646.199283086832,49.85985995241302
2026-07-01 18:30:00,475.3262719446525,52.54604161693845
2026-07-01 18:35:00,458.90649234261383,1991.5121052370214
,-607.3444979486534,1384.535723476
2026-07-01 18:45:00,519.3022132717942,63.376468139446736
2026-07-01 18:50:00,396.91748732805513,62.003501925055566
2026-07-01 18:55:00,,42.06111511663908
2026-07-01 19:00:00,438.1967926093942,68.93785940236891
2026-07-01 19:05:00,584.5280304606848,
2026-07-01 19:10:00,411.4037432000111,
ERR-2026-07-01 19:15:00,324.4232142241946,63.28686022076107
2026-07-01 19:20:00,303.29054370938456,42.02832141676099
,352.9619865324283,38.72204699717301
2026-07-01 19:30:00,636.1538202848111,54.905616021347356
ERR-2026-07-01 19:35:00,501.62065994840515,49.28577854497693
01/07/2026 19:40:00,550.1249086807203,46.531125267841375
2026-07-01 19:45:00,553.6487727121329,36.44674632399803
2026-07-01 19:50:00,505.61839183923206,63.17170386033056
corrupted_timestamp,492.52187033486916,52.51637953704798
2026-07-01 20:00:00,604.452642981814,56.87606880155744
2026-07-01 20:05:00,514.599591431264,61.65065364299767
,639.9097479263414,32.623191538032756
2026-07-01 20:15:00,562.0829945289867,51.789977290328906
2026-07-01 20:20:00,438.2203726518972,34.84041020358828
2026-07-01 20:25:00,450.2865976130064,57.50730075703385
2026-07-01 20:30:00,427.25351935457206,63.46537464378777
2026-07-01 20:35:00,621.7548021950715,49.10672191976998
2026-07-01 20:40:00,459.4949047054447,49.309379785896354
01/07/2026 20:45:00,420.15272032003674,55.743458701410916
2026-07-01 20:50:00,531.977804112682,54.758647334882184
2026-07-01 20:55:00,490.28328936274966,47.7889066950853
2026-07-01 21:00:00,529.4568512575164,57.07367476007384
2026-07-01 21:05:00,688.9813903893844,47.643568875704325
,,53.0628909503409
ERR-2026-07-01 21:15:00,502.70105543019065,37.459665944075404
2026-07-01 21:20:00,359.15766157939913,61.51321583896498
2026-07-01 21:25:00,450.00375027913645,41.2775870262559
01/07/2026 21:30:00,571.1046102545304,53.167363704807904
2026-07-01 21:35:00,382.89589603381836,38.731169224565136
2026-07-01 21:40:00,714.0970296330354,45.566248945724716
2026-07-01 21:45:00,501.4416562635549,44.837925957406966
2026-07-01 21:50:00,504.8848393209485,55.22246564408296
2026-07-01 21:55:00,433.3354807042022,64.78132195749188
2026-07-01 22:00:00,,42.363618230453135
2026-07-01 22:05:00,384.19981934777684,40.876709111192
2026-07-01 22:10:00,716.4892589101457,60.39780863391644
2026-07-01 22:15:00,631.7351304652011,42.86393215836321
2026-07-01 22:20:00,598.4296445197045,73.20611282443011
2026-07-01 22:25:00,360.95709942101905,39.39520753165568
2026-07-01 22:30:00,520.5413270457751,57.25957379401647
2026-07-01 22:35:00,620.9086398014005,34.63350007917071
2026-07-01 22:40:00,559.3105399357739,39.83006463288022
corrupted_timestamp,399.7890895366225,40.201818761412966
01/07/2026 22:50:00,434.99062446913445,44.02262283503726
2026-07-01 22:55:00,454.80638619940095,58.28177631499202
2026-07-01 23:00:00,439.65621655113927,49.612178141940944
2026-07-01 23:05:00,652.8778835710307,61.41714354364697
2026-07-01 23:10:00,307.8986861176744,58.06911505401931
2026-07-01 23:15:00,565.5919139658837,40.08394099542852
2026-07-01 23:20:00,370.76966250715486,48.93025419792517
,403.8748512548932,62.236936064982835
2026-07-01 23:30:00,299.02666331312827,41.456404667223985
2026-07-01 23:35:00,445.09455688411344,55.74163767578501
2026-07-01 23:40:00 (UTC),,42.74917778435339
2026-07-01 23:45:00,526.4824242464778,40.47399476430412
2026-07-01 23:50:00,380.1638453000903,47.01952676535303
2026-07-01 23:55:00 (UTC),601.7147674379312,38.90951486827538
ERR-2026-07-02 00:00:00,623.1304263568686,62.42830043861861
2026-07-02 00:05:00,510.4046481039086,21.743393101153323
2026-07-02 00:10:00,703.474915815259,55.20230284215758
2026-07-02 00:15:00,582.1564124624614,55.15471231012167
2026-07-02 00:20:00 (UTC),568.2652507292588,45.42936134699105
2026-07-02 00:25:00,419.662129283371,29.98802492517565
2026-07-02 00:30:00,562.7398485621341,54.54995369333249
2026-07-02 00:35:00,521.6791277604493,45.52904013624616
02/07/2026 00:40:00,551.9829002671027,43.76463254926858
2026-07-02 00:45:00,,61.90960156463629
2026-07-02 00:50:00,512.8098884358986,64.67622604376334
2026-07-02 00:55:00,418.3138499785042,44.91164323108519
2026-07-02 01:00:00,285.28679000339685,42.25378216187905
2026-07-02 01:05:00,599.8304568578384,22.457408170462408
2026-07-02 01:10:00,349.7611018310483,34.00641096798009
2026-07-02 01:15:00,510.7186464782416,42.15567923499215
2026-07-02 01:20:00,533.3002129449039,60.75413482154442
2026-07-02 01:25:00,532.6563015863055,54.518925713857755
2026-07-02 01:30:00,471.69209264017496,60.58052782001634
2026-07-02 01:35:00,527.1211475279973,56.94288625499654
2026-07-02 01:40:00,-503.58216000054995,50.00768492072175
2026-07-02 01:45:00,573.4964815751985,50.95092675120974
2026-07-02 01:50:00,673.3441339384262,55.37932905295557
2026-07-02 01:55:00,523.4194151498206,47.76812419248737
,506.4048845017702,53.17149959640524
2026-07-02 02:05:00,409.3271034649906,53.61811038984293
2026-07-02 02:10:00,543.5946323899337,52.43252948725277
2026-07-02 02:15:00,566.7383103140569,2052.2780835520057
2026-07-02 02:20:00,480.7696815718373,63.3847285660148
2026-07-02 02:25:00,554.4612504184037,63.24709327026287
2026-07-02 02:30:00,470.7483806450658,37.36408013543872
2026-07-02 02:35:00,567.0992652088923,29.80204529302185
2026-07-02 02:40:00,591.2602314029743,
2026-07-02 02:45:00,589.8627866730485,41.99640230074766
2026-07-02 02:50:00,511.7844326141301,33.53594430508829
,396.0031848382948,46.237666639904276
2026-07-02 03:00:00,438.80869473581794,64.27059403950327
2026-07-02 03:05:00,559.5157323884729,54.572237652474755
2026-07-02 03:10:00,744.8812305740228,58.190775947922624
2026-07-02 03:15:00,465.92792284679183,63.22697867738275
2026-07-02 03:20:00,545.583767838814,57.71271922743499
02/07/2026 03:25:00,444.39474425205964,48.347443777607516
ERR-2026-07-02 03:30:00,402.60329557508993,61.68268625898982
2026-07-02 03:35:00,,42.010821167704556
2026-07-02 03:40:00,291.75280232973284,34.80708932325233
02/07/2026 03:45:00,635.343506290775,63.99169519539802
2026-07-02 03:50:00,276.98697470853864,65.37729244018855
2026-07-02 03:55:00,473.6171769599367,2252.504543849632
2026-07-02 04:00:00,382.18721046499456,2202.9296377026953
2026-07-02 04:05:00,411.56197846377955,55.584392154137035
2026-07-02 04:10:00,637.6522659738669,39.03699355176568
2026-07-02 04:15:00,520.1066990031392,47.59788899040046
2026-07-02 04:20:00,403.46038408182994,52.34567608270537
2026-07-02 04:25:00,441.0482867503489,
2026-07-02 04:30:00,423.4518779557914,60.99372785788677
2026-07-02 04:35:00,495.64543279211193,52.572039061306306
,517.2891684787693,48.637355975192825
2026-07-02 04:45:00,689.557477322856,59.826281933616556
2026-07-02 04:50:00,308.3699234002293,51.51520614507671
2026-07-02 04:55:00,496.51876852420475,42.848517262693065
2026-07-02 05:00:00,468.4432307465478,62.64664758416417
2026-07-02 05:05:00,594.6548527716782,
2026-07-02 05:10:00,535.4818118178393,16.765806219180377
corrupted_timestamp,559.0362208114946,52.80561652678292
2026-07-02 05:20:00,534.5086186015083,30.80843513107955
2026-07-02 05:25:00,406.80088747164604,70.88455334160818
2026-07-02 05:30:00,621.1265496493013,53.623008107733604
2026-07-02 05:35:00,579.8504904615669,53.62302651118993
2026-07-02 05:40:00 (UTC),591.5529791724744,57.524343390934085
2026-07-02 05:45:00,626.4050170507164,32.17044323929302
ERR-2026-07-02 05:50:00,541.767510065196,
2026-07-02 05:55:00,648.0992404117493,39.85048231728038
2026-07-02 06:00:00,537.7639571786641,45.92139421111423
2026-07-02 06:05:00,478.09414119753916,54.35928090641786
2026-07-02 06:10:00,499.33960895166354,44.458152176168234
2026-07-02 06:15:00,497.61562318638835,30.796385271177154
2026-07-02 06:20:00,448.06086779094574,54.79323897888731
2026-07-02 06:25:00,663.1888848370221,57.148943829562256
2026-07-02 06:30:00,529.6295365503668,38.949783256464904
2026-07-02 06:35:00,509.47384758329065,42.12495665869358
2026-07-02 06:40:00,538.8274254926433,48.02532195500576
2026-07-02 06:45:00,797.9854516737147,69.21457414498798
2026-07-02 06:50:00,386.82758114003406,67.3127807679322
2026-07-02 06:55:00,415.49614882837244,60.892477836697815
02/07/2026 07:00:00,361.9428982553004,70.75718490365253
02/07/2026 07:05:00,476.7400761564514,60.77341037022293
2026-07-02 07:10:00,524.551844332736,52.72599715789205
02/07/2026 07:15:00,453.46774816589226,38.93909926875865
ERR-2026-07-02 07:20:00,446.027320184823,32.7029966934085
2026-07-02 07:25:00,514.2404866628133,45.104933179015816
,449.78921751703024,51.91102714645822
2026-07-02 07:35:00,531.0175827182838,73.02802173537923
2026-07-02 07:40:00,611.4234346742604,47.74038273456476
2026-07-02 07:45:00,567.7030469800807,
2026-07-02 07:50:00,588.1013347165202,53.45055482967246
2026-07-02 07:55:00,608.5918411506719,
2026-07-02 08:00:00,528.2828160118703,67.77769912551183
2026-07-02 08:05:00,484.1358973956899,63.278863510169856
2026-07-02 08:10:00,422.7746929116804,50.05203736080683
ERR-2026-07-02 08:15:00,460.8821836364279,43.75800634531368
2026-07-02 08:20:00,447.63144673231056,44.37186347229413
2026-07-02 08:25:00,573.1672326620911,50.32805254656816
2026-07-02 08:30:00,534.6782554594196,42.891981954273625
2026-07-02 08:35:00,569.6757862714302,59.05455670143217
2026-07-02 08:40:00,383.96631438998486,43.24261724135492
2026-07-02 08:45:00,643.1749484241079,65.55418332808684
2026-07-02 08:50:00,457.3019628493238,56.90167624183214
2026-07-02 08:55:00,6329.968541059557,36.936348555855176
ERR-2026-07-02 09:00:00,456.07822351781874,64.72716030055096
2026-07-02 09:05:00,748.3765992587508,36.77016194732527
2026-07-02 09:10:00,461.2283133508432,66.05989790391448
corrupted_timestamp,467.49035285290745,57.442766687762315
ERR-2026-07-02 09:20:00,480.7895319370324,72.41960063570164
2026-07-02 09:25:00,485.1379616568545,24.629616731471096
2026-07-02 09:30:00,,51.41943974030014
2026-07-02 09:35:00,514.3213083206131,49.74193113914365
2026-07-02 09:40:00,607.5594908198331,
,531.4289315478707,59.89527559361497
2026-07-02 09:50:00,388.88347011000144,46.79291230931557
2026-07-02 09:55:00,465.5654095066292,64.40858948951741
2026-07-02 10:00:00,444.847259989837,40.696524830559454
2026-07-02 10:05:00,505.2939468234801,1457.2707091234154
2026-07-02 10:10:00,633.0451671562316,42.54105977104607
2026-07-02 10:15:00,,55.73448078338883
,491.18451311296093,60.01868752119839
2026-07-02 10:25:00,677.764481881943,40.436036554095864
2026-07-02 10:30:00,587.620599167166,
2026-07-02 10:35:00,557.4081282106536,53.514207687929584
2026-07-02 10:40:00,695.8131615301776,52.07311777948992
2026-07-02 10:45:00,548.9811254794013,67.48037867039383
2026-07-02 10:50:00,301.34728580224777,47.133096102816
corrupted_timestamp,583.2665757880361,40.62104458753634
2026-07-02 11:00:00,340.799154288135,50.75787264345837
2026-07-02 11:05:00,545.2005368582447,48.37527556463876
2026-07-02 11:10:00,328.625642587076,59.03882845486898
2026-07-02 11:15:00,453.31445896000804,50.07750192407151
2026-07-02 11:20:00,463.62154703901285,52.531838209956526
2026-07-02 11:25:00,422.98808927682467,47.13426337550314
2026-07-02 11:30:00,,27.143893566505213
2026-07-02 11:35:00,603.2561720360552,51.821003715128015
,428.60470878404465,61.810926525974715
ERR-2026-07-02 11:45:00,554.5140879510541,55.83869325995701
2026-07-02 11:50:00,403.43503603926996,34.85256471184463
2026-07-02 11:55:00,481.0500423607871,46.61472984195005
2026-07-02 12:00:00,532.383926632745,47.50740546464343
2026-07-02 12:05:00,400.347158338144,55.54214577335382
2026-07-02 12:10:00,368.82795670893097,51.44001598600511
2026-07-02 12:15:00,549.1878150578888,19.884829702034956
2026-07-02 12:20:00,612.3080399340639,39.70839105055042
2026-07-02 12:25:00,492.09349805126277,46.365177107274455
2026-07-02 12:30:00,454.2687093443296,43.49575865049118
corrupted_timestamp,515.5675387688386,47.971575938905055
2026-07-02 12:40:00,505.54799187653805,45.24792386087276
2026-07-02 12:45:00,524.2902540711251,47.613452430639036
2026-07-02 12:50:00,247.17548996862857,57.89184108186135
2026-07-02 12:55:00,393.08957088340367,61.63891848226065
2026-07-02 13:00:00,415.47698945631464,48.402207497363584
ERR-2026-07-02 13:05:00,515.0867628511562,55.85420980497855
2026-07-02 13:10:00,518.5877883622267,54.19337579213129
2026-07-02 13:15:00,563.6180488684035,63.69919517435072
2026-07-02 13:20:00,525.7581749210436,56.71258798253038
2026-07-02 13:25:00,369.92649296126643,70.66384065342962
2026-07-02 13:30:00,644.700461758506,56.97683395982212
02/07/2026 13:35:00,,33.82213052622568
2026-07-02 13:40:00,374.1802709973074,
2026-07-02 13:45:00,533.2705294374183,59.2013230301565
2026-07-02 13:50:00,440.4575614756984,58.98688659510283
2026-07-02 13:55:00,513.8863989200548,36.883562650612305
2026-07-02 14:00:00,605.3310279641871,60.938655734135374
02/07/2026 14:05:00,713.0104266320959,59.87674180452093
2026-07-02 14:10:00,575.127770514261,36.007442030344066
2026-07-02 14:15:00,529.4934735110136,57.087830466582425
2026-07-02 14:20:00,466.01788316917026,52.928055641321876
2026-07-02 14:25:00,518.2134871011176,50.093027863904005
2026-07-02 14:30:00,635.9771893328314,1219.0566108368723
2026-07-02 14:35:00,495.52912432404145,30.955979849082546
ERR-2026-07-02 14:40:00,411.38873486523494,49.313021992250405
2026-07-02 14:45:00,338.0310134483374,57.76107174205945
ERR-2026-07-02 14:50:00,551.304786741025,41.76029380307415
2026-07-02 14:55:00,524.7288125627739,49.43205068131101
2026-07-02 15:00:00,435.4091826737703,44.91560330462263
2026-07-02 15:05:00,602.6014125707297,
2026-07-02 15:10:00,457.82231356123697,31.632030185051654
2026-07-02 15:15:00,486.5355908175205,56.604660422951085
2026-07-02 15:20:00,498.33358667020565,50.192662375941815
2026-07-02 15:25:00,464.9047257861912,41.828408475610644
2026-07-02 15:30:00,523.5865065749571,61.973794704925595
2026-07-02 15:35:00,615.1515145933001,58.566353118613016
2026-07-02 15:40:00,385.7518101881577,49.331906288120884
2026-07-02 15:45:00,548.8520138474008,62.497147290194576
2026-07-02 15:50:00,517.2158669606441,65.83249897824027
2026-07-02 15:55:00,515.3763829544706,40.59379289294766
2026-07-02 16:00:00,587.184456987409,38.84761367398714
2026-07-02 16:05:00,504.92974252171587,27.67898119622377
2026-07-02 16:10:00,,42.913403674149826
2026-07-02 16:15:00,571.5864629571147,46.12648043239546
2026-07-02 16:20:00,449.5634799619393,
2026-07-02 16:25:00,529.9183460813798,
2026-07-02 16:30:00,474.9212392789368,57.395578331507316
2026-07-02 16:35:00,486.73182202801047,52.63648241839973
2026-07-02 16:40:00,467.7938603521668,42.39911134705738
2026-07-02 16:45:00,547.1080404096887,
2026-07-02 16:50:00,508.1644709018254,36.52835302144949
2026-07-02 16:55:00,,55.00475899370508
2026-07-02 17:00:00,498.24826371042514,47.678573666970806
2026-07-02 17:05:00,339.5878987529675,50.95473943913369
2026-07-02 17:10:00,503.1368416099709,53.006989334619824
2026-07-02 17:15:00,506.3537955156817,2961.4301380939623
2026-07-02 17:20:00,524.259593715346,57.09360946886597
2026-07-02 17:25:00,440.6270806314258,60.93599302385923
2026-07-02 17:30:00,380.4530283334488,39.82295487156582
2026-07-02 17:35:00,-523.3775946056694,47.115002704187305
2026-07-02 17:40:00,472.63934434658313,40.537118849929776
2026-07-02 17:45:00 (UTC),517.1244047684996,36.929394030629965
2026-07-02 17:50:00,,59.03613700912245
2026-07-02 17:55:00,499.3938174226405,30.41765120749078
2026-07-02 18:00:00,,44.160675068193
2026-07-02 18:05:00,403.1916410846172,44.512941502209785
2026-07-02 18:10:00,547.3731660768657,47.87722188676411
2026-07-02 18:15:00,439.68799117738797,
2026-07-02 18:20:00,516.395148089481,42.628056921417475
2026-07-02 18:25:00,541.0460221902077,68.65220194699475
2026-07-02 18:30:00,441.3187284396918,47.383991519888426
2026-07-02 18:35:00,379.6114365627015,41.165312056683256
ERR-2026-07-02 18:40:00,742.6085613853053,
2026-07-02 18:45:00,447.2228124054574,50.75653167122801
2026-07-02 18:50:00 (UTC),562.3417158601159,
ERR-2026-07-02 18:55:00,693.9463549570124,47.26760548566772
2026-07-02 19:00:00,578.9907746853893,54.86970529169967
2026-07-02 19:05:00,469.9557191172448,38.000716198552894
2026-07-02 19:10:00,493.2883612464889,42.81341520969493
2026-07-02 19:15:00,416.7392780261152,43.78762626067409
2026-07-02 19:20:00,588.1696426957742,35.175563847768544
2026-07-02 19:25:00,556.6270708058688,50.47406417779338
2026-07-02 19:30:00,448.5574181738257,52.5168417270645
2026-07-02 19:35:00,395.78251929015556,51.27372455763442
2026-07-02 19:40:00,367.8766262336309,
2026-07-02 19:45:00,598.6514003804201,40.3446613890372
2026-07-02 19:50:00,512.037312895556,46.053823476333164
2026-07-02 19:55:00 (UTC),521.4984536332752,38.330531608795944
2026-07-02 20:00:00,417.7051374137643,29.59264745776545
2026-07-02 20:05:00,353.6496896695594,59.58016441313343
2026-07-02 20:10:00,596.2613574711633,65.10175697119115
2026-07-02 20:15:00,504.20390369972307,61.44334479877043
,590.723466005762,52.91970024720308
02/07/2026 20:25:00,9779.603459297614,44.06309504559892
2026-07-02 20:30:00,476.31821569631416,71.67895636068299
2026-07-02 20:35:00 (UTC),571.3298176620632,60.717391521782346
2026-07-02 20:40:00,,41.78125987526979
2026-07-02 20:45:00,579.7565622685954,65.0958377138654
2026-07-02 20:50:00,470.47987468973037,51.65262248316807
,561.4547237650868,63.201866855504946
2026-07-02 21:00:00,610.9099465476719,65.94017408633265
2026-07-02 21:05:00,489.52279883184656,43.37960275699615
ERR-2026-07-02 21:10:00,5342.886409235622,48.65366834692299
2026-07-02 21:15:00,634.2747603316766,52.4771624676108
2026-07-02 21:20:00,434.55542664486927,50.92589447150793
2026-07-02 21:25:00,562.9476497114476,39.7169910646719
2026-07-02 21:30:00,494.1577689480139,
,-494.3624922556857,47.07430298688302
2026-07-02 21:40:00,612.859406747858,47.23578344310062
2026-07-02 21:45:00,224.2146370452632,34.25644061300143
2026-07-02 21:50:00,301.58719332423914,47.67120583421485
,552.7330079480672,71.43022821570652
2026-07-02 22:00:00,552.7071198678116,54.55772486029377
2026-07-02 22:05:00,436.24201421224643,1077.7053855762751
2026-07-02 22:10:00,514.7822090303245,55.382160301694284
02/07/2026 22:15:00,246.85699542219953,64.08663675957838
2026-07-02 22:20:00,570.69754644706,42.80884094129301
2026-07-02 22:25:00,524.9725487053597,66.86152643097529
2026-07-02 22:30:00,495.43571466662047,39.316115400589595
2026-07-02 22:35:00,,46.098853550005394
2026-07-02 22:40:00,549.3254176193032,45.22926128636087
2026-07-02 22:45:00,497.1098476502139,62.17558296792066
2026-07-02 22:50:00,312.594449726878,38.936982363502054
2026-07-02 22:55:00,719.6332234522523,60.63533290106825
2026-07-02 23:00:00,620.0800819428451,48.15529015660716
02/07/2026 23:05:00,371.5055338045172,51.38316703854851
2026-07-02 23:10:00,465.486276952341,61.85496012860469
2026-07-02 23:15:00,476.39658098439594,54.81815289242691
2026-07-02 23:20:00,607.8849566508964,62.772801363921076
2026-07-02 23:25:00,284.0731064680232,60.43691783547174
2026-07-02 23:30:00,450.09917355702106,76.19508196680606
2026-07-02 23:35:00,323.9363556662496,61.53243750410713
02/07/2026 23:40:00,471.49044841716614,51.229449121139474
2026-07-02 23:45:00,452.74991069150957,50.612566188060676
,507.96940673827123,67.35724162082894
2026-07-02 23:55:00,439.51256009908167,53.214672163298175
2026-07-03 00:00:00,424.89766086094755,55.27914044270202
2026-07-03 00:05:00,561.9656691763148,62.20056712990427
2026-07-03 00:10:00,545.4672740942581,46.97995094617095
ERR-2026-07-03 00:15:00,555.1398342778242,41.537390997382445
03/07/2026 00:20:00,482.30999095091573,56.214915408929045
2026-07-03 00:25:00,442.82614177748104,45.619192398299745
2026-07-03 00:30:00,488.1147517979229,65.70346304511541
2026-07-03 00:35:00,,26.054445847558007
2026-07-03 00:40:00,282.3220299028152,45.53807812175408
2026-07-03 00:45:00,539.4111930370858,53.61438345043315
2026-07-03 00:50:00,8554.381842311992,44.30601182652028
2026-07-03 00:55:00,506.2150906085727,65.32411173198766
2026-07-03 01:00:00,485.0686578128325,53.40121790769535
2026-07-03 01:05:00,243.38806140675865,44.55663963107217
2026-07-03 01:10:00,456.0146736899594,53.76411410014995
ERR-2026-07-03 01:15:00,678.9438711077373,37.089197909149014
2026-07-03 01:20:00,501.29012955683055,
2026-07-03 01:25:00,469.2710161325282,64.56322321559705
2026-07-03 01:30:00,,49.832928955979746
2026-07-03 01:35:00,535.4772868628008,51.25266980881625
,565.8820244689464,40.02005362305021
ERR-2026-07-03 01:45:00,477.1119836842058,
2026-07-03 01:50:00,542.4919602393684,
2026-07-03 01:55:00,,50.126788242915325
2026-07-03 02:00:00,,73.59585865975096
2026-07-03 02:05:00,734.0300215856979,57.033976905766956
2026-07-03 02:10:00,434.32296416482836,39.85948346878059
2026-07-03 02:15:00,667.6189507502015,74.29954562667112
2026-07-03 02:20:00,420.93263600774054,36.91087273995187
2026-07-03 02:25:00,535.3566146740463,47.357331816391444
2026-07-03 02:30:00,573.2476529238099,52.93432827979157
2026-07-03 02:35:00,448.9222808095528,54.3353587659523
2026-07-03 02:40:00 (UTC),508.7964277474276,45.00953863710972
2026-07-03 02:45:00,591.0461102451841,51.30561139223761
,428.9729101688092,64.53616652197515
2026-07-03 02:55:00,666.9383459547647,1441.7240495539
2026-07-03 03:00:00,361.54033752726514,69.43356284256296
2026-07-03 03:05:00,693.9691442728384,42.51144566931803
2026-07-03 03:10:00,600.1326134799592,
2026-07-03 03:15:00,491.02744236722214,55.73858845132427
2026-07-03 03:20:00,,32.93268997543582
2026-07-03 03:25:00 (UTC),449.2971737208976,48.09264986229724
2026-07-03 03:30:00,486.4204359742985,56.7184094611654
ERR-2026-07-03 03:35:00,495.1504138451174,49.66612588739837
2026-07-03 03:40:00,625.5226246634581,
2026-07-03 03:45:00,696.8654100384583,54.89178425717302
2026-07-03 03:50:00,519.9379920654007,63.258469244784145
2026-07-03 03:55:00,415.4371512010596,53.0759330407832
2026-07-03 04:00:00,445.4273959363806,29.495196278771758
,481.6909215388716,63.07173469418126
2026-07-03 04:10:00,396.98778947032247,38.23567593741231
2026-07-03 04:15:00,382.1058597892621,39.21155445368487
ERR-2026-07-03 04:20:00,709.7127212373027,53.538097801947835
2026-07-03 04:25:00,530.2613525946254,53.67281407045384
2026-07-03 04:30:00,416.6866866319653,44.42845073931263
2026-07-03 04:35:00,581.6603570357713,58.29245057317289
2026-07-03 04:40:00,382.16538751931546,50.7194170248947
2026-07-03 04:45:00,,35.43883893849639
2026-07-03 04:50:00,419.6957598935755,40.77055583823912
2026-07-03 04:55:00,665.4513280865033,47.78238844780307
2026-07-03 05:00:00,474.7119934221626,51.140764314517114
2026-07-03 05:05:00,255.82930130975132,45.297439934390766
,621.0065933175593,32.22864416618793
03/07/2026 05:15:00,469.36186358376426,
2026-07-03 05:20:00,315.05919941215944,57.25102674633867
2026-07-03 05:25:00,468.331651203659,51.2923776209851
2026-07-03 05:30:00,552.1003896604904,59.88529144849768
03/07/2026 05:35:00,540.4049166532969,58.46702211007222
2026-07-03 05:40:00,679.8414979164819,33.300734067011206
2026-07-03 05:45:00,414.72321374300697,43.97999555154378
2026-07-03 05:50:00,504.6720120264972,57.49626389436879
2026-07-03 05:55:00,430.0430721421578,55.58567079770395
2026-07-03 06:00:00,345.78071058127773,55.531944581715045
2026-07-03 06:05:00,588.5527372305955,60.56324132275053
2026-07-03 06:10:00,546.326956914752,63.32813140150704
2026-07-03 06:15:00,528.3678449698853,33.16290072505751
2026-07-03 06:20:00,542.6790193258645,46.388004406049184
2026-07-03 06:25:00,431.452714731158,57.062806413754544
2026-07-03 06:30:00,399.4304912681807,58.40282610115089
2026-07-03 06:35:00,503.76473721693606,67.9863813076801
2026-07-03 06:40:00,616.1211402411614,65.4508929571646
2026-07-03 06:45:00,660.8077135453548,62.01160509852474
2026-07-03 06:50:00,579.5432706807433,45.813512387954844
03/07/2026 06:55:00,502.91744267680957,59.08532272387234
2026-07-03 07:00:00,526.9783929399936,70.4161710303324
2026-07-03 07:05:00,501.15938593253713,65.61004090750106
2026-07-03 07:10:00,397.4056660300572,54.38153675696641
2026-07-03 07:15:00,502.4647378210543,65.09539452580832
2026-07-03 07:20:00,366.5173182411507,52.86803925622603
ERR-2026-07-03 07:25:00,487.59227738969605,52.984050191138905
2026-07-03 07:30:00,663.6105110596319,48.416820669958796
2026-07-03 07:35:00,582.2859222783352,36.802508887689335
2026-07-03 07:40:00 (UTC),407.68808157634703,60.22124994130041
2026-07-03 07:45:00,492.7570930357717,49.68634400679546
2026-07-03 07:50:00,416.5623688245262,52.14355358578894
2026-07-03 07:55:00,493.748623182279,55.80812020171498
2026-07-03 08:00:00,604.1107816524564,44.921244025369134
2026-07-03 08:05:00,565.3007938309904,59.51920799116277
2026-07-03 08:10:00,748.4144080745336,49.23552365113862
03/07/2026 08:15:00,,49.637090146149454
2026-07-03 08:20:00,520.4000381077692,18.94322671124753
2026-07-03 08:25:00,567.7149974133293,52.25192824460169
2026-07-03 08:30:00,479.7556825816664,41.40418676412253
2026-07-03 08:35:00,387.24957529135037,
corrupted_timestamp,630.5776578287521,43.02210681944711
2026-07-03 08:45:00,600.8991476931648,43.6599685401616
2026-07-03 08:50:00,475.89457854060356,48.480159611326144
2026-07-03 08:55:00,527.3935736931338,55.61949036604578
2026-07-03 09:00:00 (UTC),624.0939187384806,65.69039284008504
2026-07-03 09:05:00,584.635142620602,52.300794798263475
2026-07-03 09:10:00,353.6898748750301,46.13965904940502
corrupted_timestamp,524.3620021489825,47.52429422607236
2026-07-03 09:20:00,483.2368474511636,60.21753445782174
2026-07-03 09:25:00,611.3000699138681,54.98831061350829
2026-07-03 09:30:00,603.1042738782661,38.13689041319369
2026-07-03 09:35:00,631.8607828178044,43.683931521925096
2026-07-03 09:40:00,388.21056612797923,
2026-07-03 09:45:00,421.58884659437615,48.41017541296131
2026-07-03 09:50:00,,44.645614710440086
corrupted_timestamp,440.8354184657554,48.26535815124334
2026-07-03 10:00:00,347.8567019085692,52.97984330763192
2026-07-03 10:05:00,553.2596487614065,54.01891504268918
2026-07-03 10:10:00,445.2781559734027,50.58760443303901
2026-07-03 10:15:00,678.97907703084,
2026-07-03 10:20:00,529.6184553988463,54.6760907846946
2026-07-03 10:25:00,,39.98073958184123
2026-07-03 10:30:00,,
2026-07-03 10:35:00,659.0835333926972,48.773171396794346
03/07/2026 10:40:00,535.8554459889821,48.59718663633758
2026-07-03 10:45:00,459.15004818437933,42.251610921897466
2026-07-03 10:50:00,420.5916293394553,44.681881563793
2026-07-03 10:55:00,492.6526945435782,59.18800697400694
2026-07-03 11:00:00,402.23531628451946,40.285933494873404
2026-07-03 11:05:00,602.8877441678944,47.22919730439605
ERR-2026-07-03 11:10:00,319.16579459757656,62.67146463297972
2026-07-03 11:15:00,,49.44140132776812
2026-07-03 11:20:00,561.0133545087934,74.06965670646281
corrupted_timestamp,534.2119420109657,66.32017896987318
03/07/2026 11:30:00,428.2717026984331,28.443576667394947
2026-07-03 11:35:00,566.025870670655,39.258794543934656
2026-07-03 11:40:00,411.39606116140925,
2026-07-03 11:45:00 (UTC),497.761534350319,46.98506449704951
2026-07-03 11:50:00,565.1841571980356,57.181971260737484
2026-07-03 11:55:00,546.2912779493113,56.60154084264801
2026-07-03 12:00:00,432.4960988580532,35.016987638808075
2026-07-03 12:05:00,619.7494516564363,61.76532551091819
2026-07-03 12:10:00,508.6694571485534,69.35923921839318
2026-07-03 12:15:00 (UTC),574.2995410939152,36.42347278891626
2026-07-03 12:20:00,652.9101006673247,46.25629434773705
2026-07-03 12:25:00,611.7520548774608,
2026-07-03 12:30:00,612.0129406331043,
2026-07-03 12:35:00,519.2679929849472,65.15533282399565
2026-07-03 12:40:00,579.393512091051,45.68880388164573
2026-07-03 12:45:00,521.3596574564316,45.422247134413325
2026-07-03 12:50:00,379.06755322215866,60.166347609738914
2026-07-03 12:55:00 (UTC),530.2743792505042,47.918204805954
03/07/2026 13:00:00,525.6360983738466,52.278487194966516
2026-07-03 13:05:00,558.3729361521819,59.59494016152152
03/07/2026 13:10:00,487.2003024786605,57.32577859095754
2026-07-03 13:15:00,423.8544443236149,52.91259309504164
2026-07-03 13:20:00,565.6506083175227,36.90155532881299
2026-07-03 13:25:00,368.6727712747752,56.0217363999375
2026-07-03 13:30:00,645.881913585647,59.934910190625665
2026-07-03 13:35:00,476.85819387950073,57.54306208633287
,524.5528172056169,36.27253013879716
2026-07-03 13:45:00,555.8558153281572,58.20533866280949
2026-07-03 13:50:00,559.068804484419,42.941477073836595
2026-07-03 13:55:00,,25.977899018127665
2026-07-03 14:00:00,582.4086580544264,48.456260672290966
2026-07-03 14:05:00,530.3153828376273,38.53905230867849
2026-07-03 14:10:00,436.4738615441391,49.9798095285563
2026-07-03 14:15:00,425.0333049054086,37.52300994728269
2026-07-03 14:20:00,466.59469179431545,47.88851413032745
2026-07-03 14:25:00,370.1258313389508,33.762982294684065
2026-07-03 14:30:00,672.2267390987025,43.24373048146393
2026-07-03 14:35:00,648.6151325143344,53.36325934169879
2026-07-03 14:40:00,545.1700200975939,67.69726735151986
2026-07-03 14:45:00,477.6601583657909,47.202362289783544
2026-07-03 14:50:00,480.2892012062605,49.86585688649042
,575.8065706173968,57.98236425627431
,675.782689950195,54.05363041393625
2026-07-03 15:05:00,442.9603260403257,54.561904214134266
2026-07-03 15:10:00,388.2413957376676,56.988346010975185
,654.7640773595272,46.191362652471206
2026-07-03 15:20:00,321.28614124155484,42.12535827785695
2026-07-03 15:25:00,9824.105898950305,52.79089277455196
2026-07-03 15:30:00,475.3142107489147,26.697208500115313
2026-07-03 15:35:00,343.9566532194969,29.465420472273806
2026-07-03 15:40:00 (UTC),-642.6316407816755,64.95450762694863
2026-07-03 15:45:00,585.69052705051,1695.8105112867652
2026-07-03 15:50:00,,43.20359345930591
2026-07-03 15:55:00,627.9614119177747,37.697901954463276
2026-07-03 16:00:00 (UTC),7558.720062839322,55.423843462923756
2026-07-03 16:05:00,488.68293517099363,57.032167455106325
2026-07-03 16:10:00 (UTC),454.93318224319927,41.077995419463704
2026-07-03 16:15:00,725.9602027742478,48.73449655141534
2026-07-03 16:20:00,572.1161822084155,31.978683905234785
ERR-2026-07-03 16:25:00,525.6324652968854,45.60933548271409
2026-07-03 16:30:00,636.3545946639613,47.63976601142497
03/07/2026 16:35:00,530.1930635003022,51.62622299630074
2026-07-03 16:40:00,449.43794140808114,72.15660348131944
2026-07-03 16:45:00,508.01597604875536,38.209404434205325
2026-07-03 16:50:00,603.8654287319735,65.02205951463685
2026-07-03 16:55:00,300.78144336507864,44.18292441407509
2026-07-03 17:00:00,471.19692605607787,43.16804400931889
2026-07-03 17:05:00,638.3057398581605,60.44372933347294
2026-07-03 17:10:00,,43.0184995024048
2026-07-03 17:15:00,654.610856043141,41.091849682225444
2026-07-03 17:20:00,641.4743819359812,56.08350426962797
2026-07-03 17:25:00,-140.9250523090659,54.72403995376987
2026-07-03 17:30:00,443.14606951109994,44.7068135454843
2026-07-03 17:35:00,471.26411258503657,67.96789456916086
2026-07-03 17:40:00,766.4614492001435,44.98425079735695
2026-07-03 17:45:00,687.4424446933244,34.068135149329684
2026-07-03 17:50:00,512.5390971806738,38.26605665666131
2026-07-03 17:55:00 (UTC),439.18464483795907,37.95476342562121
2026-07-03 18:00:00,511.7041035581263,46.24877503619129
2026-07-03 18:05:00,524.3826926616765,64.30346739425175
2026-07-03 18:10:00,375.6641262390646,31.838298297963522
2026-07-03 18:15:00,508.004126921526,67.00220823899593
2026-07-03 18:20:00,632.240432481173,
2026-07-03 18:25:00,,44.1095304663194
,582.6583965137248,41.92844270897286
2026-07-03 18:35:00,637.479797005478,44.61103733630982
2026-07-03 18:40:00 (UTC),443.94426549056317,47.33807205299959
ERR-2026-07-03 18:45:00,669.4175758191057,48.481082947108845
2026-07-03 18:50:00,430.96629375516545,
2026-07-03 18:55:00,544.1082661860404,28.800679289695758
2026-07-03 19:00:00,469.32273153363695,48.38560727089411
,469.30036428373967,54.69314114545351
2026-07-03 19:10:00,438.27009302419543,49.15063025117915
2026-07-03 19:15:00,6699.560662170297,47.10587343569224
2026-07-03 19:20:00,584.880545773145,44.73775128506571
2026-07-03 19:25:00,493.55778004228114,60.44281860824724
2026-07-03 19:30:00,364.0031786327726,54.613128744955226
2026-07-03 19:35:00,540.317016663439,47.70695853979421
ERR-2026-07-03 19:40:00,542.2014359410693,55.0704809075502
2026-07-03 19:45:00 (UTC),478.3284988613573,59.15399681270458
2026-07-03 19:50:00,686.7231287180808,36.19861060015559
2026-07-03 19:55:00,,54.93075374678545
2026-07-03 20:00:00,278.2716289746432,41.48957321855486
2026-07-03 20:05:00,426.9165100302329,62.82719507307189
2026-07-03 20:10:00,571.042453409145,40.358322031948575
2026-07-03 20:15:00,394.41553625661595,49.6503593005538
2026-07-03 20:20:00,401.90290814739245,52.663924036989
,595.1021336178155,
2026-07-03 20:30:00,546.254792279775,29.066646489303864
2026-07-03 20:35:00,537.70609096284,45.72486440663791
2026-07-03 20:40:00,578.1428919465528,66.70879403975722
2026-07-03 20:45:00,457.48070467271157,48.08506919982075
2026-07-03 20:50:00,462.1015925941809,54.73031775321582
2026-07-03 20:55:00,580.9779272561425,18.747845446004323
2026-07-03 21:00:00,365.51132192188004,58.30289951214895
2026-07-03 21:05:00,-266.7907630312566,54.88882707683998
2026-07-03 21:10:00,456.67158263721456,56.54963916372856
2026-07-03 21:15:00,-676.6703859674235,50.39258729305883
2026-07-03 21:20:00,525.5559698986804,37.202284364415306
corrupted_timestamp,585.7291504123016,42.42038512479972
2026-07-03 21:30:00,298.3705689576835,40.885505346440254
2026-07-03 21:35:00,531.5496808323492,55.42764885684674
2026-07-03 21:40:00,7866.203311267969,47.65590592051019
2026-07-03 21:45:00,364.9202577389315,58.265863087283336
2026-07-03 21:50:00,586.2057590546544,56.215748762583196
ERR-2026-07-03 21:55:00,488.8481103494207,67.54888059217652
ERR-2026-07-03 22:00:00,,51.06379941327463
2026-07-03 22:05:00,282.27639311032647,47.732725876870745
2026-07-03 22:10:00,636.9114367674752,50.93331649735267
2026-07-03 22:15:00,460.5841903473926,23.297759488785807
2026-07-03 22:20:00,338.28482855599566,46.2583535602
2026-07-03 22:25:00,447.3044856435008,56.07714344169685
,527.7479241337466,46.99807516040165
2026-07-03 22:35:00 (UTC),603.7466669565043,47.45792272577298
03/07/2026 22:40:00,,46.91686436725471
2026-07-03 22:45:00,642.1893088704343,65.76668566771664
2026-07-03 22:50:00,403.4617979295506,52.64003829275729
,,48.34300764777687
2026-07-03 23:00:00,539.1284957120873,74.13035321001472
2026-07-03 23:05:00 (UTC),434.5396979071012,36.75866042302878
2026-07-03 23:10:00,478.8089406522519,43.06247583398663
2026-07-03 23:15:00,429.0157340555276,39.051842572092994
2026-07-03 23:20:00,503.70923419364556,42.179674692772466
2026-07-03 23:25:00,427.03421177058794,62.341081459693235
2026-07-03 23:30:00,,39.81155998377397
corrupted_timestamp,547.9119127782772,50.157420437283974
2026-07-03 23:40:00,562.8730548259637,54.59054546753144
2026-07-03 23:45:00,481.2402999908388,56.76397413116149
2026-07-03 23:50:00,636.7651303935972,43.25711765586854
2026-07-03 23:55:00,473.9569413504887,55.46330330896504
2026-07-04 00:00:00,469.72254548744615,45.24188209749245
2026-07-04 00:05:00,566.0488982345697,49.951217756791245
04/07/2026 00:10:00,486.75744150566635,
2026-07-04 00:15:00,508.47977290261434,36.73863752213613
2026-07-04 00:20:00,247.9561529380935,53.379154340800426
2026-07-04 00:25:00 (UTC),501.6707384737975,73.72756164536881
2026-07-04 00:30:00,317.280406252874,46.58516902927485
2026-07-04 00:35:00,377.9049429001129,49.575286351039054
04/07/2026 00:40:00,366.4677461244495,56.03375668537784
2026-07-04 00:45:00,,60.538753507230346
2026-07-04 00:50:00,445.1146140367747,61.04670373115264
2026-07-04 00:55:00 (UTC),451.3507384454515,55.33619392032864
2026-07-04 01:00:00,566.4275204257126,48.246374580694216
2026-07-04 01:05:00,522.2387814134697,56.79502903238563
2026-07-04 01:10:00,,53.910436662868875
2026-07-04 01:15:00,508.3294637546808,49.394289215300006
2026-07-04 01:20:00,531.8255246583427,59.12593829138803
2026-07-04 01:25:00,467.1433483747042,54.27074561382841
2026-07-04 01:30:00,493.91140230932973,43.00236866331723
2026-07-04 01:35:00,519.0310125397057,39.348882022283945
04/07/2026 01:40:00,576.459959763558,
2026-07-04 01:45:00,342.51200125372657,40.58067709838563
2026-07-04 01:50:00,475.5682961360351,50.30703033644829
04/07/2026 01:55:00,650.8336098057729,60.24965095804072
2026-07-04 02:00:00,641.6661308297956,48.83694322053348
2026-07-04 02:05:00,585.093692777578,52.95290217082324
04/07/2026 02:10:00,553.6824683955676,56.01449042981442
2026-07-04 02:15:00,665.4634748402088,37.84253187781314
2026-07-04 02:20:00,691.7848001606666,45.677428022098255
2026-07-04 02:25:00,487.09200119531477,38.36706033399506
2026-07-04 02:30:00,403.056755671168,46.63213426240175
2026-07-04 02:35:00,472.9707682375505,52.651158067617395
2026-07-04 02:40:00,809.6695513772054,50.78437391910611
2026-07-04 02:45:00,343.06436572748055,41.76736184806845
,452.94608604705826,55.45541268340291
2026-07-04 02:55:00,358.7308847507369,52.629370621601566
2026-07-04 03:00:00 (UTC),512.4763862877385,54.286428330144446
2026-07-04 03:05:00,379.73089711051324,51.55610548681582
2026-07-04 03:10:00,489.1248977166382,42.48685302229089
2026-07-04 03:15:00,304.9904839981241,37.86554065706694
2026-07-04 03:20:00,561.7620665084651,53.88675300176922
ERR-2026-07-04 03:25:00,622.2345256467975,1263.5949408359725
ERR-2026-07-04 03:30:00,461.60563779365407,50.76886722468314
,486.4869992924298,71.04454776958549
2026-07-04 03:40:00,483.65927692686876,45.413407984657894
2026-07-04 03:45:00,518.0910675225025,53.43451750204314
ERR-2026-07-04 03:50:00,496.1830413033572,51.12060235812179
2026-07-04 03:55:00,576.8116952430694,49.66534475441096
2026-07-04 04:00:00,623.3039133450945,39.353322485033345
2026-07-04 04:05:00,418.5928777507817,47.30200440314769
2026-07-04 04:10:00,469.0671507225703,59.63455871720474
2026-07-04 04:15:00,590.1619448924745,
ERR-2026-07-04 04:20:00,357.83309519409676,58.52337582058014
2026-07-04 04:25:00,302.92787181544304,43.91506231479352
2026-07-04 04:30:00,-786.3081766434193,59.252721640059356
2026-07-04 04:35:00,549.6346411070492,39.05270707688052
2026-07-04 04:40:00,427.76998120464077,48.040491252374345
04/07/2026 04:45:00,442.1348945879545,39.81392870671142
2026-07-04 04:50:00,423.9807678259101,67.7382955256997
2026-07-04 04:55:00,413.30747606555656,51.61364472329349
2026-07-04 05:00:00,569.34958206046,59.46402037762775
2026-07-04 05:05:00,381.95015130023614,
2026-07-04 05:10:00,473.44771385666513,
2026-07-04 05:15:00,409.4663832485148,39.55504242809177
2026-07-04 05:20:00,354.4711024098784,49.36327668818755
2026-07-04 05:25:00,587.017817474677,39.18707412594048
2026-07-04 05:30:00,448.0174777826461,45.32773919413656
ERR-2026-07-04 05:35:00,518.8440080420756,50.24271273364256
04/07/2026 05:40:00,349.192412019899,40.61744013701012
04/07/2026 05:45:00,425.80605462435244,36.99767351887098
2026-07-04 05:50:00,575.6087880695005,37.75347878644993
2026-07-04 05:55:00,758.727145584531,56.15674145338439
2026-07-04 06:00:00,302.3783935609688,
2026-07-04 06:05:00,479.88922047105734,36.91887578621204
04/07/2026 06:10:00,541.22805981435,49.18777350492051
2026-07-04 06:15:00,438.38998467607166,56.90095052834358
2026-07-04 06:20:00,584.9521986994124,48.524304833514584
2026-07-04 06:25:00,413.3267329339687,35.4182464484028
ERR-2026-07-04 06:30:00,515.3847660216642,47.83446999154728
ERR-2026-07-04 06:35:00,447.792809550164,41.523151322537444
2026-07-04 06:40:00,621.9431082954773,52.02921021621363
2026-07-04 06:45:00,432.36354969643946,45.80375295441251
2026-07-04 06:50:00 (UTC),464.81262037134843,51.63819701706353
2026-07-04 06:55:00,594.5689037497156,32.215170200386524
2026-07-04 07:00:00,397.19613409071366,50.163650398520105
2026-07-04 07:05:00,506.8750056763572,1865.3817101688903
2026-07-04 07:10:00,317.7465656313398,
ERR-2026-07-04 07:15:00,391.2066541370925,50.02736269444103
2026-07-04 07:20:00,538.2131275890804,46.28025236614969
2026-07-04 07:25:00,400.93024904637673,48.69752528062539
2026-07-04 07:30:00,445.54270681762085,39.50345356590164
2026-07-04 07:35:00,549.3086402047937,50.8587038779653
2026-07-04 07:40:00,442.081385885307,30.845768052697522
2026-07-04 07:45:00,582.2842073216358,47.351539032994786
2026-07-04 07:50:00,521.5662787486065,48.91242295502221
2026-07-04 07:55:00,543.5683111924503,66.0324957233099
,624.0965598738533,46.51126510716076
2026-07-04 08:05:00,531.9823062614066,65.08302791359641
2026-07-04 08:10:00 (UTC),653.8847290469344,60.490660210112495
,591.1262283037823,47.89671819257997
2026-07-04 08:20:00,,49.26852218972739
2026-07-04 08:25:00,629.3148075021271,38.3195614315092
2026-07-04 08:30:00,526.3866020902946,43.24103959728535
2026-07-04 08:35:00,460.53202913394966,51.4469417767195
corrupted_timestamp,527.8385695320883,45.93332504402723
2026-07-04 08:45:00,611.2326824390263,57.98423930750369
2026-07-04 08:50:00,545.5045094242222,55.70646387313398
2026-07-04 08:55:00,682.2392832551398,52.09046357940271
2026-07-04 09:00:00,608.6530557898822,55.98003545603049
ERR-2026-07-04 09:05:00,552.3160033402162,53.404417482712866
2026-07-04 09:10:00,397.3931917258842,49.86944511687482
2026-07-04 09:15:00,482.0267485989879,42.264897083887256
2026-07-04 09:20:00,507.1664139750851,68.11676978560179
2026-07-04 09:25:00,,56.21326518548169
2026-07-04 09:30:00,-792.7213806223269,
2026-07-04 09:35:00 (UTC),516.9540410218286,
2026-07-04 09:40:00,512.0349915377171,73.89685960878376
04/07/2026 09:45:00,572.045689507607,42.6956663293728
2026-07-04 09:50:00,414.14137743700144,50.29276739120518
2026-07-04 09:55:00,669.5515819249856,50.67525041735122
2026-07-04 10:00:00,295.2833114836529,36.373442447030854
2026-07-04 10:05:00,645.5409482172029,54.36295842768096
2026-07-04 10:10:00,495.4814471574838,53.31820488213898
2026-07-04 10:15:00,600.2579814271594,39.23694068783758
,536.3840434292613,57.26586151884369
2026-07-04 10:25:00,534.6034410910802,40.25670716917499
2026-07-04 10:30:00 (UTC),555.4254476026521,46.73917928770312
2026-07-04 10:35:00,580.9054289087778,42.160835975369565
ERR-2026-07-04 10:40:00,467.116917341276,56.031158143611684
2026-07-04 10:45:00,603.4799130526236,54.97536245122376
2026-07-04 10:50:00,391.55293764212166,38.66485830103562
2026-07-04 10:55:00 (UTC),499.4669426673875,44.01862607931406
2026-07-04 11:00:00,583.5969924272276,44.16608476541308
,599.501757961589,56.46120294803775
2026-07-04 11:10:00,546.0788848261401,42.85369670645683
,460.66075620442643,48.74943201154196
2026-07-04 11:20:00,589.6707778368703,47.65309082835998
2026-07-04 11:25:00,433.06337608812464,46.71480511000074
2026-07-04 11:30:00,,67.2064891435436
ERR-2026-07-04 11:35:00,491.5329102500336,
2026-07-04 11:40:00,346.0374305794039,47.72113278486257
2026-07-04 11:45:00,380.5316531983448,53.629479059573434
2026-07-04 11:50:00,504.36436368795876,45.75005737305612
2026-07-04 11:55:00,513.9825271326054,44.11895424590821
2026-07-04 12:00:00,696.9656684951095,53.39264449727362
corrupted_timestamp,396.1500662385773,57.83059862644307
2026-07-04 12:10:00,503.94621993039306,63.02610210400255
2026-07-04 12:15:00 (UTC),394.05785929179433,
2026-07-04 12:20:00,450.73451467865965,42.296845451197896
2026-07-04 12:25:00,9244.069572290202,42.2245190791186
2026-07-04 12:30:00,386.3663776844009,64.0276185653866
2026-07-04 12:35:00,558.7042424067834,53.25080620397713
2026-07-04 12:40:00,539.2907359014391,41.80702937585828
2026-07-04 12:45:00 (UTC),497.5828573641791,43.20633347540979
2026-07-04 12:50:00,551.9436623191738,38.89237617018415
2026-07-04 12:55:00,383.99796180567114,49.209724012568
2026-07-04 13:00:00,665.6322507803558,2691.5392775316495
2026-07-04 13:05:00,692.484549512352,65.45718557949981
2026-07-04 13:10:00,504.71046977593136,60.84629785373528
,742.3106130613554,50.36540171363726
2026-07-04 13:20:00,460.097206845008,43.07938617136765
2026-07-04 13:25:00,540.043199385628,54.58891348001888
,643.1889063774513,32.30118997870771
corrupted_timestamp,454.09955397770904,42.12070440224877
2026-07-04 13:40:00,361.84509411205613,56.351798604694764
2026-07-04 13:45:00,338.8282934381146,58.759643920831515
2026-07-04 13:50:00,706.0826563902659,63.084786637584386
2026-07-04 13:55:00,447.0975349361222,48.86838875451869
2026-07-04 14:00:00,481.4263236581501,62.963218370755406
2026-07-04 14:05:00 (UTC),388.7235921678946,46.15940856183364
2026-07-04 14:10:00,594.8339279329189,45.369270201481065
2026-07-04 14:15:00,421.8440140775415,53.073950339850136
2026-07-04 14:20:00,450.8736972338678,61.42512513988039
04/07/2026 14:25:00,529.952041941616,59.3906034691432
2026-07-04 14:30:00,393.59540727544277,60.3344689784669
2026-07-04 14:35:00,482.1417730485775,55.2672334266295
2026-07-04 14:40:00,640.220958950327,59.590698104221154
,542.8254397516863,50.28061816603546
2026-07-04 14:50:00,6688.672001138386,53.157445899885616
2026-07-04 14:55:00,521.4864709463865,77.87138964207179
2026-07-04 15:00:00,461.0864904023436,58.78693672890179
2026-07-04 15:05:00,699.6152319754925,50.20016806016486
2026-07-04 15:10:00,418.7842869465933,58.03218469125277
2026-07-04 15:15:00,521.092616196393,39.44458118672221
2026-07-04 15:20:00,511.5025566342807,46.78471561064217
2026-07-04 15:25:00,600.8762507133135,47.970787973152284
2026-07-04 15:30:00,610.317393879364,42.82830953146482
2026-07-04 15:35:00,496.7981195512929,67.70013010878093
2026-07-04 15:40:00,529.066649311305,54.741480931438055
2026-07-04 15:45:00,532.8534753913948,55.850464604897496
2026-07-04 15:50:00,272.7858344429393,48.95849680304628
2026-07-04 15:55:00,341.10103975222245,
2026-07-04 16:00:00,439.49363092780294,49.36966163760669
2026-07-04 16:05:00,443.8401323623131,45.77427103712888
2026-07-04 16:10:00,380.07175780358676,39.84009074753324
2026-07-04 16:15:00,574.958257137363,57.59463049455067
2026-07-04 16:20:00,500.21184210174727,47.33785335985363
corrupted_timestamp,478.53054526131626,32.19744274649051
2026-07-04 16:30:00,374.3844725492613,50.00764731781661
2026-07-04 16:35:00,495.54551357552117,50.19292150902306
2026-07-04 16:40:00,237.33152440013885,57.53995783389185
2026-07-04 16:45:00 (UTC),483.7043689194159,51.20145022586569
,506.3183668807756,43.87195863967151
2026-07-04 16:55:00,524.1914984321498,54.97903855140436
2026-07-04 17:00:00,343.589823652072,43.5117504499467
2026-07-04 17:05:00,522.4816736691474,57.05323504299795
2026-07-04 17:10:00 (UTC),395.85687301354574,61.557524351822465
2026-07-04 17:15:00,418.75301677076664,25.201293478903096
2026-07-04 17:20:00,571.7931385822665,42.50721962579526
2026-07-04 17:25:00,701.4113723359744,54.64750456643692
2026-07-04 17:30:00,505.135875880268,50.92345102341457
2026-07-04 17:35:00,418.2904541359768,62.97109071508434
corrupted_timestamp,518.8670447509999,62.50917536293837
2026-07-04 17:45:00,593.9029157499145,59.26140024574835
2026-07-04 17:50:00 (UTC),562.0997565872735,33.1334836253517
2026-07-04 17:55:00,774.3112872463746,48.369505943585935
2026-07-04 18:00:00,428.46624309053334,56.4050872369061
2026-07-04 18:05:00,525.2231479919299,49.73561715555651
2026-07-04 18:10:00,654.8917953418203,48.7379012122961
2026-07-04 18:15:00,-118.01585634713194,62.37582168362042
ERR-2026-07-04 18:20:00,304.99220734756193,53.58317497242213
2026-07-04 18:25:00,499.6642379960019,47.47622708733349
2026-07-04 18:30:00,648.4520765848699,38.144768200042265
corrupted_timestamp,789.0642990399137,67.20427696381633
2026-07-04 18:40:00 (UTC),570.3795883750819,53.02463700261092
ERR-2026-07-04 18:45:00,463.21367063035166,45.33453288396926
ERR-2026-07-04 18:50:00,399.07968475626103,
2026-07-04 18:55:00,721.8743357530849,33.965255296271835
2026-07-04 19:00:00,572.8741586465759,67.52084918390347
2026-07-04 19:05:00,415.1933073114583,56.11028063654458
2026-07-04 19:10:00,479.6843633666219,71.94324860377353
2026-07-04 19:15:00,531.0186516828704,56.33018545246148
2026-07-04 19:20:00,554.3806653888117,
,410.038134245421,43.95665799648319
2026-07-04 19:30:00,438.58095818745073,45.6174932572059
2026-07-04 19:35:00,334.706543762704,37.592858254782016
,603.9762289604782,69.7738657082282
,465.83815332296837,51.3263041107907
2026-07-04 19:50:00,546.6321649183292,58.702745794666775
2026-07-04 19:55:00,,60.29551048788913
2026-07-04 20:00:00,521.9870142373945,47.75937605299309
2026-07-04 20:05:00,488.7029524050932,41.97835313852357
2026-07-04 20:10:00,519.3921476883934,42.83442555194365
2026-07-04 20:15:00,506.31936038502266,34.52762020433573
,624.6164997877945,38.81223192587828
2026-07-04 20:25:00,531.0838397538789,55.351006285348895
2026-07-04 20:30:00,-712.3227573361919,60.23085018513596
ERR-2026-07-04 20:35:00,604.7849056889751,50.05580647144295
2026-07-04 20:40:00,623.0484356358352,59.23566829683547
2026-07-04 20:45:00,,59.471789930820094
2026-07-04 20:50:00,653.2783884768105,46.8583002687686
2026-07-04 20:55:00,,60.873525591224315
2026-07-04 21:00:00,528.3269950146598,48.37408310407453
2026-07-04 21:05:00,600.6624631596515,45.71220490783808
2026-07-04 21:10:00 (UTC),443.30236089957214,50.86192291415177
2026-07-04 21:15:00,595.4164514190924,35.90536626732599
2026-07-04 21:20:00,462.3224530262145,2138.092367936536
ERR-2026-07-04 21:25:00,352.5049320289662,26.916313293081032
2026-07-04 21:30:00,400.2243720893066,
2026-07-04 21:35:00,556.7021832903226,37.05944940415952
2026-07-04 21:40:00,405.45316600053417,49.93522307037501
corrupted_timestamp,661.0076123189649,64.84356111662986
2026-07-04 21:50:00,-841.0884409728469,50.71342644012269
2026-07-04 21:55:00,633.3439166032965,31.064998818993153
2026-07-04 22:00:00,512.4778579677412,51.2928052601828
2026-07-04 22:05:00 (UTC),525.7861617294959,47.44440683816705
2026-07-04 22:10:00,-588.5806195786306,59.31736920574017
2026-07-04 22:15:00,599.578351015749,48.86776250517384
2026-07-04 22:20:00 (UTC),537.9833455037085,61.15255049747192
2026-07-04 22:25:00,556.7305625292261,54.35658210495528
2026-07-04 22:30:00,668.8311811452882,58.74880281004549
2026-07-04 22:35:00,439.403701605249,49.067120734184165
2026-07-04 22:40:00,487.3858450122682,62.835148515863615
2026-07-04 22:45:00,532.6670921542168,44.88355329915346
2026-07-04 22:50:00,406.45645945412934,
2026-07-04 22:55:00,-784.3795773689445,39.04605475136417
2026-07-04 23:00:00,549.2949810466969,51.20666721135547
2026-07-04 23:05:00,467.4578728627169,52.70757650981083
2026-07-04 23:10:00,630.8989409729112,51.5538030913606
2026-07-04 23:15:00,348.9075438183006,62.18730969740446
2026-07-04 23:20:00,612.2771240233342,51.89010445052541
2026-07-04 23:25:00,566.1185474816004,53.29522136831534
04/07/2026 23:30:00,443.1171412443409,59.800712016247374
corrupted_timestamp,407.5591431770002,33.23409781644017
2026-07-04 23:40:00,8835.920007507975,57.22949280067509
,420.4824987586166,63.16299687188384
2026-07-04 23:50:00,604.7176655002997,57.17588757210282
2026-07-04 23:55:00,494.39142737213257,53.15003134508229
,616.2980880391841,58.028380422251914
2026-07-05 00:05:00,438.0128929375448,28.538601149204688
2026-07-05 00:10:00,570.7106160106563,48.70369472284279
2026-07-05 00:15:00,,37.01689302821619
2026-07-05 00:20:00,403.4424993790161,53.83270596809121
2026-07-05 00:25:00,489.2872782829324,39.959185486005396
2026-07-05 00:30:00,433.50334886800033,58.498570898943164
2026-07-05 00:35:00,,
2026-07-05 00:40:00,481.76852992830067,37.129254899283616
corrupted_timestamp,510.64354164312886,40.55538203080128
ERR-2026-07-05 00:50:00,626.8358611496068,36.86802555665756
2026-07-05 00:55:00,593.680567713306,49.64693004813415
2026-07-05 01:00:00,621.9943199232831,56.16567620969853
2026-07-05 01:05:00,572.0357498393508,43.55020016454652
2026-07-05 01:10:00,533.2612758949974,35.41096374178484
2026-07-05 01:15:00,377.10550935281077,49.862157022957966
2026-07-05 01:20:00,514.9872197935274,
2026-07-05 01:25:00,559.6793777330814,45.01007731985816
ERR-2026-07-05 01:30:00,,2509.3894798217416
2026-07-05 01:35:00,568.6288541731814,62.7971052512462
2026-07-05 01:40:00,624.0383434605421,44.075160514361116
2026-07-05 01:45:00,396.8002108634761,35.58902805368646
2026-07-05 01:50:00,467.3582373851905,49.11749631340096
2026-07-05 01:55:00,542.9350713661271,55.273224337936725
2026-07-05 02:00:00,616.0952690742562,54.607516747224636
2026-07-05 02:05:00,485.477135416108,34.00590825792978
2026-07-05 02:10:00,491.75540408508465,62.17860152495872
2026-07-05 02:15:00,568.7140306002979,52.10398802095723
2026-07-05 02:20:00,387.41291728548754,55.70832406845022
2026-07-05 02:25:00,660.740454982343,76.51561550575454
2026-07-05 02:30:00,412.0863906892315,57.5888856305427
2026-07-05 02:35:00 (UTC),308.1410576440697,55.72055266225452
2026-07-05 02:40:00,,47.74076640101474
2026-07-05 02:45:00,669.8458702375565,49.947614536082675
2026-07-05 02:50:00,558.645313033361,37.95822730232045
2026-07-05 02:55:00,575.1090543003633,50.845785755895086
2026-07-05 03:00:00,504.1385762307114,66.26087084771973
2026-07-05 03:05:00,484.7622502728823,54.26392197797973
2026-07-05 03:10:00,345.5090630406885,72.30084140676112
2026-07-05 03:15:00,274.0613742095814,55.297464666749455
2026-07-05 03:20:00 (UTC),,52.80085991986883
2026-07-05 03:25:00,631.2549194340227,48.619715997209696
ERR-2026-07-05 03:30:00,,69.71275592251138
,562.3599527052013,45.354364910437965
2026-07-05 03:40:00,658.371754563954,42.72962760818541
2026-07-05 03:45:00,532.8766851441057,41.182883529607075
2026-07-05 03:50:00,487.73448996923804,72.61925960994017
2026-07-05 03:55:00,418.1475194349935,51.47419006743591
2026-07-05 04:00:00,702.2212562972086,50.84115913834209
2026-07-05 04:05:00,552.6547779153681,55.20453148690346
2026-07-05 04:10:00,405.63982840806693,47.484604312768134
2026-07-05 04:15:00,5789.287132492942,42.3632971555225
ERR-2026-07-05 04:20:00,625.3063726928913,41.88222016922419
2026-07-05 04:25:00,396.2558303591675,41.54396774227429
2026-07-05 04:30:00,685.3834157502221,29.979970761520235
2026-07-05 04:35:00,224.3537202909289,50.58830955306799
2026-07-05 04:40:00,642.2595197789976,34.41260773461058
2026-07-05 04:45:00,548.6894811161965,55.49361769879049
2026-07-05 04:50:00,511.8594423056874,58.36237818973905
2026-07-05 04:55:00,482.4541564958237,43.97397037036816
05/07/2026 05:00:00,,53.36616326079362
2026-07-05 05:05:00,570.7058858401203,57.26655848875714
2026-07-05 05:10:00,409.67963911045484,
2026-07-05 05:15:00,328.10900439711185,46.10131722143403
05/07/2026 05:20:00,517.7297213147308,
2026-07-05 05:25:00,499.8928866462586,
2026-07-05 05:30:00,348.0131962624491,33.3838414750536
2026-07-05 05:35:00 (UTC),494.4606474517664,54.76580628900841
2026-07-05 05:40:00,442.60653669258,17.787439212475768
2026-07-05 05:45:00,500.92900683066944,39.9750990788732
2026-07-05 05:50:00,572.5923611648402,50.119735233961954
2026-07-05 05:55:00,649.2609947464035,39.2198217580558
2026-07-05 06:00:00,,41.39723428478087
,427.8559250169794,
2026-07-05 06:10:00,536.8915128829194,38.80143481993209
2026-07-05 06:15:00 (UTC),506.3107121492024,45.42719143515952
2026-07-05 06:20:00,366.7871045369099,59.287558311261435
2026-07-05 06:25:00 (UTC),,2679.559489860577
2026-07-05 06:30:00,685.6672337917714,74.03862271543497
2026-07-05 06:35:00,503.2426604187004,60.953967559766575
2026-07-05 06:40:00,,61.48671098145644
corrupted_timestamp,503.02686711086193,36.1180298093361
2026-07-05 06:50:00,378.62878010267497,49.019391541572105
05/07/2026 06:55:00,586.3605506886288,47.15770017137287
05/07/2026 07:00:00,552.4864991725128,45.9269991654656
2026-07-05 07:05:00,,44.64214769615904
2026-07-05 07:10:00,466.88357341441787,48.652583309863765
2026-07-05 07:15:00,478.7765698384453,25.980403103091632
2026-07-05 07:20:00,8980.8389859084,40.730502808006634
2026-07-05 07:25:00,422.7764978658458,66.82850479557581
2026-07-05 07:30:00,361.22469189985634,44.64261537269737
2026-07-05 07:35:00,613.8698946694648,43.46243690413882
05/07/2026 07:40:00,461.45990235030416,49.34971706767048
2026-07-05 07:45:00,516.7043104169144,50.319245172489275
2026-07-05 07:50:00,528.5281951167494,27.47589515851237
2026-07-05 07:55:00,532.2020479655214,51.409884316174264
2026-07-05 08:00:00 (UTC),382.6182002901576,55.48195671610509
2026-07-05 08:05:00,332.4159835448152,55.87953778226385
2026-07-05 08:10:00,441.1307475308008,40.61440601500401
05/07/2026 08:15:00,539.5711532416954,65.41249189369665
2026-07-05 08:20:00,427.20501325256873,64.27635111422171
2026-07-05 08:25:00,464.50786463007665,63.39715309096677
2026-07-05 08:30:00,712.7297413749568,57.87814107886226
ERR-2026-07-05 08:35:00,315.45761151954645,46.52094611869878
2026-07-05 08:40:00,424.49660040895014,50.04292782648207
2026-07-05 08:45:00,,64.23704762723557
2026-07-05 08:50:00,495.54013280047764,27.18836162792845
,429.4014834501089,42.69067691404696
,616.8768917011121,54.59107916495123
2026-07-05 09:05:00,505.5230436481111,47.72393243087698
ERR-2026-07-05 09:10:00,465.1691604955994,45.995929157395736
2026-07-05 09:15:00,519.2368927037511,66.2611827129017
2026-07-05 09:20:00,9634.751857311252,58.35515351731143
2026-07-05 09:25:00,398.25089371119213,59.6151142449532
2026-07-05 09:30:00,488.6403072365252,42.27455343926473
,398.9003039923993,44.45013596139264
2026-07-05 09:40:00 (UTC),501.06933117964803,54.00823492704691
,535.4406567474339,54.32864248822394
2026-07-05 09:50:00,585.3060456051611,68.49926827881826
2026-07-05 09:55:00,612.7924985516827,53.710525288297326
05/07/2026 10:00:00,459.4263498367748,66.58925817542364
2026-07-05 10:05:00,549.9414607939069,
2026-07-05 10:10:00,549.2523446206357,47.708752036954934
2026-07-05 10:15:00,,42.22558759719132
ERR-2026-07-05 10:20:00,452.05405890495416,58.038923344704294
corrupted_timestamp,397.1932187535889,46.32304627330807
,550.200188906656,48.864944728575246
2026-07-05 10:35:00,329.313743780695,41.74918996601054
2026-07-05 10:40:00,473.2160567431689,50.037651929210945
2026-07-05 10:45:00,244.63689843514018,55.936430625864055
2026-07-05 10:50:00,5297.187987902266,45.953705328794776
2026-07-05 10:55:00,412.2866061552576,42.874060187780834
2026-07-05 11:00:00,609.6724207629284,50.669118668314624
05/07/2026 11:05:00,,54.67646303811111
2026-07-05 11:10:00,444.6065316157758,49.90366765418458
2026-07-05 11:15:00,572.9369795129751,68.92902457951386
2026-07-05 11:20:00,588.7622963380397,51.0067022126773
2026-07-05 11:25:00,483.93351516252784,55.166866985485676
2026-07-05 11:30:00,361.562185578631,
ERR-2026-07-05 11:35:00,479.20876899338856,53.96542816666907
2026-07-05 11:40:00,490.2107594827864,40.327548257398696
,376.7545609169774,41.73763648739371
2026-07-05 11:50:00,536.7046792929968,38.95444267731686
ERR-2026-07-05 11:55:00,527.9811854302355,36.802835994336235
2026-07-05 12:00:00,544.5042699894186,52.731993117849726
2026-07-05 12:05:00,527.8923097167443,62.40310556162224
2026-07-05 12:10:00,572.9843035114983,57.17962097852427
2026-07-05 12:15:00,482.06719721269684,
2026-07-05 12:20:00,520.1785107370953,39.743708397113124
05/07/2026 12:25:00,460.2259715754468,54.931095397504265
,441.550078437805,55.29463168108859
2026-07-05 12:35:00,633.8249630762076,66.75566373972583
2026-07-05 12:40:00,295.62312984735036,53.37175969217407
2026-07-05 12:45:00,587.6759989154264,67.38689864873393
2026-07-05 12:50:00,437.9459124554339,51.24702896953746
2026-07-05 12:55:00,424.9961822356879,54.47993393179944
2026-07-05 13:00:00,526.1577484065407,61.64884941093778
2026-07-05 13:05:00,351.0390387648997,52.503856145951964
2026-07-05 13:10:00,418.3976928053797,34.85590771499082
2026-07-05 13:15:00,415.0860353487008,40.07171629459755
2026-07-05 13:20:00,477.8601741814905,76.6461232323851
2026-07-05 13:25:00,419.58623118393115,50.99964027664057
2026-07-05 13:30:00 (UTC),660.1118685639269,56.94702350055138
2026-07-05 13:35:00,679.7016516497954,39.34715205492071
2026-07-05 13:40:00,297.8006477251937,53.40139940060337
2026-07-05 13:45:00,554.4322704765736,63.30185425305726
2026-07-05 13:50:00,585.8663439077575,31.316014338609193
2026-07-05 13:55:00,554.2985202391105,52.08928477526152
2026-07-05 14:00:00,434.1886506908305,52.00899856921524
2026-07-05 14:05:00,475.59044378414586,53.23321247042178
2026-07-05 14:10:00,425.1725345222304,71.16807270532587
2026-07-05 14:15:00,457.9735968841171,47.377304330588075
2026-07-05 14:20:00,,45.289914571903665
2026-07-05 14:25:00,488.521117836545,48.25456035451091
2026-07-05 14:30:00,349.719828869493,73.67733106526023
ERR-2026-07-05 14:35:00,479.98654457718624,51.58588039982407
2026-07-05 14:40:00,-375.8096875033335,55.78745218996366
ERR-2026-07-05 14:45:00,520.6816361791404,27.054251857731842
05/07/2026 14:50:00,432.0580439057109,51.12515200635239
2026-07-05 14:55:00,529.0580347874537,48.27214592597592
2026-07-05 15:00:00,608.1580728364781,50.92610623329626
05/07/2026 15:05:00,658.9446936104708,46.78116734407677
2026-07-05 15:10:00,247.19954109795097,37.070415193606834
2026-07-05 15:15:00 (UTC),416.58059061262173,47.27447263457568
2026-07-05 15:20:00,,65.08970559156003
2026-07-05 15:25:00,546.0327818381484,51.238328864568416
2026-07-05 15:30:00,334.96454958454706,
2026-07-05 15:35:00,401.7907593199784,38.25603673560333
2026-07-05 15:40:00,513.035720265711,52.80852316134065
2026-07-05 15:45:00,508.4888241526667,39.38252369939299
2026-07-05 15:50:00,537.7618406420092,52.33784274827355
2026-07-05 15:55:00,544.3675726888116,62.50122435907325
2026-07-05 16:00:00,533.8594433115862,54.72395509516647
2026-07-05 16:05:00,519.3655316631492,40.187107804350205
2026-07-05 16:10:00,505.5739773326368,51.708474524585924
2026-07-05 16:15:00,566.4763089724363,57.421061750501906
,276.0677333435775,42.7360384233324
2026-07-05 16:25:00,654.4333486971234,39.20158676158901
2026-07-05 16:30:00,279.5517949119676,49.10556066817059
2026-07-05 16:35:00,392.0838183095508,65.50308659476165
2026-07-05 16:40:00,477.32392033498553,40.15094508880076
2026-07-05 16:45:00,567.2612891089842,45.63175836879479
ERR-2026-07-05 16:50:00,200.4733109200384,38.09249629083138
2026-07-05 16:55:00,497.1875676058166,42.46687882225643
2026-07-05 17:00:00,579.2395039415735,48.694471970961764
2026-07-05 17:05:00,599.4518116028477,48.523174768785005
2026-07-05 17:10:00,430.2670341502541,22.4720587679083
corrupted_timestamp,469.9164713044968,47.690746825782256
